StartDate,EndDate,Status,IPAddress,Progress,Duration (in seconds),Finished,RecordedDate,ResponseId,RecipientLastName,RecipientFirstName,RecipientEmail,ExternalReference,LocationLatitude,LocationLongitude,DistributionChannel,UserLanguage,consent_q,att1,att2,Q88_First Click,Q88_Last Click,Q88_Page Submit,Q88_Click Count,Q84_First Click,Q84_Last Click,Q84_Page Submit,Q84_Click Count,vA_liable_AV_1,vB_mnfctr_liable_AV_1,vA_cntrfctl_AV_1,vB_cntrfctl_AV_1,avoid_AV_1,Q87_First Click,Q87_Last Click,Q87_Page Submit,Q87_Click Count,Q82_First Click,Q82_Last Click,Q82_Page Submit,Q82_Click Count,vA_liable_1,vB_driver_liable_1,vB_mnfctr_liable_1,vA_cntrfctl_1,vB_cntrfctl_1,avoid_1,comp1,comp_accident,ai_familiarity_1,gender,gender_4_TEXT,age,edu,edu_8_TEXT,FL_4_DO,questions_1_AV_DO,questions_2_AV_DO,questions_1_DO,questions_2_DO
Start Date,End Date,Response Type,IP Address,Progress,Duration (in seconds),Finished,Recorded Date,Response ID,Recipient Last Name,Recipient First Name,Recipient Email,External Data Reference,Location Latitude,Location Longitude,Distribution Channel,User Language,Do you consent,This is an attention check. John is taller than Paul. Who is shorter?,"What color is grass?



The fresh, uncut grass, not leaves or hay. Please make sure to select purple, so that we know you're paying attention.",Timing - First Click,Timing - Last Click,Timing - Page Submit,Timing - Click Count,Timing - First Click,Timing - Last Click,Timing - Page Submit,Timing - Click Count,"Please rate the extent to which you agree with the following statement (0=completely disagree, 100=completely agree):

 
How much do you agree: The driver of Vehicle A is liable for the serious injuries sustained by the occupant of Vehicle B. - 1","Please rate the extent to which you agree with the following statement (0=completely disagree, 100=completely agree):

How much do you agree: The manufacturer of Vehicle B is liable for the serious injuries sustained by the occupant of Vehicle B. - 1","Please rate the extent to which you agree with the following statement (0=completely disagree, 100=completely agree):

How much do you agree: When it comes to thinking about how the injury could have been avoided, it is relevant to consider what Vehicle A could have done differently. - 1","Please rate the extent to which you agree with the following statement (0=completely disagree, 100=completely agree):

How much do you agree: When it comes to thinking about how the injury could have been avoided, it is relevant to consider what Vehicle B could have done differently. - 1","Please rate the extent to which you agree with the following statement (0=completely disagree, 100=completely agree):

How much do you agree: Vehicle B could have done more to avoid the accident. - 1",Timing - First Click,Timing - Last Click,Timing - Page Submit,Timing - Click Count,Timing - First Click,Timing - Last Click,Timing - Page Submit,Timing - Click Count,"Please rate the extent to which you agree with the following statement (0=completely disagree, 100=completely agree):

 
How much do you agree: The driver of Vehicle A is liable for the serious injuries sustained by the occupant of Vehicle B. - 1","Please rate the extent to which you agree with the following statement (0=completely disagree, 100=completely agree):

How much do you agree: The driver of Vehicle B is liable for the serious injuries sustained by the occupant of Vehicle B. - 1","Please rate the extent to which you agree with the following statement (0=completely disagree, 100=completely agree):

How much do you agree: The manufacturer of Vehicle B is liable for the serious injuries sustained by the occupant of Vehicle B. - 1","Please rate the extent to which you agree with the following statement (0=completely disagree, 100=completely agree):

How much do you agree: When it comes to thinking about how the injury could have been avoided, it is relevant to consider what Vehicle A could have done differently. - 1","Please rate the extent to which you agree with the following statement (0=completely disagree, 100=completely agree):

How much do you agree: When it comes to thinking about how the injury could have been avoided, it is relevant to consider what Vehicle B could have done differently. - 1","Please rate the extent to which you agree with the following statement (0=completely disagree, 100=completely agree):

How much do you agree: Vehicle B could have done more to avoid the accident. - 1",Which of the following was true about Vehicle B?,Which of the following was true about the video?,"Before this survey, how familiar were you with autonomous vehicle accident prevention algorithms?",What is your gender? - Selected Choice,What is your gender? - Other (please specify) - Text,What is your age (in years)?,What is the highest level of education you have completed? - Selected Choice,What is the highest level of education you have completed? - Other (please specify) - Text,FL_4 - Block Randomizer - Display Order,questions_1_AV - Display Order,questions_2_AV - Display Order,questions_1 - Display Order,questions_2 - Display Order
"{""ImportId"":""startDate"",""timeZone"":""America/Denver""}","{""ImportId"":""endDate"",""timeZone"":""America/Denver""}","{""ImportId"":""status""}","{""ImportId"":""ipAddress""}","{""ImportId"":""progress""}","{""ImportId"":""duration""}","{""ImportId"":""finished""}","{""ImportId"":""recordedDate"",""timeZone"":""America/Denver""}","{""ImportId"":""_recordId""}","{""ImportId"":""recipientLastName""}","{""ImportId"":""recipientFirstName""}","{""ImportId"":""recipientEmail""}","{""ImportId"":""externalDataReference""}","{""ImportId"":""locationLatitude""}","{""ImportId"":""locationLongitude""}","{""ImportId"":""distributionChannel""}","{""ImportId"":""userLanguage""}","{""ImportId"":""QID60""}","{""ImportId"":""QID30""}","{""ImportId"":""QID31""}","{""ImportId"":""QID106_FIRST_CLICK""}","{""ImportId"":""QID106_LAST_CLICK""}","{""ImportId"":""QID106_PAGE_SUBMIT""}","{""ImportId"":""QID106_CLICK_COUNT""}","{""ImportId"":""QID102_FIRST_CLICK""}","{""ImportId"":""QID102_LAST_CLICK""}","{""ImportId"":""QID102_PAGE_SUBMIT""}","{""ImportId"":""QID102_CLICK_COUNT""}","{""ImportId"":""QID138_1""}","{""ImportId"":""QID137_1""}","{""ImportId"":""QID125_1""}","{""ImportId"":""QID142_1""}","{""ImportId"":""QID126_1""}","{""ImportId"":""QID105_FIRST_CLICK""}","{""ImportId"":""QID105_LAST_CLICK""}","{""ImportId"":""QID105_PAGE_SUBMIT""}","{""ImportId"":""QID105_CLICK_COUNT""}","{""ImportId"":""QID100_FIRST_CLICK""}","{""ImportId"":""QID100_LAST_CLICK""}","{""ImportId"":""QID100_PAGE_SUBMIT""}","{""ImportId"":""QID100_CLICK_COUNT""}","{""ImportId"":""QID139_1""}","{""ImportId"":""QID140_1""}","{""ImportId"":""QID141_1""}","{""ImportId"":""QID112_1""}","{""ImportId"":""QID144_1""}","{""ImportId"":""QID113_1""}","{""ImportId"":""QID111""}","{""ImportId"":""QID96""}","{""ImportId"":""QID59_1""}","{""ImportId"":""QID12""}","{""ImportId"":""QID12_4_TEXT""}","{""ImportId"":""QID14_TEXT""}","{""ImportId"":""QID15""}","{""ImportId"":""QID15_8_TEXT""}","{""ImportId"":""FL_4_DO""}","{""ImportId"":""BL_9v5jJo3sYsvnnW6_DO""}","{""ImportId"":""BL_43jZUoIM0dGNdPw_DO""}","{""ImportId"":""BL_9GfzF27Xb7bM06i_DO""}","{""ImportId"":""BL_7O2TnwoTMaIzhJ4_DO""}"
2023-03-31 09:59:37,2023-03-31 09:59:37,2,,100,0,1,2023-03-31 09:59:37,R_9LvD1EbLG6OVd66,,,,,,,test,,2,,,,,,,,,,,,,,,,,,,,,,,,,,,,,,,,,,,,,,,,,,
2023-03-31 09:59:37,2023-03-31 09:59:37,2,,100,0,1,2023-03-31 09:59:37,R_3Ff2kknC2of3Kho,,,,,,,test,,1,2,2,,,,,,,,,,,,,,0.2,4.72,7.32,12,2.46,7.2,9.95,15,74,58,70,23,43,13,3,1,49,3,,"Quam temporibus lectus diam pede! Lectus leo wisi ut blandit malesuada dui tortor, ab.",7,,FL_40,,,Q90|vB_driver_liable|vA_liable|vB_mnfctr_liable,Q71|vA_cntrfctl|vB_cntrfctl|avoid
2023-03-31 09:59:37,2023-03-31 09:59:37,2,,100,0,1,2023-03-31 09:59:37,R_3WPvr6sMpxGVOmO,,,,,,,test,,2,,,,,,,,,,,,,,,,,,,,,,,,,,,,,,,,,,,,,,,,,,
2023-03-31 09:59:38,2023-03-31 09:59:38,2,,100,0,1,2023-03-31 09:59:38,R_8wPIQxrZcApGAqG,,,,,,,test,,2,,,,,,,,,,,,,,,,,,,,,,,,,,,,,,,,,,,,,,,,,,
2023-03-31 09:59:38,2023-03-31 09:59:38,2,,100,0,1,2023-03-31 09:59:38,R_1Bx5vYd2j0WSg5w,,,,,,,test,,1,1,2,,,,,,,,,,,,,,,,,,,,,,,,,,,,,,,,,,,,,,,,
2023-03-31 09:59:38,2023-03-31 09:59:38,2,,100,0,1,2023-03-31 09:59:38,R_daPMoGyFqFChTjo,,,,,,,test,,2,,,,,,,,,,,,,,,,,,,,,,,,,,,,,,,,,,,,,,,,,,
2023-03-31 09:59:39,2023-03-31 09:59:39,2,,100,0,1,2023-03-31 09:59:39,R_cGeyUUSsFz32lZI,,,,,,,test,,1,2,2,9.74,9.95,9.82,26,5.02,6.29,6.04,10,65,63,60,78,45,,,,,,,,,,,,,,,1,2,19,4,Natoque ligula gravida suspendisse mattis tortor aenean dolorem accusamus gravida est ac. Curabitur. Malesuada.,Tempus suspendisse vel. Neque nonummy faucibus integer tortor culpa dictumst pretium. Purus neque! Ut.,7,,FL_39,Q116|vA_liable_AV|vB_mnfctr_liable_AV,Q122|vA_cntrfctl_AV|vB_cntrfctl_AV|avoid_AV,,
2023-03-31 09:59:39,2023-03-31 09:59:39,2,,100,0,1,2023-03-31 09:59:39,R_5cBUXmm47HcYkrI,,,,,,,test,,2,,,,,,,,,,,,,,,,,,,,,,,,,,,,,,,,,,,,,,,,,,
2023-03-31 09:59:39,2023-03-31 09:59:39,2,,100,0,1,2023-03-31 09:59:39,R_0HXVI73hAwkxglU,,,,,,,test,,1,3,2,,,,,,,,,,,,,,,,,,,,,,,,,,,,,,,,,,,,,,,,
2023-03-31 09:59:40,2023-03-31 09:59:40,2,,100,0,1,2023-03-31 09:59:40,R_1zXutaXRIx69cvs,,,,,,,test,,1,2,2,,,,,,,,,,,,,,0.1,3.34,1.79,14,7.45,9.58,9.7,22,38,59,65,31,73,36,3,2,51,1,,Nonummy fringilla? Porttitor non convallis velit elementum viverra. Maecenas? Vestibulum? Porttitor amet. Morbi.,1,,FL_40,,,Q90|vB_mnfctr_liable|vB_driver_liable|vA_liable,Q71|vB_cntrfctl|vA_cntrfctl|avoid
2023-03-31 09:59:40,2023-03-31 09:59:40,2,,100,0,1,2023-03-31 09:59:40,R_8J2OU6RWw9rz0Eu,,,,,,,test,,2,,,,,,,,,,,,,,,,,,,,,,,,,,,,,,,,,,,,,,,,,,
2023-03-31 09:59:40,2023-03-31 09:59:40,2,,100,0,1,2023-03-31 09:59:41,R_4IXoDlvID6ba5jU,,,,,,,test,,1,1,2,,,,,,,,,,,,,,,,,,,,,,,,,,,,,,,,,,,,,,,,
2023-03-31 09:59:41,2023-03-31 09:59:41,2,,100,0,1,2023-03-31 09:59:41,R_6kWBhME5XTVoGea,,,,,,,test,,1,4,1,,,,,,,,,,,,,,,,,,,,,,,,,,,,,,,,,,,,,,,,
2023-03-31 09:59:41,2023-03-31 09:59:41,2,,100,0,1,2023-03-31 09:59:41,R_0J7elmjDTumrujI,,,,,,,test,,1,1,1,,,,,,,,,,,,,,,,,,,,,,,,,,,,,,,,,,,,,,,,
2023-03-31 09:59:41,2023-03-31 09:59:41,2,,100,0,1,2023-03-31 09:59:41,R_cIJXKB5HEktPnIa,,,,,,,test,,2,,,,,,,,,,,,,,,,,,,,,,,,,,,,,,,,,,,,,,,,,,
2023-03-31 09:59:42,2023-03-31 09:59:42,2,,100,0,1,2023-03-31 09:59:42,R_ebW46R2gZlW8Enk,,,,,,,test,,1,4,1,,,,,,,,,,,,,,,,,,,,,,,,,,,,,,,,,,,,,,,,
2023-03-31 09:59:42,2023-03-31 09:59:42,2,,100,0,1,2023-03-31 09:59:42,R_8laWXSlhtsuw9Fk,,,,,,,test,,2,,,,,,,,,,,,,,,,,,,,,,,,,,,,,,,,,,,,,,,,,,
2023-03-31 09:59:42,2023-03-31 09:59:42,2,,100,0,1,2023-03-31 09:59:42,R_81eh1bpZfL8XKmO,,,,,,,test,,2,,,,,,,,,,,,,,,,,,,,,,,,,,,,,,,,,,,,,,,,,,
2023-03-31 09:59:42,2023-03-31 09:59:42,2,,100,0,1,2023-03-31 09:59:42,R_byd1RE7SwXKrKwC,,,,,,,test,,2,,,,,,,,,,,,,,,,,,,,,,,,,,,,,,,,,,,,,,,,,,
2023-03-31 09:59:43,2023-03-31 09:59:43,2,,100,0,1,2023-03-31 09:59:43,R_5dpzxghfektPVb0,,,,,,,test,,2,,,,,,,,,,,,,,,,,,,,,,,,,,,,,,,,,,,,,,,,,,
2023-03-31 09:59:43,2023-03-31 09:59:43,2,,100,0,1,2023-03-31 09:59:43,R_ehXkYi94npA6qWy,,,,,,,test,,2,,,,,,,,,,,,,,,,,,,,,,,,,,,,,,,,,,,,,,,,,,
2023-03-31 09:59:43,2023-03-31 09:59:43,2,,100,0,1,2023-03-31 09:59:43,R_e8pYOtXVTkAF22a,,,,,,,test,,2,,,,,,,,,,,,,,,,,,,,,,,,,,,,,,,,,,,,,,,,,,
2023-03-31 09:59:43,2023-03-31 09:59:44,2,,100,1,1,2023-03-31 09:59:44,R_1TWXSE66ZFVIqPQ,,,,,,,test,,1,4,2,,,,,,,,,,,,,,,,,,,,,,,,,,,,,,,,,,,,,,,,
2023-03-31 09:59:44,2023-03-31 09:59:44,2,,100,0,1,2023-03-31 09:59:44,R_0P4k4AgiLcmztOK,,,,,,,test,,1,2,1,,,,,,,,,,,,,,,,,,,,,,,,,,,,,,,,,,,,,,,,
2023-03-31 09:59:44,2023-03-31 09:59:44,2,,100,0,1,2023-03-31 09:59:44,R_9QZwnsbcckvyOJU,,,,,,,test,,2,,,,,,,,,,,,,,,,,,,,,,,,,,,,,,,,,,,,,,,,,,
2023-03-31 09:59:44,2023-03-31 09:59:44,2,,100,0,1,2023-03-31 09:59:44,R_bde08ylWJjViXae,,,,,,,test,,1,2,1,,,,,,,,,,,,,,,,,,,,,,,,,,,,,,,,,,,,,,,,
2023-03-31 09:59:45,2023-03-31 09:59:45,2,,100,0,1,2023-03-31 09:59:45,R_3x6dfjGmjO2OjRk,,,,,,,test,,1,4,2,,,,,,,,,,,,,,,,,,,,,,,,,,,,,,,,,,,,,,,,
2023-03-31 09:59:45,2023-03-31 09:59:45,2,,100,0,1,2023-03-31 09:59:45,R_6nEXmN5daA5IOW2,,,,,,,test,,1,1,2,,,,,,,,,,,,,,,,,,,,,,,,,,,,,,,,,,,,,,,,
2023-03-31 09:59:45,2023-03-31 09:59:45,2,,100,0,1,2023-03-31 09:59:45,R_bxvMd1w3FFBAt02,,,,,,,test,,2,,,,,,,,,,,,,,,,,,,,,,,,,,,,,,,,,,,,,,,,,,
2023-03-31 09:59:45,2023-03-31 09:59:46,2,,100,1,1,2023-03-31 09:59:46,R_6Eh1Vvm76G7tpvo,,,,,,,test,,1,2,2,,,,,,,,,,,,,,7.31,8.4,9.28,11,2.81,9.45,3.85,33,89,4,57,76,31,32,3,2,98,1,,"Scelerisque aliquet aliquet dui sem! Tempora consectetuer! Massa ridiculus, auctor ligula natoque malesuada.",1,,FL_40,,,Q90|vB_mnfctr_liable|vB_driver_liable|vA_liable,Q71|vA_cntrfctl|vB_cntrfctl|avoid
2023-03-31 09:59:46,2023-03-31 09:59:46,2,,100,0,1,2023-03-31 09:59:46,R_aVs2wVFvNFkR4kC,,,,,,,test,,2,,,,,,,,,,,,,,,,,,,,,,,,,,,,,,,,,,,,,,,,,,
2023-03-31 09:59:46,2023-03-31 09:59:46,2,,100,0,1,2023-03-31 09:59:47,R_9SHazYxr2X9jzts,,,,,,,test,,1,4,1,,,,,,,,,,,,,,,,,,,,,,,,,,,,,,,,,,,,,,,,
2023-03-31 09:59:47,2023-03-31 09:59:47,2,,100,0,1,2023-03-31 09:59:47,R_9NX3dOtTImu12nk,,,,,,,test,,1,2,2,9.5,9.97,9.76,15,8.13,8.39,9.04,10,64,46,99,96,54,,,,,,,,,,,,,,,1,1,69,4,Nibh tempor iaculis et? Mattis felis mauris sodales porttitor dui fusce.,"Cursus porta venenatis neque et donec. Aliquet cras, suspendisse massa sollicitudin lectus.",3,,FL_39,Q116|vA_liable_AV|vB_mnfctr_liable_AV,Q122|vB_cntrfctl_AV|vA_cntrfctl_AV|avoid_AV,,
2023-03-31 09:59:47,2023-03-31 09:59:47,2,,100,0,1,2023-03-31 09:59:47,R_eeYat7ccrxa6LLo,,,,,,,test,,1,2,1,,,,,,,,,,,,,,,,,,,,,,,,,,,,,,,,,,,,,,,,
2023-03-31 09:59:47,2023-03-31 09:59:47,2,,100,0,1,2023-03-31 09:59:48,R_9md3O70hKDPX7b8,,,,,,,test,,1,1,1,,,,,,,,,,,,,,,,,,,,,,,,,,,,,,,,,,,,,,,,
2023-03-31 09:59:48,2023-03-31 09:59:48,2,,100,0,1,2023-03-31 09:59:48,R_37YbAJvHhQMDb4q,,,,,,,test,,1,3,2,,,,,,,,,,,,,,,,,,,,,,,,,,,,,,,,,,,,,,,,
2023-03-31 09:59:48,2023-03-31 09:59:48,2,,100,0,1,2023-03-31 09:59:48,R_cPbUp0PsTpULT7g,,,,,,,test,,2,,,,,,,,,,,,,,,,,,,,,,,,,,,,,,,,,,,,,,,,,,
2023-03-31 09:59:48,2023-03-31 09:59:48,2,,100,0,1,2023-03-31 09:59:48,R_3JiF8AOBULI9tUG,,,,,,,test,,2,,,,,,,,,,,,,,,,,,,,,,,,,,,,,,,,,,,,,,,,,,
2023-03-31 09:59:49,2023-03-31 09:59:49,2,,100,0,1,2023-03-31 09:59:49,R_2agYXwLwHFcVkuq,,,,,,,test,,2,,,,,,,,,,,,,,,,,,,,,,,,,,,,,,,,,,,,,,,,,,
2023-03-31 09:59:49,2023-03-31 09:59:49,2,,100,0,1,2023-03-31 09:59:49,R_1XDw7RxgNpI7Sw6,,,,,,,test,,2,,,,,,,,,,,,,,,,,,,,,,,,,,,,,,,,,,,,,,,,,,
2023-03-31 09:59:49,2023-03-31 09:59:49,2,,100,0,1,2023-03-31 09:59:49,R_0I1SFiKMuq1YESy,,,,,,,test,,1,3,1,,,,,,,,,,,,,,,,,,,,,,,,,,,,,,,,,,,,,,,,
2023-03-31 09:59:49,2023-03-31 09:59:49,2,,100,0,1,2023-03-31 09:59:50,R_6qTSsmITo7ZOyVg,,,,,,,test,,1,3,2,,,,,,,,,,,,,,,,,,,,,,,,,,,,,,,,,,,,,,,,
2023-03-31 09:59:50,2023-03-31 09:59:50,2,,100,0,1,2023-03-31 09:59:50,R_6gQoKkXYab9gAey,,,,,,,test,,1,1,1,,,,,,,,,,,,,,,,,,,,,,,,,,,,,,,,,,,,,,,,
2023-03-31 09:59:50,2023-03-31 09:59:50,2,,100,0,1,2023-03-31 09:59:50,R_9mn3bAcMVhmr9D8,,,,,,,test,,1,4,2,,,,,,,,,,,,,,,,,,,,,,,,,,,,,,,,,,,,,,,,
2023-03-31 09:59:50,2023-03-31 09:59:50,2,,100,0,1,2023-03-31 09:59:50,R_5C4c1IjABf5Wj0q,,,,,,,test,,1,3,1,,,,,,,,,,,,,,,,,,,,,,,,,,,,,,,,,,,,,,,,
2023-03-31 09:59:51,2023-03-31 09:59:51,2,,100,0,1,2023-03-31 09:59:51,R_3Ko0A9KH65JMVnw,,,,,,,test,,2,,,,,,,,,,,,,,,,,,,,,,,,,,,,,,,,,,,,,,,,,,
2023-03-31 09:59:51,2023-03-31 09:59:51,2,,100,0,1,2023-03-31 09:59:51,R_cD69pv6Q3XfE2lo,,,,,,,test,,2,,,,,,,,,,,,,,,,,,,,,,,,,,,,,,,,,,,,,,,,,,
2023-03-31 09:59:51,2023-03-31 09:59:51,2,,100,0,1,2023-03-31 09:59:51,R_9ESCcvog60YSez4,,,,,,,test,,1,4,2,,,,,,,,,,,,,,,,,,,,,,,,,,,,,,,,,,,,,,,,
2023-03-31 09:59:51,2023-03-31 09:59:51,2,,100,0,1,2023-03-31 09:59:51,R_eG6Tk9ILsOEwZDw,,,,,,,test,,2,,,,,,,,,,,,,,,,,,,,,,,,,,,,,,,,,,,,,,,,,,
2023-03-31 09:59:52,2023-03-31 09:59:52,2,,100,0,1,2023-03-31 09:59:52,R_06B4fJKr67eZ1Wu,,,,,,,test,,2,,,,,,,,,,,,,,,,,,,,,,,,,,,,,,,,,,,,,,,,,,
2023-03-31 09:59:52,2023-03-31 09:59:52,2,,100,0,1,2023-03-31 09:59:52,R_23qk9B6wOyFMjMa,,,,,,,test,,1,1,1,,,,,,,,,,,,,,,,,,,,,,,,,,,,,,,,,,,,,,,,
2023-03-31 09:59:52,2023-03-31 09:59:52,2,,100,0,1,2023-03-31 09:59:52,R_3CAOfIMYWnoyJHo,,,,,,,test,,2,,,,,,,,,,,,,,,,,,,,,,,,,,,,,,,,,,,,,,,,,,
2023-03-31 09:59:53,2023-03-31 09:59:53,2,,100,0,1,2023-03-31 09:59:53,R_bBmwK8Li6AHJuiG,,,,,,,test,,2,,,,,,,,,,,,,,,,,,,,,,,,,,,,,,,,,,,,,,,,,,
2023-03-31 09:59:53,2023-03-31 09:59:53,2,,100,0,1,2023-03-31 09:59:53,R_85FqkVRc7AQYsWG,,,,,,,test,,2,,,,,,,,,,,,,,,,,,,,,,,,,,,,,,,,,,,,,,,,,,
2023-03-31 09:59:53,2023-03-31 09:59:53,2,,100,0,1,2023-03-31 09:59:53,R_bqlHV781VZtghDw,,,,,,,test,,1,4,2,,,,,,,,,,,,,,,,,,,,,,,,,,,,,,,,,,,,,,,,
2023-03-31 09:59:54,2023-03-31 09:59:54,2,,100,0,1,2023-03-31 09:59:54,R_2cmw1X770IVqxVQ,,,,,,,test,,2,,,,,,,,,,,,,,,,,,,,,,,,,,,,,,,,,,,,,,,,,,
2023-03-31 09:59:54,2023-03-31 09:59:54,2,,100,0,1,2023-03-31 09:59:54,R_39mCWxJP0VJCILQ,,,,,,,test,,2,,,,,,,,,,,,,,,,,,,,,,,,,,,,,,,,,,,,,,,,,,
2023-03-31 09:59:54,2023-03-31 09:59:54,2,,100,0,1,2023-03-31 09:59:54,R_2fb8zgP1HGIu61w,,,,,,,test,,1,2,1,,,,,,,,,,,,,,,,,,,,,,,,,,,,,,,,,,,,,,,,
2023-03-31 09:59:54,2023-03-31 09:59:54,2,,100,0,1,2023-03-31 09:59:54,R_e4cjHVaiFFGnz70,,,,,,,test,,2,,,,,,,,,,,,,,,,,,,,,,,,,,,,,,,,,,,,,,,,,,
2023-03-31 09:59:55,2023-03-31 09:59:55,2,,100,0,1,2023-03-31 09:59:55,R_6o0JJilVJs3yqqO,,,,,,,test,,2,,,,,,,,,,,,,,,,,,,,,,,,,,,,,,,,,,,,,,,,,,
2023-03-31 09:59:55,2023-03-31 09:59:55,2,,100,0,1,2023-03-31 09:59:55,R_eRtpphcBsvOogkK,,,,,,,test,,1,2,1,,,,,,,,,,,,,,,,,,,,,,,,,,,,,,,,,,,,,,,,
2023-03-31 09:59:55,2023-03-31 09:59:55,2,,100,0,1,2023-03-31 09:59:55,R_eS3ThdcLadUnTlI,,,,,,,test,,1,4,2,,,,,,,,,,,,,,,,,,,,,,,,,,,,,,,,,,,,,,,,
2023-03-31 09:59:55,2023-03-31 09:59:56,2,,100,1,1,2023-03-31 09:59:56,R_6AaKTJUlzyvkKWO,,,,,,,test,,1,4,2,,,,,,,,,,,,,,,,,,,,,,,,,,,,,,,,,,,,,,,,
2023-03-31 09:59:56,2023-03-31 09:59:56,2,,100,0,1,2023-03-31 09:59:56,R_bjaF1B9GOLUutDM,,,,,,,test,,2,,,,,,,,,,,,,,,,,,,,,,,,,,,,,,,,,,,,,,,,,,
2023-03-31 09:59:56,2023-03-31 09:59:56,2,,100,0,1,2023-03-31 09:59:56,R_dhiBy7Jfpke1DDw,,,,,,,test,,2,,,,,,,,,,,,,,,,,,,,,,,,,,,,,,,,,,,,,,,,,,
2023-03-31 09:59:56,2023-03-31 09:59:56,2,,100,0,1,2023-03-31 09:59:56,R_9ogk8hoMZLkkSuG,,,,,,,test,,2,,,,,,,,,,,,,,,,,,,,,,,,,,,,,,,,,,,,,,,,,,
2023-03-31 09:59:57,2023-03-31 09:59:57,2,,100,0,1,2023-03-31 09:59:57,R_6PTzydsly66tJ3w,,,,,,,test,,2,,,,,,,,,,,,,,,,,,,,,,,,,,,,,,,,,,,,,,,,,,
2023-03-31 09:59:57,2023-03-31 09:59:57,2,,100,0,1,2023-03-31 09:59:57,R_cT5mr08Vq3fJE6a,,,,,,,test,,1,1,1,,,,,,,,,,,,,,,,,,,,,,,,,,,,,,,,,,,,,,,,
2023-03-31 09:59:57,2023-03-31 09:59:57,2,,100,0,1,2023-03-31 09:59:57,R_3gFnHfBIL0V3Eii,,,,,,,test,,1,4,1,,,,,,,,,,,,,,,,,,,,,,,,,,,,,,,,,,,,,,,,
2023-03-31 09:59:57,2023-03-31 09:59:58,2,,100,1,1,2023-03-31 09:59:58,R_b7toxfzQ0wpdzDw,,,,,,,test,,2,,,,,,,,,,,,,,,,,,,,,,,,,,,,,,,,,,,,,,,,,,
2023-03-31 09:59:58,2023-03-31 09:59:58,2,,100,0,1,2023-03-31 09:59:58,R_eUPYikz8nmO94Xk,,,,,,,test,,2,,,,,,,,,,,,,,,,,,,,,,,,,,,,,,,,,,,,,,,,,,
2023-03-31 09:59:58,2023-03-31 09:59:58,2,,100,0,1,2023-03-31 09:59:58,R_3El2uh8I8esSHGu,,,,,,,test,,2,,,,,,,,,,,,,,,,,,,,,,,,,,,,,,,,,,,,,,,,,,
2023-03-31 09:59:59,2023-03-31 09:59:59,2,,100,0,1,2023-03-31 09:59:59,R_cT6n7pjqfmPeEg6,,,,,,,test,,1,3,1,,,,,,,,,,,,,,,,,,,,,,,,,,,,,,,,,,,,,,,,
2023-03-31 09:59:59,2023-03-31 09:59:59,2,,100,0,1,2023-03-31 09:59:59,R_6yw9KJdckFbSZim,,,,,,,test,,2,,,,,,,,,,,,,,,,,,,,,,,,,,,,,,,,,,,,,,,,,,
2023-03-31 09:59:59,2023-03-31 09:59:59,2,,100,0,1,2023-03-31 09:59:59,R_etXwKvQEFMyhkcS,,,,,,,test,,1,4,2,,,,,,,,,,,,,,,,,,,,,,,,,,,,,,,,,,,,,,,,
2023-03-31 09:59:59,2023-03-31 09:59:59,2,,100,0,1,2023-03-31 10:00:00,R_1UqODrjjPOSW0js,,,,,,,test,,2,,,,,,,,,,,,,,,,,,,,,,,,,,,,,,,,,,,,,,,,,,
2023-03-31 10:00:00,2023-03-31 10:00:00,2,,100,0,1,2023-03-31 10:00:00,R_emrRvfM3Bl0dyVU,,,,,,,test,,1,1,1,,,,,,,,,,,,,,,,,,,,,,,,,,,,,,,,,,,,,,,,
2023-03-31 10:00:00,2023-03-31 10:00:00,2,,100,0,1,2023-03-31 10:00:00,R_6SfyxgTs7IQ6t26,,,,,,,test,,1,1,2,,,,,,,,,,,,,,,,,,,,,,,,,,,,,,,,,,,,,,,,
2023-03-31 10:00:00,2023-03-31 10:00:00,2,,100,0,1,2023-03-31 10:00:00,R_8jPMPbUIFVquSUe,,,,,,,test,,1,2,1,,,,,,,,,,,,,,,,,,,,,,,,,,,,,,,,,,,,,,,,
2023-03-31 10:00:01,2023-03-31 10:00:01,2,,100,0,1,2023-03-31 10:00:01,R_9MpSGJWRnFdLHpk,,,,,,,test,,2,,,,,,,,,,,,,,,,,,,,,,,,,,,,,,,,,,,,,,,,,,
2023-03-31 10:00:01,2023-03-31 10:00:01,2,,100,0,1,2023-03-31 10:00:01,R_entUS1iWZgIqU50,,,,,,,test,,2,,,,,,,,,,,,,,,,,,,,,,,,,,,,,,,,,,,,,,,,,,
2023-03-31 10:00:01,2023-03-31 10:00:01,2,,100,0,1,2023-03-31 10:00:02,R_cv8FYJRbNgF5tUq,,,,,,,test,,1,4,1,,,,,,,,,,,,,,,,,,,,,,,,,,,,,,,,,,,,,,,,
2023-03-31 10:00:02,2023-03-31 10:00:02,2,,100,0,1,2023-03-31 10:00:02,R_4TxcqWnoTTv7rOC,,,,,,,test,,2,,,,,,,,,,,,,,,,,,,,,,,,,,,,,,,,,,,,,,,,,,
2023-03-31 10:00:02,2023-03-31 10:00:02,2,,100,0,1,2023-03-31 10:00:02,R_cx0EX94x9TGWj5k,,,,,,,test,,2,,,,,,,,,,,,,,,,,,,,,,,,,,,,,,,,,,,,,,,,,,
2023-03-31 10:00:02,2023-03-31 10:00:03,2,,100,1,1,2023-03-31 10:00:03,R_9KR05tSip7WrSKy,,,,,,,test,,1,1,1,,,,,,,,,,,,,,,,,,,,,,,,,,,,,,,,,,,,,,,,
2023-03-31 10:00:03,2023-03-31 10:00:03,2,,100,0,1,2023-03-31 10:00:03,R_cJc3LvKe9k4u0Oq,,,,,,,test,,2,,,,,,,,,,,,,,,,,,,,,,,,,,,,,,,,,,,,,,,,,,
2023-03-31 10:00:03,2023-03-31 10:00:03,2,,100,0,1,2023-03-31 10:00:03,R_eVcLi3eKdwn4m9M,,,,,,,test,,1,1,2,,,,,,,,,,,,,,,,,,,,,,,,,,,,,,,,,,,,,,,,
2023-03-31 10:00:04,2023-03-31 10:00:04,2,,100,0,1,2023-03-31 10:00:04,R_3RjY4IpenUX8CLs,,,,,,,test,,2,,,,,,,,,,,,,,,,,,,,,,,,,,,,,,,,,,,,,,,,,,
2023-03-31 10:00:04,2023-03-31 10:00:04,2,,100,0,1,2023-03-31 10:00:04,R_eloUuOWc6vovpMq,,,,,,,test,,2,,,,,,,,,,,,,,,,,,,,,,,,,,,,,,,,,,,,,,,,,,
2023-03-31 10:00:04,2023-03-31 10:00:04,2,,100,0,1,2023-03-31 10:00:04,R_ah0NXtv46IOIPMq,,,,,,,test,,1,1,2,,,,,,,,,,,,,,,,,,,,,,,,,,,,,,,,,,,,,,,,
2023-03-31 10:00:05,2023-03-31 10:00:05,2,,100,0,1,2023-03-31 10:00:05,R_4VNVonq6MSE1y06,,,,,,,test,,1,1,1,,,,,,,,,,,,,,,,,,,,,,,,,,,,,,,,,,,,,,,,
2023-03-31 10:00:05,2023-03-31 10:00:05,2,,100,0,1,2023-03-31 10:00:05,R_b2B6LGep4nw2Jcq,,,,,,,test,,1,1,1,,,,,,,,,,,,,,,,,,,,,,,,,,,,,,,,,,,,,,,,
2023-03-31 10:00:06,2023-03-31 10:00:06,2,,100,0,1,2023-03-31 10:00:06,R_1TjF1FRRgrBY4zI,,,,,,,test,,1,1,2,,,,,,,,,,,,,,,,,,,,,,,,,,,,,,,,,,,,,,,,
2023-03-31 10:00:06,2023-03-31 10:00:06,2,,100,0,1,2023-03-31 10:00:06,R_4ISkScnWV2OcGk6,,,,,,,test,,2,,,,,,,,,,,,,,,,,,,,,,,,,,,,,,,,,,,,,,,,,,
2023-03-31 10:00:06,2023-03-31 10:00:06,2,,100,0,1,2023-03-31 10:00:07,R_baekYZemC89w3Oe,,,,,,,test,,2,,,,,,,,,,,,,,,,,,,,,,,,,,,,,,,,,,,,,,,,,,
2023-03-31 10:00:07,2023-03-31 10:00:07,2,,100,0,1,2023-03-31 10:00:07,R_4VoMB66366t2OXQ,,,,,,,test,,1,2,2,,,,,,,,,,,,,,8.86,9.77,9.76,40,1.29,9.38,3.32,10,60,18,82,19,57,61,1,2,6,4,Imperdiet atque cursus egestas imperdiet tincidunt montes magna ridiculus sollicitudin.,Luctus. Pharetra per enim vulputate eu consectetuer euismod turpis laoreet tempus vehicula et elementum.,3,,FL_40,,,Q90|vB_mnfctr_liable|vA_liable|vB_driver_liable,Q71|vB_cntrfctl|vA_cntrfctl|avoid
2023-03-31 10:00:07,2023-03-31 10:00:07,2,,100,0,1,2023-03-31 10:00:07,R_cAxG5vhg978fW86,,,,,,,test,,1,4,1,,,,,,,,,,,,,,,,,,,,,,,,,,,,,,,,,,,,,,,,
2023-03-31 10:00:08,2023-03-31 10:00:08,2,,100,0,1,2023-03-31 10:00:08,R_cJj0wDe2NArEkZ0,,,,,,,test,,1,3,2,,,,,,,,,,,,,,,,,,,,,,,,,,,,,,,,,,,,,,,,
2023-03-31 10:00:08,2023-03-31 10:00:08,2,,100,0,1,2023-03-31 10:00:08,R_8eT0ZlNfJOMW1eK,,,,,,,test,,1,3,1,,,,,,,,,,,,,,,,,,,,,,,,,,,,,,,,,,,,,,,,
2023-03-31 10:00:08,2023-03-31 10:00:08,2,,100,0,1,2023-03-31 10:00:08,R_6yektBAfEuLZ1XM,,,,,,,test,,1,2,2,6,8.74,7.58,40,2.81,8.09,7.59,44,61,55,76,78,81,,,,,,,,,,,,,,,1,1,67,2,,Potenti arcu odio. Ultricies proin fermentum facilisi consectetuer atque. Ultricies.,7,,FL_39,Q116|vA_liable_AV|vB_mnfctr_liable_AV,Q122|vB_cntrfctl_AV|vA_cntrfctl_AV|avoid_AV,,
