StartDate,EndDate,Status,IPAddress,Progress,Duration (in seconds),Finished,RecordedDate,ResponseId,RecipientLastName,RecipientFirstName,RecipientEmail,ExternalReference,LocationLatitude,LocationLongitude,DistributionChannel,UserLanguage,consent_q,att1,att2,Q88_First Click,Q88_Last Click,Q88_Page Submit,Q88_Click Count,Q84_First Click,Q84_Last Click,Q84_Page Submit,Q84_Click Count,vA_liable_AV_1,vB_mnfctr_liable_AV_1,vA_cntrfctl_AV_1,vB_cntrfctl_AV_1,avoid_AV_1,comp_1_AV,comp_2_AV,Q87_First Click,Q87_Last Click,Q87_Page Submit,Q87_Click Count,Q82_First Click,Q82_Last Click,Q82_Page Submit,Q82_Click Count,vA_liable_1,vB_driver_liable_1,vB_mnfctr_liable_1,vA_cntrfctl_1,vB_cntrfctl_1,avoid_1,comp_1_HDV,comp_2_HDV,ai_familiarity_1,insurance_fmlrty_1,mot_insurance_fmlrty_1,prod_liab_fmlrty_1,gender,gender_4_TEXT,age,edu,edu_8_TEXT,superhuman_1,order,questions_1_AV_DO,questions_2_AV_DO,questions_1_DO,questions_2_DO
Start Date,End Date,Response Type,IP Address,Progress,Duration (in seconds),Finished,Recorded Date,Response ID,Recipient Last Name,Recipient First Name,Recipient Email,External Data Reference,Location Latitude,Location Longitude,Distribution Channel,User Language,Do you consent,This is an attention check. John is taller than Paul. Who is shorter?,"What color is grass?



The fresh, uncut grass, not leaves or hay. Please make sure to select purple, so that we know you're paying attention.",Timing - First Click,Timing - Last Click,Timing - Page Submit,Timing - Click Count,Timing - First Click,Timing - Last Click,Timing - Page Submit,Timing - Click Count,"Please rate the extent to which you agree with the following statement (0=completely disagree, 100=completely agree):

 
How much do you agree: The driver of Vehicle A is liable for the serious injuries sustained by the occupant of Vehicle B. - 1","Please rate the extent to which you agree with the following statement (0=completely disagree, 100=completely agree):

How much do you agree: The manufacturer of Vehicle B is liable for the serious injuries sustained by the occupant of Vehicle B. - 1","Please rate the extent to which you agree with the following statement (0=completely disagree, 100=completely agree):

How much do you agree: When it comes to thinking about how the injury could have been avoided, it is relevant to consider what Vehicle A could have done differently. - 1","Please rate the extent to which you agree with the following statement (0=completely disagree, 100=completely agree):

How much do you agree: When it comes to thinking about how the injury could have been avoided, it is relevant to consider what Vehicle B could have done differently. - 1","Please rate the extent to which you agree with the following statement (0=completely disagree, 100=completely agree):

How much do you agree: Vehicle B could have done more to avoid the accident. - 1",Which of the following was true about Vehicle B (the blue vehicle)?,Which of the following was true about the video?,Timing - First Click,Timing - Last Click,Timing - Page Submit,Timing - Click Count,Timing - First Click,Timing - Last Click,Timing - Page Submit,Timing - Click Count,"Please rate the extent to which you agree with the following statement (0=completely disagree, 100=completely agree):

 
How much do you agree: The driver of Vehicle A is liable for the serious injuries sustained by the occupant of Vehicle B. - 1","Please rate the extent to which you agree with the following statement (0=completely disagree, 100=completely agree):

How much do you agree: The driver of Vehicle B is liable for the serious injuries sustained by the occupant of Vehicle B. - 1","Please rate the extent to which you agree with the following statement (0=completely disagree, 100=completely agree):
 

How much do you agree: The manufacturer of Vehicle B is liable for the serious injuries sustained by the occupant of Vehicle B. - 1","Please rate the extent to which you agree with the following statement (0=completely disagree, 100=completely agree):

How much do you agree: When it comes to thinking about how the injury could have been avoided, it is relevant to consider what Vehicle A could have done differently. - 1","Please rate the extent to which you agree with the following statement (0=completely disagree, 100=completely agree):

How much do you agree: When it comes to thinking about how the injury could have been avoided, it is relevant to consider what Vehicle B could have done differently. - 1","Please rate the extent to which you agree with the following statement (0=completely disagree, 100=completely agree)

How much do you agree: Vehicle B should have been able to avoid this accident. - 1",Which of the following was true about Vehicle B (the blue vehicle)?,Which of the following was true about the video?,"Before this survey, how familiar were you with autonomous vehicle accident prevention algorithms?",I am very familiar with how the insurance industry works.,I am very familiar with how the motor insurance industry works.,I am very familiar with how product liability claims work.,What is your gender? - Selected Choice,What is your gender? - Other (please specify) - Text,What is your age (in years)?,What is the highest level of education you have completed? - Selected Choice,What is the highest level of education you have completed? - Other (please specify) - Text,"Please rate the extent to which you agree with the following statement: Autonomous robocars should be more aware, more attentive and more reactive than human drivers. - 1",order,questions_1_AV - Display Order,questions_2_AV - Display Order,questions_1 - Display Order,questions_2 - Display Order
"{""ImportId"":""startDate"",""timeZone"":""America/Denver""}","{""ImportId"":""endDate"",""timeZone"":""America/Denver""}","{""ImportId"":""status""}","{""ImportId"":""ipAddress""}","{""ImportId"":""progress""}","{""ImportId"":""duration""}","{""ImportId"":""finished""}","{""ImportId"":""recordedDate"",""timeZone"":""America/Denver""}","{""ImportId"":""_recordId""}","{""ImportId"":""recipientLastName""}","{""ImportId"":""recipientFirstName""}","{""ImportId"":""recipientEmail""}","{""ImportId"":""externalDataReference""}","{""ImportId"":""locationLatitude""}","{""ImportId"":""locationLongitude""}","{""ImportId"":""distributionChannel""}","{""ImportId"":""userLanguage""}","{""ImportId"":""QID60""}","{""ImportId"":""QID30""}","{""ImportId"":""QID31""}","{""ImportId"":""QID106_FIRST_CLICK""}","{""ImportId"":""QID106_LAST_CLICK""}","{""ImportId"":""QID106_PAGE_SUBMIT""}","{""ImportId"":""QID106_CLICK_COUNT""}","{""ImportId"":""QID102_FIRST_CLICK""}","{""ImportId"":""QID102_LAST_CLICK""}","{""ImportId"":""QID102_PAGE_SUBMIT""}","{""ImportId"":""QID102_CLICK_COUNT""}","{""ImportId"":""QID118_1""}","{""ImportId"":""QID119_1""}","{""ImportId"":""QID124_1""}","{""ImportId"":""QID125_1""}","{""ImportId"":""QID126_1""}","{""ImportId"":""QID132""}","{""ImportId"":""QID133""}","{""ImportId"":""QID105_FIRST_CLICK""}","{""ImportId"":""QID105_LAST_CLICK""}","{""ImportId"":""QID105_PAGE_SUBMIT""}","{""ImportId"":""QID105_CLICK_COUNT""}","{""ImportId"":""QID100_FIRST_CLICK""}","{""ImportId"":""QID100_LAST_CLICK""}","{""ImportId"":""QID100_PAGE_SUBMIT""}","{""ImportId"":""QID100_CLICK_COUNT""}","{""ImportId"":""QID92_1""}","{""ImportId"":""QID107_1""}","{""ImportId"":""QID108_1""}","{""ImportId"":""QID86_1""}","{""ImportId"":""QID142_1""}","{""ImportId"":""QID141_1""}","{""ImportId"":""QID111""}","{""ImportId"":""QID96""}","{""ImportId"":""QID59_1""}","{""ImportId"":""QID137_1""}","{""ImportId"":""QID138_1""}","{""ImportId"":""QID139_1""}","{""ImportId"":""QID12""}","{""ImportId"":""QID12_4_TEXT""}","{""ImportId"":""QID14_TEXT""}","{""ImportId"":""QID15""}","{""ImportId"":""QID15_8_TEXT""}","{""ImportId"":""QID115_1""}","{""ImportId"":""order""}","{""ImportId"":""BL_9v5jJo3sYsvnnW6_DO""}","{""ImportId"":""BL_43jZUoIM0dGNdPw_DO""}","{""ImportId"":""BL_9GfzF27Xb7bM06i_DO""}","{""ImportId"":""BL_7O2TnwoTMaIzhJ4_DO""}"
2023-05-31 21:44:35,2023-05-31 21:48:19,0,216.122.240.29,100,223,1,2023-05-31 21:48:19,R_1kFGZcmDdanBFsw,,,,,36.7314,-88.6501,anonymous,EN,1,2,2,1.185,17.046,17.753,5,2.342,7.678,10.715,6,90,30,95,45,40,1,1,2.143,10.186,10.809,5,2.326,5.454,10.568,6,90,30,10,90,30,35,2,1,30,10,10,10,1,,31,4,,,1,Q116|vB_mnfctr_liable_AV|vA_liable_AV,Q122|vB_cntrfctl_AV|vA_cntrfctl_AV|avoid_AV,Q90|vB_driver_liable|vA_liable|vB_mnfctr_liable,Q71|vA_cntrfctl|vB_cntrfctl|avoid
2023-05-31 21:45:11,2023-05-31 21:50:40,0,73.98.95.116,100,329,1,2023-05-31 21:50:41,R_3p5qTtpFLKAxkw0,,,,,32.2879,-106.7591,anonymous,EN,1,2,2,0,0,11.35,0,0,0,11.073,0,100,0,0,0,0,1,1,0,0,24.419,0,0,0,12.166,0,0,0,0,100,0,0,2,1,50,91,91,91,1,,71,7,,,0,Q116|vA_liable_AV|vB_mnfctr_liable_AV,Q122|vA_cntrfctl_AV|vB_cntrfctl_AV|avoid_AV,Q90|vB_mnfctr_liable|vA_liable|vB_driver_liable,Q71|vB_cntrfctl|vA_cntrfctl|avoid
2023-05-31 21:44:33,2023-05-31 21:51:26,0,71.80.205.190,100,413,1,2023-05-31 21:51:27,R_3Ocg6D3NyCgoixi,,,,,43.2294,-123.2392,anonymous,EN,1,2,2,0,0,33.294,0,0,0,11.4,0,100,0,100,90,0,1,1,0,0,14.709,0,0,0,11.831,0,100,0,0,100,90,0,2,1,10,20,20,20,2,,50,3,,,1,Q116|vA_liable_AV|vB_mnfctr_liable_AV,Q122|vB_cntrfctl_AV|vA_cntrfctl_AV|avoid_AV,Q90|vB_driver_liable|vB_mnfctr_liable|vA_liable,Q71|vA_cntrfctl|vB_cntrfctl|avoid
2023-05-31 21:48:13,2023-05-31 21:52:06,0,73.42.143.20,100,233,1,2023-05-31 21:52:07,R_3rHZBW11V0tTB69,,,,,48.0589,-122.1579,anonymous,EN,1,2,2,0,0,11.649,0,8,8,13.992,1,100,10,100,7,6,1,1,6.15,6.15,14.711,1,0,0,11.578,0,100,0,10,100,0,0,2,1,10,20,27,27,2,,36,4,,,0,Q116|vA_liable_AV|vB_mnfctr_liable_AV,Q122|vA_cntrfctl_AV|vB_cntrfctl_AV|avoid_AV,Q90|vB_mnfctr_liable|vB_driver_liable|vA_liable,Q71|vB_cntrfctl|vA_cntrfctl|avoid
2023-05-31 21:47:14,2023-05-31 21:52:18,0,173.47.218.32,100,304,1,2023-05-31 21:52:18,R_VX96pR81KE36ddD,,,,,37.1461,-94.4753,anonymous,EN,1,2,2,5.95,27.178,27.669,3,3.369,3.369,15.229,1,89,29,95,50,23,1,1,0,0,15.203,0,12.421,12.941,13.446,2,98,19,24,96,50,30,2,1,29,25,16,8,2,,44,4,,,1,Q116|vB_mnfctr_liable_AV|vA_liable_AV,Q122|vA_cntrfctl_AV|vB_cntrfctl_AV|avoid_AV,Q90|vA_liable|vB_driver_liable|vB_mnfctr_liable,Q71|vB_cntrfctl|vA_cntrfctl|avoid
2023-05-31 21:47:13,2023-05-31 21:54:02,0,76.97.137.20,100,409,1,2023-05-31 21:54:03,R_1rcAPP1UBEPb48j,,,,,33.878,-83.8923,anonymous,EN,1,2,2,3.001,12.329,13.401,6,4.277,5.25,11.301,3,94,70,95,5,5,1,1,5.779,25.641,27.188,6,10.883,11.266,12.52,3,95,5,17,94,65,25,2,1,80,20,5,16,2,,45,4,,,0,Q116|vB_mnfctr_liable_AV|vA_liable_AV,Q122|vB_cntrfctl_AV|vA_cntrfctl_AV|avoid_AV,Q90|vB_mnfctr_liable|vA_liable|vB_driver_liable,Q71|vA_cntrfctl|vB_cntrfctl|avoid
2023-05-31 21:49:28,2023-05-31 21:54:16,0,23.93.215.143,100,287,1,2023-05-31 21:54:17,R_3NEOqAnMAa9twah,,,,,37.8043,-122.2156,anonymous,EN,1,2,2,0,0,11.538,0,0,0,10.885,0,100,0,100,10,0,1,1,0,0,12.938,0,0,0,12.366,0,100,0,0,100,10,0,2,1,70,50,50,50,1,,43,1,,,0,Q116|vB_mnfctr_liable_AV|vA_liable_AV,Q122|vA_cntrfctl_AV|vB_cntrfctl_AV|avoid_AV,Q90|vA_liable|vB_driver_liable|vB_mnfctr_liable,Q71|vB_cntrfctl|vA_cntrfctl|avoid
2023-05-31 21:45:28,2023-05-31 21:54:27,0,184.152.78.166,100,539,1,2023-05-31 21:54:28,R_3P6QNzjHBakYtYd,,,,,40.6955,-73.9667,anonymous,EN,1,2,2,65.448,65.448,66.731,1,17.83,17.83,19.495,1,96,9,96,3,7,1,1,40.625,40.625,41.993,1,11.922,11.922,13.001,1,98,5,18,98,3,7,1,1,4,0,0,0,2,,63,4,,,1,Q116|vA_liable_AV|vB_mnfctr_liable_AV,Q122|vB_cntrfctl_AV|vA_cntrfctl_AV|avoid_AV,Q90|vB_driver_liable|vB_mnfctr_liable|vA_liable,Q71|vB_cntrfctl|vA_cntrfctl|avoid
2023-05-31 21:49:18,2023-05-31 21:55:15,0,24.13.23.215,100,357,1,2023-05-31 21:55:16,R_VWjjbHrwIBUT5dv,,,,,39.8616,-88.9355,anonymous,EN,1,2,2,0,0,22.951,0,0,0,12.287,0,96,41,100,53,59,1,1,3.624,3.624,12.101,1,12.304,12.304,13.102,1,100,5,36,100,43,38,2,1,10,46,20,57,2,,34,2,,,1,Q116|vA_liable_AV|vB_mnfctr_liable_AV,Q122|vB_cntrfctl_AV|vA_cntrfctl_AV|avoid_AV,Q90|vB_mnfctr_liable|vB_driver_liable|vA_liable,Q71|vA_cntrfctl|vB_cntrfctl|avoid
2023-05-31 21:52:20,2023-05-31 21:58:02,0,71.88.11.142,100,341,1,2023-05-31 21:58:02,R_3dH579RlPJAdHvG,,,,,36.5686,-82.1819,anonymous,EN,1,2,2,0,0,14.302,0,0,0,13.007,0,99,1,90,51,51,1,1,0,0,21.527,0,0,0,12.313,0,99,0,1,90,49,51,2,1,50,40,40,30,1,,31,4,,,0,Q116|vB_mnfctr_liable_AV|vA_liable_AV,Q122|vB_cntrfctl_AV|vA_cntrfctl_AV|avoid_AV,Q90|vB_driver_liable|vB_mnfctr_liable|vA_liable,Q71|vB_cntrfctl|vA_cntrfctl|avoid
2023-05-31 21:54:34,2023-05-31 21:59:43,0,75.245.2.125,100,308,1,2023-05-31 21:59:44,R_Z33qHDNp6Xi5fYB,,,,,40.6713,-73.8943,anonymous,EN,1,2,2,0,0,26.648,0,0,0,10.86,0,100,0,100,0,0,1,1,0,0,10.909,0,0,0,10.703,0,100,0,0,100,0,0,2,1,20,10,15,0,1,,31,4,,,1,Q116|vA_liable_AV|vB_mnfctr_liable_AV,Q122|vA_cntrfctl_AV|vB_cntrfctl_AV|avoid_AV,Q90|vB_driver_liable|vB_mnfctr_liable|vA_liable,Q71|vA_cntrfctl|vB_cntrfctl|avoid
2023-05-31 21:55:10,2023-05-31 22:00:29,0,65.188.40.241,100,318,1,2023-05-31 22:00:29,R_1M4k2NqPzPEwv7x,,,,,33.9875,-81.0025,anonymous,EN,1,2,2,0,0,12.168,0,0,0,12.546,0,100,0,100,20,20,1,1,0,0,14.753,0,0,0,11.125,0,100,0,0,100,10,8,2,1,60,71,70,70,1,,57,4,,,0,Q116|vA_liable_AV|vB_mnfctr_liable_AV,Q122|vA_cntrfctl_AV|vB_cntrfctl_AV|avoid_AV,Q90|vA_liable|vB_driver_liable|vB_mnfctr_liable,Q71|vA_cntrfctl|vB_cntrfctl|avoid
2023-05-31 21:55:12,2023-05-31 22:02:44,0,96.39.210.86,100,451,1,2023-05-31 22:02:45,R_3j1H2EGB4HBRgRA,,,,,32.3485,-97.3311,anonymous,EN,1,2,2,0,0,32.007,0,0,0,15.873,0,100,0,100,0,0,1,1,0,0,30.998,0,0,0,11.148,0,100,0,0,100,0,0,2,1,70,85,85,70,2,,50,4,,,1,Q116|vA_liable_AV|vB_mnfctr_liable_AV,Q122|vA_cntrfctl_AV|vB_cntrfctl_AV|avoid_AV,Q90|vA_liable|vB_driver_liable|vB_mnfctr_liable,Q71|vA_cntrfctl|vB_cntrfctl|avoid
2023-05-31 21:52:55,2023-05-31 22:05:54,0,96.3.183.198,100,779,1,2023-05-31 22:05:54,R_3lzacrbuXWbjNLP,,,,,46.8045,-100.7865,anonymous,EN,1,2,2,5.375,5.375,28.343,1,16.038,16.038,18.728,1,100,0,100,32,9,1,1,5.429,5.429,12.7,1,2.605,2.605,29.329,1,100,18,14,83,55,27,2,1,65,57,61,29,1,,36,5,,,1,Q116|vB_mnfctr_liable_AV|vA_liable_AV,Q122|vB_cntrfctl_AV|vA_cntrfctl_AV|avoid_AV,Q90|vB_driver_liable|vA_liable|vB_mnfctr_liable,Q71|vB_cntrfctl|vA_cntrfctl|avoid
2023-05-31 22:02:17,2023-05-31 22:07:18,0,172.56.169.223,100,300,1,2023-05-31 22:07:18,R_6Gckgcda9eyNxRf,,,,,38.581,-121.4939,anonymous,EN,1,2,2,1.569,1.569,17.591,1,0,0,11.152,0,100,0,100,78,77,1,1,5.968,24.528,26.579,2,4.13,4.13,11.455,1,100,0,0,100,57,60,2,1,28,58,50,69,2,,38,4,,,0,Q116|vB_mnfctr_liable_AV|vA_liable_AV,Q122|vA_cntrfctl_AV|vB_cntrfctl_AV|avoid_AV,Q90|vB_driver_liable|vA_liable|vB_mnfctr_liable,Q71|vB_cntrfctl|vA_cntrfctl|avoid
2023-05-31 21:48:08,2023-05-31 22:08:31,0,96.245.183.99,100,1222,1,2023-05-31 22:08:32,R_eEDdKHYbgWeNpDj,,,,,39.9544,-75.1657,anonymous,EN,1,2,2,0,0,11.507,0,0,0,10.914,0,100,0,100,20,10,1,1,0,0,10.797,0,0,0,17.362,0,100,0,0,100,10,0,2,1,70,40,40,40,1,,28,4,,,1,Q116|vA_liable_AV|vB_mnfctr_liable_AV,Q122|vB_cntrfctl_AV|vA_cntrfctl_AV|avoid_AV,Q90|vA_liable|vB_mnfctr_liable|vB_driver_liable,Q71|vA_cntrfctl|vB_cntrfctl|avoid
2023-05-31 22:02:39,2023-05-31 22:09:31,0,172.58.108.213,100,411,1,2023-05-31 22:09:31,R_1Led4w1sjDyvJIp,,,,,32.7797,-96.8022,anonymous,EN,1,2,2,4.808,8.204,32.477,3,0,0,11.537,0,100,9,100,16,22,1,1,0,0,11.561,0,13.276,13.276,14.058,1,100,18,1,100,31,37,2,1,78,100,100,92,1,,63,3,,,1,Q116|vB_mnfctr_liable_AV|vA_liable_AV,Q122|vA_cntrfctl_AV|vB_cntrfctl_AV|avoid_AV,Q90|vB_driver_liable|vA_liable|vB_mnfctr_liable,Q71|vB_cntrfctl|vA_cntrfctl|avoid
2023-05-31 21:53:43,2023-05-31 22:12:25,0,67.185.7.242,100,1121,1,2023-05-31 22:12:26,R_2QWZRA5U7a3s3iZ,,,,,47.6987,-117.4397,anonymous,EN,1,2,2,0,0,18.924,0,0,0,11.265,0,100,15,100,81,30,1,1,1.985,4.769,95.722,2,0,0,92.072,0,14,18,11,90,71,40,2,1,84,58,71,63,1,,33,2,,,1,Q116|vB_mnfctr_liable_AV|vA_liable_AV,Q122|vB_cntrfctl_AV|vA_cntrfctl_AV|avoid_AV,Q90|vB_mnfctr_liable|vA_liable|vB_driver_liable,Q71|vA_cntrfctl|vB_cntrfctl|avoid
2023-05-31 22:03:53,2023-05-31 22:14:32,0,67.54.148.142,100,638,1,2023-05-31 22:14:33,R_1j9OWCqWOT7HcPX,,,,,45.9569,-91.2751,anonymous,EN,1,2,2,3.54,14.938,46.935,2,0,0,28.239,0,87,20,100,27,16,1,1,40.608,40.608,42.007,1,0,0,13.281,0,100,0,0,92,43,16,2,1,76,86,85,81,1,,32,3,,,0,Q116|vA_liable_AV|vB_mnfctr_liable_AV,Q122|vA_cntrfctl_AV|vB_cntrfctl_AV|avoid_AV,Q90|vB_driver_liable|vB_mnfctr_liable|vA_liable,Q71|vA_cntrfctl|vB_cntrfctl|avoid
2023-05-31 22:16:12,2023-05-31 22:18:45,0,71.91.144.186,100,153,1,2023-05-31 22:18:46,R_3pooaOYXOn055xF,,,,,30.5178,-92.0878,anonymous,EN,1,2,2,5.087,6.981,11.268,3,0,0,10.487,0,82,16,73,20,29,1,1,5.39,5.39,13.699,1,0,0,10.738,0,93,15,20,92,12,18,2,1,74,81,81,89,1,,26,1,,,0,Q116|vB_mnfctr_liable_AV|vA_liable_AV,Q122|vB_cntrfctl_AV|vA_cntrfctl_AV|avoid_AV,Q90|vA_liable|vB_driver_liable|vB_mnfctr_liable,Q71|vB_cntrfctl|vA_cntrfctl|avoid
2023-05-31 22:15:21,2023-05-31 22:20:05,0,209.6.106.25,100,284,1,2023-05-31 22:20:06,R_Pu3vtyuuU4HMuyt,,,,,42.3364,-71.0326,anonymous,EN,1,2,2,0,0,20.71,0,0,0,12.117,0,100,0,100,39,17,1,1,0,0,11.27,0,0,0,11.063,0,100,8,9,100,23,14,2,1,61,62,62,20,1,,26,5,,,1,Q116|vB_mnfctr_liable_AV|vA_liable_AV,Q122|vA_cntrfctl_AV|vB_cntrfctl_AV|avoid_AV,Q90|vA_liable|vB_mnfctr_liable|vB_driver_liable,Q71|vB_cntrfctl|vA_cntrfctl|avoid
2023-05-31 22:21:12,2023-05-31 22:23:24,0,174.128.180.247,100,131,1,2023-05-31 22:23:24,R_2TTzejobeyOLNdY,,,,,41.8874,-87.6318,anonymous,EN,1,2,2,1.036,10.79,11.083,4,0,0,10.782,0,94,15,90,20,11,1,1,0,0,12.046,0,0,0,11.681,0,91,7,23,92,7,13,2,1,58,65,69,61,1,,26,1,,,1,Q116|vB_mnfctr_liable_AV|vA_liable_AV,Q122|vB_cntrfctl_AV|vA_cntrfctl_AV|avoid_AV,Q90|vA_liable|vB_driver_liable|vB_mnfctr_liable,Q71|vB_cntrfctl|vA_cntrfctl|avoid
2023-05-31 22:17:25,2023-05-31 22:23:40,0,70.189.141.43,100,374,1,2023-05-31 22:23:42,R_cucHpEblGu0myTn,,,,,36.1724,-115.0677,anonymous,EN,1,2,2,0,0,31.285,0,0,0,13.473,0,100,15,100,0,0,1,1,0,0,11.158,0,0,0,12.047,0,100,0,0,100,0,0,2,1,24,90,90,80,1,,29,4,,,1,Q116|vB_mnfctr_liable_AV|vA_liable_AV,Q122|vB_cntrfctl_AV|vA_cntrfctl_AV|avoid_AV,Q90|vB_mnfctr_liable|vA_liable|vB_driver_liable,Q71|vA_cntrfctl|vB_cntrfctl|avoid
2023-05-31 22:19:15,2023-05-31 22:25:17,0,107.127.0.119,100,362,1,2023-05-31 22:25:18,R_12rjTB2ozOWefbG,,,,,29.331,-98.4966,anonymous,EN,1,2,2,1.917,14.297,14.826,2,10.453,10.481,11.423,2,100,39,100,75,51,1,1,0,0,23.353,0,5.273,13.119,15.963,2,100,0,24,100,20,53,2,1,0,54,37,78,2,,57,3,,,0,Q116|vB_mnfctr_liable_AV|vA_liable_AV,Q122|vB_cntrfctl_AV|vA_cntrfctl_AV|avoid_AV,Q90|vB_driver_liable|vB_mnfctr_liable|vA_liable,Q71|vB_cntrfctl|vA_cntrfctl|avoid
2023-05-31 22:22:20,2023-05-31 22:27:01,0,74.81.209.21,100,281,1,2023-05-31 22:27:02,R_3j0xjsZ4BDvP3oI,,,,,40.0181,-83.0117,anonymous,EN,1,2,2,0,0,24.182,0,0,0,11.223,0,100,19,100,5,2,1,1,0,0,13.193,0,0,0,10.93,0,100,5,10,100,5,4,2,1,40,30,31,20,2,,59,4,,,1,Q116|vB_mnfctr_liable_AV|vA_liable_AV,Q122|vA_cntrfctl_AV|vB_cntrfctl_AV|avoid_AV,Q90|vB_driver_liable|vA_liable|vB_mnfctr_liable,Q71|vA_cntrfctl|vB_cntrfctl|avoid
2023-05-31 22:23:33,2023-05-31 22:27:12,0,207.228.41.136,100,218,1,2023-05-31 22:27:12,R_1I4s80TwGhToXmt,,,,,40.7494,-73.9664,anonymous,EN,1,2,2,0,0,15.389,0,0,0,11.555,0,74,66,62,63,70,1,1,0,0,14.66,0,0,0,11.371,0,68,70,67,60,34,59,2,1,71,69,66,66,1,,48,5,,,1,Q116|vA_liable_AV|vB_mnfctr_liable_AV,Q122|vB_cntrfctl_AV|vA_cntrfctl_AV|avoid_AV,Q90|vB_driver_liable|vB_mnfctr_liable|vA_liable,Q71|vB_cntrfctl|vA_cntrfctl|avoid
2023-05-31 22:24:55,2023-05-31 22:30:03,0,172.59.190.110,100,307,1,2023-05-31 22:30:04,R_42w5QjIwM7j2HYd,,,,,41.8486,-87.6288,anonymous,EN,1,2,2,0,0,20.434,0,0,0,11.553,0,92,6,70,90,94,1,1,0,0,12.089,0,0,0,12.174,0,95,16,15,89,22,8,2,1,92,87,87,89,2,,34,3,,,1,Q116|vB_mnfctr_liable_AV|vA_liable_AV,Q122|vA_cntrfctl_AV|vB_cntrfctl_AV|avoid_AV,Q90|vA_liable|vB_driver_liable|vB_mnfctr_liable,Q71|vA_cntrfctl|vB_cntrfctl|avoid
2023-05-31 22:26:02,2023-05-31 22:31:14,0,73.32.51.162,100,311,1,2023-05-31 22:31:14,R_28HG4RyNlvB957G,,,,,29.943,-95.2596,anonymous,EN,1,2,2,0,0,27.487,0,0,0,12.493,0,89,69,89,60,54,1,1,0,0,13.606,0,0,0,14.948,0,93,35,67,92,22,32,2,1,14,0,0,0,2,,34,5,,,1,Q116|vA_liable_AV|vB_mnfctr_liable_AV,Q122|vB_cntrfctl_AV|vA_cntrfctl_AV|avoid_AV,Q90|vB_driver_liable|vB_mnfctr_liable|vA_liable,Q71|vB_cntrfctl|vA_cntrfctl|avoid
2023-05-31 22:24:51,2023-05-31 22:34:03,0,76.143.44.200,100,551,1,2023-05-31 22:34:03,R_1QtKliNe3BNJzqU,,,,,29.7646,-95.3657,anonymous,EN,1,2,2,0,0,16.007,0,0,0,12.499,0,100,3,100,10,10,1,1,0,0,16.261,0,0,0,10.954,0,100,0,0,100,38,30,2,2,0,60,50,30,2,,28,4,,,0,Q116|vB_mnfctr_liable_AV|vA_liable_AV,Q122|vA_cntrfctl_AV|vB_cntrfctl_AV|avoid_AV,Q90|vB_mnfctr_liable|vB_driver_liable|vA_liable,Q71|vB_cntrfctl|vA_cntrfctl|avoid
2023-05-31 22:30:00,2023-05-31 22:38:54,0,50.159.6.38,100,533,1,2023-05-31 22:38:54,R_27jSrcjVIHRSB74,,,,,35.9978,-114.9592,anonymous,EN,1,2,2,11.464,11.464,35.581,1,0,0,33.304,0,100,0,100,0,0,1,1,0,0,20.044,0,0,0,13.703,0,100,0,0,100,75,100,2,1,0,0,0,0,1,,31,4,,,0,Q116|vA_liable_AV|vB_mnfctr_liable_AV,Q122|vA_cntrfctl_AV|vB_cntrfctl_AV|avoid_AV,Q90|vB_mnfctr_liable|vB_driver_liable|vA_liable,Q71|vB_cntrfctl|vA_cntrfctl|avoid
2023-05-31 22:38:09,2023-05-31 22:41:37,0,98.148.98.120,100,207,1,2023-05-31 22:41:37,R_W0rKdLFoTugaZ3z,,,,,33.8838,-118.1261,anonymous,EN,1,2,2,0,0,12.59,0,0,0,10.822,0,100,20,100,0,0,1,1,15.03,15.03,15.443,1,9.377,9.377,11.171,1,100,0,20,100,0,0,2,1,25,70,70,65,4,Non-binary,28,4,,,0,Q116|vA_liable_AV|vB_mnfctr_liable_AV,Q122|vB_cntrfctl_AV|vA_cntrfctl_AV|avoid_AV,Q90|vB_driver_liable|vB_mnfctr_liable|vA_liable,Q71|vA_cntrfctl|vB_cntrfctl|avoid
2023-05-31 22:34:16,2023-05-31 22:44:33,0,174.197.199.18,100,616,1,2023-05-31 22:44:33,R_3jdsrygk4gV7sjQ,,,,,43.1115,-76.1834,anonymous,EN,1,2,2,0,0,42.449,0,0,0,25.365,0,100,0,100,5,5,1,1,0,0,29.354,0,0,0,17.86,0,100,0,0,5,5,100,2,1,75,41,40,30,1,,69,4,,,1,Q116|vB_mnfctr_liable_AV|vA_liable_AV,Q122|vA_cntrfctl_AV|vB_cntrfctl_AV|avoid_AV,Q90|vB_mnfctr_liable|vB_driver_liable|vA_liable,Q71|vB_cntrfctl|vA_cntrfctl|avoid
2023-05-31 22:41:15,2023-05-31 22:46:10,0,73.116.213.71,100,295,1,2023-05-31 22:46:10,R_UWOhsUXvc5fp51D,,,,,38.581,-121.4939,anonymous,EN,1,2,2,0,0,15.994,0,13.578,13.578,14.975,1,100,0,100,0,0,1,1,0,0,18.89,0,0,0,13.842,0,100,0,0,100,0,0,2,1,12,0,0,0,1,,25,1,,,0,Q116|vA_liable_AV|vB_mnfctr_liable_AV,Q122|vB_cntrfctl_AV|vA_cntrfctl_AV|avoid_AV,Q90|vA_liable|vB_mnfctr_liable|vB_driver_liable,Q71|vA_cntrfctl|vB_cntrfctl|avoid
2023-05-31 22:43:25,2023-05-31 22:50:12,0,99.47.243.217,100,406,1,2023-05-31 22:50:12,R_UihJhfMwquHNku5,,,,,33.7372,-117.8232,anonymous,EN,1,2,2,0,0,26.751,0,0,0,12.978,0,100,1,95,57,19,1,1,0,0,25.812,0,0,0,15.278,0,100,0,9,97,72,30,2,1,73,65,69,58,2,,67,4,,,0,Q116|vA_liable_AV|vB_mnfctr_liable_AV,Q122|vA_cntrfctl_AV|vB_cntrfctl_AV|avoid_AV,Q90|vB_driver_liable|vA_liable|vB_mnfctr_liable,Q71|vA_cntrfctl|vB_cntrfctl|avoid
2023-05-31 22:42:29,2023-05-31 22:51:02,0,104.60.61.18,100,512,1,2023-05-31 22:51:02,R_1FfykHgo3JCrNtA,,,,,41.4128,-81.5607,anonymous,EN,1,2,2,3.334,15.365,16.342,3,1.202,11.511,13.065,2,100,10,100,0,10,1,1,27.588,27.588,32.776,1,0,0,14.431,0,100,0,0,100,0,0,2,1,20,20,25,0,2,,40,4,,,0,Q116|vA_liable_AV|vB_mnfctr_liable_AV,Q122|vB_cntrfctl_AV|vA_cntrfctl_AV|avoid_AV,Q90|vB_driver_liable|vB_mnfctr_liable|vA_liable,Q71|vB_cntrfctl|vA_cntrfctl|avoid
2023-05-31 22:44:44,2023-05-31 22:51:24,0,172.59.128.192,100,400,1,2023-05-31 22:51:24,R_338yVwUXrozZ9le,,,,,37.6736,-122.0944,anonymous,EN,1,2,2,0,0,32.491,0,0,0,17.281,0,100,0,100,0,0,1,1,0,0,19.211,0,0,0,11.39,0,100,0,0,100,0,0,2,1,0,50,40,20,2,,50,3,,,0,Q116|vA_liable_AV|vB_mnfctr_liable_AV,Q122|vB_cntrfctl_AV|vA_cntrfctl_AV|avoid_AV,Q90|vB_driver_liable|vA_liable|vB_mnfctr_liable,Q71|vB_cntrfctl|vA_cntrfctl|avoid
2023-05-31 22:42:39,2023-05-31 22:56:25,0,172.59.74.192,100,826,1,2023-05-31 22:56:26,R_27xjue8SIatD53u,,,,,39.1029,-94.5713,anonymous,EN,1,2,2,2.072,8.757,13.436,3,3.127,8.714,10.888,6,100,0,100,0,0,1,1,70.406,75.92,76.783,4,0,0,21.67,0,100,0,0,100,0,0,2,1,12,86,91,94,2,,40,3,,,0,Q116|vA_liable_AV|vB_mnfctr_liable_AV,Q122|vA_cntrfctl_AV|vB_cntrfctl_AV|avoid_AV,Q90|vB_driver_liable|vB_mnfctr_liable|vA_liable,Q71|vA_cntrfctl|vB_cntrfctl|avoid
2023-05-31 22:46:44,2023-05-31 22:57:59,0,24.120.111.196,100,675,1,2023-05-31 22:58:00,R_22zfefzg36nuztO,,,,,29.9495,-90.1204,anonymous,EN,1,2,2,0,0,42.135,0,0,0,17.734,0,100,0,100,0,0,1,1,45.086,45.086,46.312,1,0,0,11.978,0,100,0,0,40,38,47,2,1,0,30,9,37,2,,38,1,,,0,Q116|vB_mnfctr_liable_AV|vA_liable_AV,Q122|vA_cntrfctl_AV|vB_cntrfctl_AV|avoid_AV,Q90|vA_liable|vB_mnfctr_liable|vB_driver_liable,Q71|vA_cntrfctl|vB_cntrfctl|avoid
2023-05-31 22:51:23,2023-05-31 22:59:32,0,35.149.251.132,100,489,1,2023-05-31 22:59:32,R_yZITWNdTGUAmnzr,,,,,42.1763,-72.5771,anonymous,EN,1,2,2,15.373,38.627,39.838,3,17.928,17.928,19.054,1,95,5,100,60,65,1,1,3.678,19.746,20.806,2,11.175,11.175,12.335,1,100,3,3,100,55,65,2,1,0,0,35,40,1,,40,3,,,1,Q116|vB_mnfctr_liable_AV|vA_liable_AV,Q122|vA_cntrfctl_AV|vB_cntrfctl_AV|avoid_AV,Q90|vA_liable|vB_mnfctr_liable|vB_driver_liable,Q71|vB_cntrfctl|vA_cntrfctl|avoid
2023-05-31 23:02:57,2023-05-31 23:08:34,0,172.56.169.16,100,337,1,2023-05-31 23:08:35,R_31F6NHGQ9QUQezz,,,,,38.581,-121.4939,anonymous,EN,1,2,2,0,0,21.721,0,0,0,12.534,0,100,0,100,72,61,1,1,0,0,14.413,0,0,0,12.682,0,100,0,9,100,62,19,1,1,82,82,82,92,2,,68,4,,,1,Q116|vB_mnfctr_liable_AV|vA_liable_AV,Q122|vA_cntrfctl_AV|vB_cntrfctl_AV|avoid_AV,Q90|vA_liable|vB_driver_liable|vB_mnfctr_liable,Q71|vA_cntrfctl|vB_cntrfctl|avoid
2023-05-31 22:54:41,2023-05-31 23:08:35,0,99.125.118.63,100,833,1,2023-05-31 23:08:36,R_8layQeX5WOQbp1T,,,,,35.9492,-87.2963,anonymous,EN,1,2,2,17.328,18.674,58.523,2,0,0,23.524,0,90,40,100,60,50,1,1,29.432,29.432,30.796,1,0,0,23.757,0,100,0,40,100,60,10,2,1,10,10,10,10,2,,69,3,,,1,Q116|vB_mnfctr_liable_AV|vA_liable_AV,Q122|vB_cntrfctl_AV|vA_cntrfctl_AV|avoid_AV,Q90|vA_liable|vB_mnfctr_liable|vB_driver_liable,Q71|vB_cntrfctl|vA_cntrfctl|avoid
2023-05-31 23:10:07,2023-05-31 23:13:33,0,170.212.0.96,100,206,1,2023-05-31 23:13:34,R_2EB0uaOsoybXuwO,,,,,39.952,-75.1814,anonymous,EN,1,2,2,0,0,11.428,0,0,0,11.101,0,100,0,100,0,63,1,1,0,0,15.29,0,0,0,10.929,0,100,0,0,100,66,29,2,1,100,100,100,100,2,,35,4,,,1,Q116|vA_liable_AV|vB_mnfctr_liable_AV,Q122|vA_cntrfctl_AV|vB_cntrfctl_AV|avoid_AV,Q90|vB_mnfctr_liable|vB_driver_liable|vA_liable,Q71|vB_cntrfctl|vA_cntrfctl|avoid
2023-05-31 23:06:03,2023-05-31 23:13:42,0,98.26.54.104,100,458,1,2023-05-31 23:13:42,R_pzo510vmXldlWGB,,,,,36.0229,-78.9464,anonymous,EN,1,2,2,4.455,15.233,16.67,2,6.156,6.156,11.702,1,100,0,100,0,0,1,1,9.845,30.258,32.22,2,0,0,17.472,0,100,0,0,100,0,0,2,1,0,62,67,45,2,,54,4,,,0,Q116|vB_mnfctr_liable_AV|vA_liable_AV,Q122|vA_cntrfctl_AV|vB_cntrfctl_AV|avoid_AV,Q90|vB_mnfctr_liable|vA_liable|vB_driver_liable,Q71|vA_cntrfctl|vB_cntrfctl|avoid
2023-05-31 23:09:47,2023-05-31 23:15:17,0,65.49.58.104,100,330,1,2023-05-31 23:15:18,R_1CymLBpXG6ukugx,,,,,39.5232,-111.5039,anonymous,EN,1,2,2,13.997,16.579,29.347,2,2.944,2.944,11.305,1,100,0,100,1,0,1,1,6.689,29.121,29.854,2,9.434,12.213,13.142,2,100,0,0,100,0,0,2,2,26,15,8,6,2,,40,3,,,0,Q116|vB_mnfctr_liable_AV|vA_liable_AV,Q122|vA_cntrfctl_AV|vB_cntrfctl_AV|avoid_AV,Q90|vA_liable|vB_mnfctr_liable|vB_driver_liable,Q71|vA_cntrfctl|vB_cntrfctl|avoid
2023-05-31 23:08:09,2023-05-31 23:17:12,0,50.1.106.198,100,542,1,2023-05-31 23:17:12,R_2RXhzI4zUa58MIw,,,,,37.7925,-122.4122,anonymous,EN,1,2,2,0,0,57.445,0,0,0,12.464,0,100,3,100,100,2,1,1,0,0,34.811,0,0,0,11.211,0,100,0,0,100,50,5,2,1,0,0,0,0,2,,47,4,,,1,Q116|vB_mnfctr_liable_AV|vA_liable_AV,Q122|vB_cntrfctl_AV|vA_cntrfctl_AV|avoid_AV,Q90|vB_mnfctr_liable|vA_liable|vB_driver_liable,Q71|vA_cntrfctl|vB_cntrfctl|avoid
2023-05-31 23:10:37,2023-05-31 23:17:21,0,172.72.23.138,100,403,1,2023-05-31 23:17:21,R_blRGykXXfewpvdD,,,,,35.2369,-80.8957,anonymous,EN,1,2,2,3.748,18.671,19.762,2,5.974,5.974,11.941,1,92,41,86,71,79,1,1,3.477,3.477,15.603,1,7.939,7.939,11.409,1,87,19,29,59,68,56,2,1,33,40,37,39,1,,43,1,,,1,Q116|vB_mnfctr_liable_AV|vA_liable_AV,Q122|vA_cntrfctl_AV|vB_cntrfctl_AV|avoid_AV,Q90|vB_mnfctr_liable|vA_liable|vB_driver_liable,Q71|vB_cntrfctl|vA_cntrfctl|avoid
2023-05-31 23:10:59,2023-05-31 23:18:44,0,142.196.166.224,100,464,1,2023-05-31 23:18:44,R_3011RS71X0jxnvD,,,,,28.5759,-81.3957,anonymous,EN,1,2,2,0,0,25.64,0,0,0,14.575,0,100,51,100,0,0,1,1,0,0,30.281,0,0,0,16.1,0,100,0,71,100,0,0,2,1,10,36,5,0,2,,36,1,,,0,Q116|vB_mnfctr_liable_AV|vA_liable_AV,Q122|vA_cntrfctl_AV|vB_cntrfctl_AV|avoid_AV,Q90|vA_liable|vB_mnfctr_liable|vB_driver_liable,Q71|vA_cntrfctl|vB_cntrfctl|avoid
2023-05-31 23:18:48,2023-05-31 23:23:24,0,98.149.6.8,100,276,1,2023-05-31 23:23:25,R_2dGQNcBp3lDappi,,,,,33.7518,-117.9932,anonymous,EN,1,2,2,8.889,17.605,18.747,4,8.598,9.646,11.647,2,92,28,100,76,50,1,1,0,0,16.038,0,0,0,16.196,0,100,0,1,100,51,10,2,1,0,18,19,11,1,,34,4,,,1,Q116|vB_mnfctr_liable_AV|vA_liable_AV,Q122|vB_cntrfctl_AV|vA_cntrfctl_AV|avoid_AV,Q90|vB_mnfctr_liable|vB_driver_liable|vA_liable,Q71|vB_cntrfctl|vA_cntrfctl|avoid
2023-05-31 23:22:31,2023-05-31 23:34:34,0,24.6.136.240,100,722,1,2023-05-31 23:34:35,R_1Fkq5IJs4zUJKzV,,,,,37.8333,-121.9209,anonymous,EN,1,2,2,0,0,22.819,0,0,0,10.905,0,100,100,60,96,89,1,1,0,0,15.04,0,0,0,49.942,0,100,37,18,91,61,50,2,1,0,78,69,50,2,,38,4,,,1,Q116|vB_mnfctr_liable_AV|vA_liable_AV,Q122|vA_cntrfctl_AV|vB_cntrfctl_AV|avoid_AV,Q90|vB_mnfctr_liable|vB_driver_liable|vA_liable,Q71|vB_cntrfctl|vA_cntrfctl|avoid
2023-05-31 23:49:15,2023-05-31 23:49:40,0,68.98.104.140,100,24,1,2023-05-31 23:49:41,R_1FnCgeMzdkpUPjo,,,,,33.6096,-112.3253,anonymous,EN,1,2,1,,,,,,,,,,,,,,,,,,,,,,,,,,,,,,,,,,,,,,,,,,1,,,,
2023-06-01 00:06:16,2023-06-01 00:14:11,0,73.162.139.67,100,474,1,2023-06-01 00:14:11,R_QnrSbyOviZoTa93,,,,,37.3083,-121.9643,anonymous,EN,1,2,2,1.129,27.013,32.228,9,8.66,10.109,10.867,3,100,71,100,10,19,1,1,2.012,32.495,33.192,14,5.658,10.743,11.635,3,100,0,0,100,30,0,2,1,0,35,0,0,2,,31,5,,,0,Q116|vA_liable_AV|vB_mnfctr_liable_AV,Q122|vA_cntrfctl_AV|vB_cntrfctl_AV|avoid_AV,Q90|vB_driver_liable|vA_liable|vB_mnfctr_liable,Q71|vB_cntrfctl|vA_cntrfctl|avoid
