StartDate,EndDate,Status,IPAddress,Progress,Duration (in seconds),Finished,RecordedDate,ResponseId,RecipientLastName,RecipientFirstName,RecipientEmail,ExternalReference,LocationLatitude,LocationLongitude,DistributionChannel,UserLanguage,consent_q,att1,att2,Q88_First Click,Q88_Last Click,Q88_Page Submit,Q88_Click Count,Q84_First Click,Q84_Last Click,Q84_Page Submit,Q84_Click Count,vA_sue_AV_1,vB_mf_sue_AV_1,avoid_AV_1,Q149_First Click,Q149_Last Click,Q149_Page Submit,Q149_Click Count,vA_sue_AV_intv_1,vB_mf_sue_AV_intv_1,avoid_AV_intv_1,Q87_First Click,Q87_Last Click,Q87_Page Submit,Q87_Click Count,Q82_First Click,Q82_Last Click,Q82_Page Submit,Q82_Click Count,vA_sue_1,vB_driver_sue_1,vB_mf_sue_1,avoid_1,Q163_First Click,Q163_Last Click,Q163_Page Submit,Q163_Click Count,vA_sue_intv_1,vB_sue_intv_1,vB_mf_sue_intv_1,avoid_intv_1,comp1,comp_accident,ai_familiarity_1,gender,gender_4_TEXT,age,edu,edu_8_TEXT,Q151_First Click,Q151_Last Click,Q151_Page Submit,Q151_Click Count,FL_4_DO,FL_92_DO,FL_98_DO,questions_1_AV_DO,questions_2_AV_DO,questions_1_AV_intv_DO,questions_2_AV_intv_DO,questions_1_DO,questions_2_DO,questions_1_intv_DO,questions_2_intv_DO
Start Date,End Date,Response Type,IP Address,Progress,Duration (in seconds),Finished,Recorded Date,Response ID,Recipient Last Name,Recipient First Name,Recipient Email,External Data Reference,Location Latitude,Location Longitude,Distribution Channel,User Language,Do you consent,This is an attention check. John is taller than Paul. Who is shorter?,"What color is grass?



The fresh, uncut grass, not leaves or hay. Please make sure to select purple, so that we know you're paying attention.",Timing - First Click,Timing - Last Click,Timing - Page Submit,Timing - Click Count,Timing - First Click,Timing - Last Click,Timing - Page Submit,Timing - Click Count,"Vehicle B is a fully autonomous self-driving car.




 

Please rate the extent to which you agree with the following statement (0=completely disagree, 100=completely agree):

 
How much do you agree: It would be reasonable to sue the driver of Vehicle A to cover the costs of the serious injuries sustained by the occupant of Vehicle B. - 1","Vehicle B is a fully autonomous self-driving car.



 

Please rate the extent to which you agree with the following statement (0=completely disagree, 100=completely agree):

 
How much do you agree: It would be reasonable to sue the manufacturer of Vehicle B to cover the costs of the serious injuries sustained by the occupant of Vehicle B. - 1","Vehicle B is a fully autonomous self-driving car.



 
Please rate the extent to which you agree with the following statement (0=completely disagree, 100=completely agree):



How much do you agree: Vehicle B could have avoided the accident. - 1",Timing - First Click,Timing - Last Click,Timing - Page Submit,Timing - Click Count,"Vehicle B is a fully autonomous self-driving car.




 

Please rate the extent to which you agree with the following statement (0=completely disagree, 100=completely agree):

 
How much do you agree: It would be reasonable to sue the driver of Vehicle A to cover the costs of the serious injuries sustained by the occupant of Vehicle B. - 1","Vehicle B is a fully autonomous self-driving car.



 

Please rate the extent to which you agree with the following statement (0=completely disagree, 100=completely agree):

 
How much do you agree: It would be reasonable to sue the manufacturer of Vehicle B to cover the costs of the serious injuries sustained by the occupant of Vehicle B. - 1","Vehicle B is a fully autonomous self-driving car.



 
Please rate the extent to which you agree with the following statement (0=completely disagree, 100=completely agree):



How much do you agree: Vehicle B could have avoided the accident. - 1",Timing - First Click,Timing - Last Click,Timing - Page Submit,Timing - Click Count,Timing - First Click,Timing - Last Click,Timing - Page Submit,Timing - Click Count,"Please rate the extent to which you agree with the following statement (0=completely disagree, 100=completely agree):

 
How much do you agree: It would be reasonable to sue the driver of Vehicle A to cover the costs of the serious injuries sustained by the occupant of Vehicle B. - 1","Please rate the extent to which you agree with the following statement (0=completely disagree, 100=completely agree):

How much do you agree: It would be reasonable to sue the driver of Vehicle B to cover the costs of the serious injuries sustained by the occupant of Vehicle B. - 1","Please rate the extent to which you agree with the following statement (0=completely disagree, 100=completely agree):

How much do you agree: It would be reasonable to sue the manufacturer of Vehicle B to cover the costs of the serious injuries sustained by the occupant of Vehicle B. - 1","Please rate the extent to which you agree with the following statement (0=completely disagree, 100=completely agree):

How much do you agree: Vehicle B could have avoided the accident. - 1",Timing - First Click,Timing - Last Click,Timing - Page Submit,Timing - Click Count,"Please rate the extent to which you agree with the following statement (0=completely disagree, 100=completely agree):

 
How much do you agree: It would be reasonable to sue the driver of Vehicle A to cover the costs of the serious injuries sustained by the occupant of Vehicle B. - 1","Please rate the extent to which you agree with the following statement (0=completely disagree, 100=completely agree):

 
How much do you agree: It would be reasonable to sue the driver of Vehicle B to cover the costs of the serious injuries sustained by the occupant of Vehicle B. - 1","Please rate the extent to which you agree with the following statement (0=completely disagree, 100=completely agree):

 
How much do you agree: It would be reasonable to sue the manufacturer of Vehicle B to cover the costs of the serious injuries sustained by the occupant of Vehicle B. - 1","Please rate the extent to which you agree with the following statement (0=completely disagree, 100=completely agree):



How much do you agree: Vehicle B could have avoided the accident. - 1",Which of the following was true about Vehicle B?,Which of the following was true about the video?,"Before this survey, how familiar were you with autonomous vehicle accident prevention algorithms?",What is your gender? - Selected Choice,What is your gender? - Other (please specify) - Text,What is your age (in years)?,What is the highest level of education you have completed? - Selected Choice,What is the highest level of education you have completed? - Other (please specify) - Text,Timing - First Click,Timing - Last Click,Timing - Page Submit,Timing - Click Count,FL_4 - Block Randomizer - Display Order,FL_92 - Block Randomizer - Display Order,FL_98 - Block Randomizer - Display Order,questions_1_AV - Display Order,questions_2_AV - Display Order,questions_1_AV_intv - Display Order,questions_2_AV_intv - Display Order,questions_1 - Display Order,questions_2 - Display Order,questions_1_intv - Display Order,questions_2_intv - Display Order
"{""ImportId"":""startDate"",""timeZone"":""America/Denver""}","{""ImportId"":""endDate"",""timeZone"":""America/Denver""}","{""ImportId"":""status""}","{""ImportId"":""ipAddress""}","{""ImportId"":""progress""}","{""ImportId"":""duration""}","{""ImportId"":""finished""}","{""ImportId"":""recordedDate"",""timeZone"":""America/Denver""}","{""ImportId"":""_recordId""}","{""ImportId"":""recipientLastName""}","{""ImportId"":""recipientFirstName""}","{""ImportId"":""recipientEmail""}","{""ImportId"":""externalDataReference""}","{""ImportId"":""locationLatitude""}","{""ImportId"":""locationLongitude""}","{""ImportId"":""distributionChannel""}","{""ImportId"":""userLanguage""}","{""ImportId"":""QID60""}","{""ImportId"":""QID30""}","{""ImportId"":""QID31""}","{""ImportId"":""QID106_FIRST_CLICK""}","{""ImportId"":""QID106_LAST_CLICK""}","{""ImportId"":""QID106_PAGE_SUBMIT""}","{""ImportId"":""QID106_CLICK_COUNT""}","{""ImportId"":""QID102_FIRST_CLICK""}","{""ImportId"":""QID102_LAST_CLICK""}","{""ImportId"":""QID102_PAGE_SUBMIT""}","{""ImportId"":""QID102_CLICK_COUNT""}","{""ImportId"":""QID138_1""}","{""ImportId"":""QID137_1""}","{""ImportId"":""QID172_1""}","{""ImportId"":""QID149_FIRST_CLICK""}","{""ImportId"":""QID149_LAST_CLICK""}","{""ImportId"":""QID149_PAGE_SUBMIT""}","{""ImportId"":""QID149_CLICK_COUNT""}","{""ImportId"":""QID156_1""}","{""ImportId"":""QID157_1""}","{""ImportId"":""QID173_1""}","{""ImportId"":""QID105_FIRST_CLICK""}","{""ImportId"":""QID105_LAST_CLICK""}","{""ImportId"":""QID105_PAGE_SUBMIT""}","{""ImportId"":""QID105_CLICK_COUNT""}","{""ImportId"":""QID100_FIRST_CLICK""}","{""ImportId"":""QID100_LAST_CLICK""}","{""ImportId"":""QID100_PAGE_SUBMIT""}","{""ImportId"":""QID100_CLICK_COUNT""}","{""ImportId"":""QID139_1""}","{""ImportId"":""QID140_1""}","{""ImportId"":""QID141_1""}","{""ImportId"":""QID174_1""}","{""ImportId"":""QID163_FIRST_CLICK""}","{""ImportId"":""QID163_LAST_CLICK""}","{""ImportId"":""QID163_PAGE_SUBMIT""}","{""ImportId"":""QID163_CLICK_COUNT""}","{""ImportId"":""QID165_1""}","{""ImportId"":""QID171_1""}","{""ImportId"":""QID166_1""}","{""ImportId"":""QID175_1""}","{""ImportId"":""QID111""}","{""ImportId"":""QID96""}","{""ImportId"":""QID59_1""}","{""ImportId"":""QID12""}","{""ImportId"":""QID12_4_TEXT""}","{""ImportId"":""QID14_TEXT""}","{""ImportId"":""QID15""}","{""ImportId"":""QID15_8_TEXT""}","{""ImportId"":""QID151_FIRST_CLICK""}","{""ImportId"":""QID151_LAST_CLICK""}","{""ImportId"":""QID151_PAGE_SUBMIT""}","{""ImportId"":""QID151_CLICK_COUNT""}","{""ImportId"":""FL_4_DO""}","{""ImportId"":""FL_92_DO""}","{""ImportId"":""FL_98_DO""}","{""ImportId"":""BL_9v5jJo3sYsvnnW6_DO""}","{""ImportId"":""BL_43jZUoIM0dGNdPw_DO""}","{""ImportId"":""BL_3ltGmWeTFlSsIcK_DO""}","{""ImportId"":""BL_8ughXyapElVrMJE_DO""}","{""ImportId"":""BL_9GfzF27Xb7bM06i_DO""}","{""ImportId"":""BL_7O2TnwoTMaIzhJ4_DO""}","{""ImportId"":""BL_54RNZgc2hzd5s5U_DO""}","{""ImportId"":""BL_9z97j07fOvTxuyG_DO""}"
2024-06-03 18:17:17,2024-06-03 18:17:17,2,,100,0,1,2024-06-03 18:17:17,R_25Gm5i5DGFdhVum,,,,,,,test,,2,,,,,,,,,,,,,,,,,,,,,,,,,,,,,,,,,,,,,,,,,,,,,,,,,,,,,,,,,,,,,,,
2024-06-03 18:17:17,2024-06-03 18:17:17,2,,100,0,1,2024-06-03 18:17:18,R_0rcHC9KFQY8Q462,,,,,,,test,,1,3,1,,,,,,,,,,,,,,,,,,,,,,,,,,,,,,,,,,,,,,,,,,,,,,,,,,,,,,,,,,,,,
2024-06-03 18:17:18,2024-06-03 18:17:18,2,,100,0,1,2024-06-03 18:17:18,R_e8qaQRygO9UdoeG,,,,,,,test,,2,,,,,,,,,,,,,,,,,,,,,,,,,,,,,,,,,,,,,,,,,,,,,,,,,,,,,,,,,,,,,,,
2024-06-03 18:17:18,2024-06-03 18:17:18,2,,100,0,1,2024-06-03 18:17:18,R_0OMXTh5RQrY8TVs,,,,,,,test,,2,,,,,,,,,,,,,,,,,,,,,,,,,,,,,,,,,,,,,,,,,,,,,,,,,,,,,,,,,,,,,,,
2024-06-03 18:17:18,2024-06-03 18:17:18,2,,100,0,1,2024-06-03 18:17:18,R_aWfxI65XYI490Ts,,,,,,,test,,1,4,1,,,,,,,,,,,,,,,,,,,,,,,,,,,,,,,,,,,,,,,,,,,,,,,,,,,,,,,,,,,,,
2024-06-03 18:17:18,2024-06-03 18:17:18,2,,100,0,1,2024-06-03 18:17:18,R_di0KBxB6CjxkF4W,,,,,,,test,,2,,,,,,,,,,,,,,,,,,,,,,,,,,,,,,,,,,,,,,,,,,,,,,,,,,,,,,,,,,,,,,,
2024-06-03 18:17:18,2024-06-03 18:17:18,2,,100,0,1,2024-06-03 18:17:19,R_82htNnnEiHFjMmW,,,,,,,test,,2,,,,,,,,,,,,,,,,,,,,,,,,,,,,,,,,,,,,,,,,,,,,,,,,,,,,,,,,,,,,,,,
2024-06-03 18:17:19,2024-06-03 18:17:19,2,,100,0,1,2024-06-03 18:17:19,R_bvCyWsLS4qv4xq6,,,,,,,test,,1,2,2,,,,,,,,,,,,,,,,,,,7.19,8.84,8.71,0,8.93,9.16,9.53,12,,,,,0.38,3.11,6.88,24,64,42,64,74,1,2,44,1,,"Odio amet. Volutpat duis morbi dolor odio, wisi lectus nullam cursus. Lectus. Dignissim est.",5,,,,,,FL_40,,FL_100,,,,,,,Q164|vA_sue_intv|vB_sue_intv|vB_mf_sue_intv,Q167|avoid_intv
2024-06-03 18:17:19,2024-06-03 18:17:19,2,,100,0,1,2024-06-03 18:17:19,R_42XoPD86plTaBp4,,,,,,,test,,1,3,1,,,,,,,,,,,,,,,,,,,,,,,,,,,,,,,,,,,,,,,,,,,,,,,,,,,,,,,,,,,,,
2024-06-03 18:17:19,2024-06-03 18:17:19,2,,100,0,1,2024-06-03 18:17:19,R_89esC0On2VCL7am,,,,,,,test,,2,,,,,,,,,,,,,,,,,,,,,,,,,,,,,,,,,,,,,,,,,,,,,,,,,,,,,,,,,,,,,,,
2024-06-03 18:17:20,2024-06-03 18:17:20,2,,100,0,1,2024-06-03 18:17:20,R_aVvn6vEWKPbpvbU,,,,,,,test,,1,1,1,,,,,,,,,,,,,,,,,,,,,,,,,,,,,,,,,,,,,,,,,,,,,,,,,,,,,,,,,,,,,
2024-06-03 18:17:20,2024-06-03 18:17:20,2,,100,0,1,2024-06-03 18:17:20,R_3NMjFHG4DRWyBO6,,,,,,,test,,2,,,,,,,,,,,,,,,,,,,,,,,,,,,,,,,,,,,,,,,,,,,,,,,,,,,,,,,,,,,,,,,
2024-06-03 18:17:20,2024-06-03 18:17:20,2,,100,0,1,2024-06-03 18:17:20,R_e57vkTt5c3XueKG,,,,,,,test,,1,2,2,5.68,7.37,9.06,6,1.57,2.37,6.18,15,76,56,42,,,,,,,,,,,,,,,,,,,,,,,,,,,,1,2,27,3,,Sed sit auctor viverra ab aliquam id ab. Rutrum natoque ridiculus commodo phasellus fermentum donec.,5,,,,,,FL_39,FL_93,,Q116|vB_mf_sue_AV|vA_sue_AV,Q122|avoid_AV,,,,,,
2024-06-03 18:17:20,2024-06-03 18:17:21,2,,100,1,1,2024-06-03 18:17:21,R_aXnZNZy1mSYPovs,,,,,,,test,,1,2,2,,,,,,,,,,,,,,,,,,,9.89,9.96,9.93,47,9.35,9.5,9.85,29,69,69,29,8,,,,,,,,,1,2,75,4,"Accumsan, phasellus neque cras pellentesque turpis vehicula orci laoreet felis.",Maecenas et cras vulputate rutrum interdum rhoncus eget augue eros et.,4,,,,,,FL_40,,FL_99,,,,,Q90|vB_driver_sue|vB_mf_sue|vA_sue,Q71|avoid,,
2024-06-03 18:17:21,2024-06-03 18:17:21,2,,100,0,1,2024-06-03 18:17:21,R_bD8iQAxPgakBpjg,,,,,,,test,,1,2,2,,,,,,,,,,,,,,,,,,,0.48,7.59,6.24,4,2.8,7.35,3.66,30,,,,,0.48,2.17,3.74,12,67,40,45,66,1,1,9,2,,Praesent faucibus eget rutrum tempora vitae malesuada? Rhoncus metus molestie dictumst. Cursus in lectus.,2,,,,,,FL_40,,FL_100,,,,,,,Q164|vB_sue_intv|vA_sue_intv|vB_mf_sue_intv,Q167|avoid_intv
2024-06-03 18:17:21,2024-06-03 18:17:21,2,,100,0,1,2024-06-03 18:17:21,R_9mBWbo4WIKBSYn4,,,,,,,test,,2,,,,,,,,,,,,,,,,,,,,,,,,,,,,,,,,,,,,,,,,,,,,,,,,,,,,,,,,,,,,,,,
2024-06-03 18:17:21,2024-06-03 18:17:21,2,,100,0,1,2024-06-03 18:17:22,R_aVhYDIO7jjy0xbU,,,,,,,test,,2,,,,,,,,,,,,,,,,,,,,,,,,,,,,,,,,,,,,,,,,,,,,,,,,,,,,,,,,,,,,,,,
2024-06-03 18:17:22,2024-06-03 18:17:22,2,,100,0,1,2024-06-03 18:17:22,R_72QSukRHtfzxF30,,,,,,,test,,1,4,2,,,,,,,,,,,,,,,,,,,,,,,,,,,,,,,,,,,,,,,,,,,,,,,,,,,,,,,,,,,,,
2024-06-03 18:17:22,2024-06-03 18:17:22,2,,100,0,1,2024-06-03 18:17:22,R_cNCWgBv2xoKyULk,,,,,,,test,,2,,,,,,,,,,,,,,,,,,,,,,,,,,,,,,,,,,,,,,,,,,,,,,,,,,,,,,,,,,,,,,,
2024-06-03 18:17:22,2024-06-03 18:17:22,2,,100,0,1,2024-06-03 18:17:22,R_06bBtRMjxGXlBOK,,,,,,,test,,1,1,1,,,,,,,,,,,,,,,,,,,,,,,,,,,,,,,,,,,,,,,,,,,,,,,,,,,,,,,,,,,,,
2024-06-03 18:17:22,2024-06-03 18:17:22,2,,100,0,1,2024-06-03 18:17:22,R_9G22c1REhbVZ8YS,,,,,,,test,,2,,,,,,,,,,,,,,,,,,,,,,,,,,,,,,,,,,,,,,,,,,,,,,,,,,,,,,,,,,,,,,,
2024-06-03 18:17:23,2024-06-03 18:17:23,2,,100,0,1,2024-06-03 18:17:23,R_8J6FRvbW6eupedM,,,,,,,test,,2,,,,,,,,,,,,,,,,,,,,,,,,,,,,,,,,,,,,,,,,,,,,,,,,,,,,,,,,,,,,,,,
2024-06-03 18:17:23,2024-06-03 18:17:23,2,,100,0,1,2024-06-03 18:17:23,R_b2ZYvsJ8vDgV8tE,,,,,,,test,,2,,,,,,,,,,,,,,,,,,,,,,,,,,,,,,,,,,,,,,,,,,,,,,,,,,,,,,,,,,,,,,,
2024-06-03 18:17:23,2024-06-03 18:17:23,2,,100,0,1,2024-06-03 18:17:23,R_8jIqvhOKqs52HD8,,,,,,,test,,2,,,,,,,,,,,,,,,,,,,,,,,,,,,,,,,,,,,,,,,,,,,,,,,,,,,,,,,,,,,,,,,
2024-06-03 18:17:23,2024-06-03 18:17:23,2,,100,0,1,2024-06-03 18:17:24,R_emNion4peRKnzq6,,,,,,,test,,1,2,2,8.96,9.36,9.83,36,0.41,1.64,7.28,0,,,,2.68,3.58,5.68,28,32,92,29,,,,,,,,,,,,,,,,,,,,,2,1,96,4,Primis vel egestas est porttitor pretium sollicitudin vitae tellus volutpat culpa! Id aenean ut.,Rutrum culpa maecenas augue potenti consectetuer viverra dui! Suspendisse natoque.,3,,,,,,FL_39,FL_94,,,,Q155|vA_sue_AV_intv|vB_mf_sue_AV_intv,Q158|avoid_AV_intv,,,,
2024-06-03 18:17:24,2024-06-03 18:17:24,2,,100,0,1,2024-06-03 18:17:24,R_0cfRU9UCTQsFCS2,,,,,,,test,,2,,,,,,,,,,,,,,,,,,,,,,,,,,,,,,,,,,,,,,,,,,,,,,,,,,,,,,,,,,,,,,,
2024-06-03 18:17:24,2024-06-03 18:17:24,2,,100,0,1,2024-06-03 18:17:24,R_6gwUp6KEcy3kAPI,,,,,,,test,,2,,,,,,,,,,,,,,,,,,,,,,,,,,,,,,,,,,,,,,,,,,,,,,,,,,,,,,,,,,,,,,,
2024-06-03 18:17:24,2024-06-03 18:17:24,2,,100,0,1,2024-06-03 18:17:24,R_0vwgVDhYSmBAMfk,,,,,,,test,,2,,,,,,,,,,,,,,,,,,,,,,,,,,,,,,,,,,,,,,,,,,,,,,,,,,,,,,,,,,,,,,,
2024-06-03 18:17:24,2024-06-03 18:17:24,2,,100,0,1,2024-06-03 18:17:24,R_ernyfyo9b5HQmi2,,,,,,,test,,1,1,2,,,,,,,,,,,,,,,,,,,,,,,,,,,,,,,,,,,,,,,,,,,,,,,,,,,,,,,,,,,,,
2024-06-03 18:17:25,2024-06-03 18:17:25,2,,100,0,1,2024-06-03 18:17:25,R_3F8YTOxFPN0ccXI,,,,,,,test,,2,,,,,,,,,,,,,,,,,,,,,,,,,,,,,,,,,,,,,,,,,,,,,,,,,,,,,,,,,,,,,,,
2024-06-03 18:17:25,2024-06-03 18:17:25,2,,100,0,1,2024-06-03 18:17:25,R_emQjEyBLToHIT8a,,,,,,,test,,2,,,,,,,,,,,,,,,,,,,,,,,,,,,,,,,,,,,,,,,,,,,,,,,,,,,,,,,,,,,,,,,
2024-06-03 18:17:25,2024-06-03 18:17:25,2,,100,0,1,2024-06-03 18:17:25,R_ac02EQV1dLtdgIS,,,,,,,test,,1,2,2,,,,,,,,,,,,,,,,,,,3.4,5.38,9.16,49,1.78,4.35,7.56,8,,,,,8.58,8.74,9.38,20,44,50,67,13,2,2,46,4,"Lectus scelerisque tempus, augue gravida ac. Id eget eleifend commodo potenti rutrum nonummy facilisi.","Gravida. Eleifend neque nibh duis non etiam. In. Diam, porta? Eget duis augue.",7,,,,,,FL_40,,FL_100,,,,,,,Q164|vA_sue_intv|vB_mf_sue_intv|vB_sue_intv,Q167|avoid_intv
2024-06-03 18:17:25,2024-06-03 18:17:25,2,,100,0,1,2024-06-03 18:17:26,R_5pOCyxKnRCTICfs,,,,,,,test,,1,4,1,,,,,,,,,,,,,,,,,,,,,,,,,,,,,,,,,,,,,,,,,,,,,,,,,,,,,,,,,,,,,
2024-06-03 18:17:26,2024-06-03 18:17:26,2,,100,0,1,2024-06-03 18:17:26,R_3y2AUZCg9NZSpUO,,,,,,,test,,1,3,2,,,,,,,,,,,,,,,,,,,,,,,,,,,,,,,,,,,,,,,,,,,,,,,,,,,,,,,,,,,,,
2024-06-03 18:17:26,2024-06-03 18:17:26,2,,100,0,1,2024-06-03 18:17:26,R_cNIqTEosj2xdw7c,,,,,,,test,,1,3,2,,,,,,,,,,,,,,,,,,,,,,,,,,,,,,,,,,,,,,,,,,,,,,,,,,,,,,,,,,,,,
2024-06-03 18:17:26,2024-06-03 18:17:26,2,,100,0,1,2024-06-03 18:17:26,R_7UovWl6GMesWj3M,,,,,,,test,,2,,,,,,,,,,,,,,,,,,,,,,,,,,,,,,,,,,,,,,,,,,,,,,,,,,,,,,,,,,,,,,,
2024-06-03 18:17:26,2024-06-03 18:17:26,2,,100,0,1,2024-06-03 18:17:27,R_eL66UN38WRr1liK,,,,,,,test,,1,3,1,,,,,,,,,,,,,,,,,,,,,,,,,,,,,,,,,,,,,,,,,,,,,,,,,,,,,,,,,,,,,
2024-06-03 18:17:27,2024-06-03 18:17:27,2,,100,0,1,2024-06-03 18:17:27,R_cusOe9ya9n6lCUC,,,,,,,test,,1,3,2,,,,,,,,,,,,,,,,,,,,,,,,,,,,,,,,,,,,,,,,,,,,,,,,,,,,,,,,,,,,,
2024-06-03 18:17:27,2024-06-03 18:17:27,2,,100,0,1,2024-06-03 18:17:27,R_8e0RCL7hz3GDJqu,,,,,,,test,,1,4,1,,,,,,,,,,,,,,,,,,,,,,,,,,,,,,,,,,,,,,,,,,,,,,,,,,,,,,,,,,,,,
2024-06-03 18:17:27,2024-06-03 18:17:27,2,,100,0,1,2024-06-03 18:17:27,R_8kaVhyx4542xMIC,,,,,,,test,,2,,,,,,,,,,,,,,,,,,,,,,,,,,,,,,,,,,,,,,,,,,,,,,,,,,,,,,,,,,,,,,,
2024-06-03 18:17:27,2024-06-03 18:17:27,2,,100,0,1,2024-06-03 18:17:27,R_e5IaJvgd13quDnE,,,,,,,test,,1,2,1,,,,,,,,,,,,,,,,,,,,,,,,,,,,,,,,,,,,,,,,,,,,,,,,,,,,,,,,,,,,,
2024-06-03 18:17:27,2024-06-03 18:17:27,2,,100,0,1,2024-06-03 18:17:28,R_57rZiDuiegOAz5A,,,,,,,test,,2,,,,,,,,,,,,,,,,,,,,,,,,,,,,,,,,,,,,,,,,,,,,,,,,,,,,,,,,,,,,,,,
2024-06-03 18:17:28,2024-06-03 18:17:28,2,,100,0,1,2024-06-03 18:17:28,R_1H3QG3DIhrEVuui,,,,,,,test,,2,,,,,,,,,,,,,,,,,,,,,,,,,,,,,,,,,,,,,,,,,,,,,,,,,,,,,,,,,,,,,,,
2024-06-03 18:17:28,2024-06-03 18:17:28,2,,100,0,1,2024-06-03 18:17:28,R_73OXqpIBKHkdQto,,,,,,,test,,1,2,2,5.54,9.02,8.45,4,5.07,5.27,9.93,21,,,,5.27,9.72,9.06,18,22,68,6,,,,,,,,,,,,,,,,,,,,,1,2,84,3,,"Platea. Luctus id culpa sem natoque justo, nullam sem tincidunt convallis integer fringilla.",7,,,,,,FL_39,FL_94,,,,Q155|vB_mf_sue_AV_intv|vA_sue_AV_intv,Q158|avoid_AV_intv,,,,
2024-06-03 18:17:28,2024-06-03 18:17:29,2,,100,1,1,2024-06-03 18:17:29,R_bDauViU0To01rGm,,,,,,,test,,1,4,1,,,,,,,,,,,,,,,,,,,,,,,,,,,,,,,,,,,,,,,,,,,,,,,,,,,,,,,,,,,,,
2024-06-03 18:17:29,2024-06-03 18:17:29,2,,100,0,1,2024-06-03 18:17:29,R_5tkx9vI1UQ2Sfbg,,,,,,,test,,2,,,,,,,,,,,,,,,,,,,,,,,,,,,,,,,,,,,,,,,,,,,,,,,,,,,,,,,,,,,,,,,
2024-06-03 18:17:29,2024-06-03 18:17:29,2,,100,0,1,2024-06-03 18:17:29,R_d424AOIVmRniSSW,,,,,,,test,,1,1,1,,,,,,,,,,,,,,,,,,,,,,,,,,,,,,,,,,,,,,,,,,,,,,,,,,,,,,,,,,,,,
2024-06-03 18:17:29,2024-06-03 18:17:29,2,,100,0,1,2024-06-03 18:17:29,R_1ZBrN1UwoEgUeAS,,,,,,,test,,2,,,,,,,,,,,,,,,,,,,,,,,,,,,,,,,,,,,,,,,,,,,,,,,,,,,,,,,,,,,,,,,
2024-06-03 18:17:29,2024-06-03 18:17:29,2,,100,0,1,2024-06-03 18:17:30,R_eRMqntX4c8sn5u6,,,,,,,test,,2,,,,,,,,,,,,,,,,,,,,,,,,,,,,,,,,,,,,,,,,,,,,,,,,,,,,,,,,,,,,,,,
2024-06-03 18:17:30,2024-06-03 18:17:30,2,,100,0,1,2024-06-03 18:17:30,R_7OI94bOJMsOE4D4,,,,,,,test,,1,3,2,,,,,,,,,,,,,,,,,,,,,,,,,,,,,,,,,,,,,,,,,,,,,,,,,,,,,,,,,,,,,
2024-06-03 18:17:30,2024-06-03 18:17:30,2,,100,0,1,2024-06-03 18:17:30,R_aYkzesfIckSwpFQ,,,,,,,test,,1,2,1,,,,,,,,,,,,,,,,,,,,,,,,,,,,,,,,,,,,,,,,,,,,,,,,,,,,,,,,,,,,,
2024-06-03 18:17:30,2024-06-03 18:17:30,2,,100,0,1,2024-06-03 18:17:30,R_3KqoSP5OlDe7Nn8,,,,,,,test,,1,3,1,,,,,,,,,,,,,,,,,,,,,,,,,,,,,,,,,,,,,,,,,,,,,,,,,,,,,,,,,,,,,
2024-06-03 18:17:30,2024-06-03 18:17:30,2,,100,0,1,2024-06-03 18:17:30,R_25ghTZ2keP3Xwa2,,,,,,,test,,2,,,,,,,,,,,,,,,,,,,,,,,,,,,,,,,,,,,,,,,,,,,,,,,,,,,,,,,,,,,,,,,
2024-06-03 18:17:30,2024-06-03 18:17:30,2,,100,0,1,2024-06-03 18:17:31,R_ab26kw2B8Nisieq,,,,,,,test,,2,,,,,,,,,,,,,,,,,,,,,,,,,,,,,,,,,,,,,,,,,,,,,,,,,,,,,,,,,,,,,,,
2024-06-03 18:17:31,2024-06-03 18:17:31,2,,100,0,1,2024-06-03 18:17:31,R_9TdwvNrrSNc8POu,,,,,,,test,,2,,,,,,,,,,,,,,,,,,,,,,,,,,,,,,,,,,,,,,,,,,,,,,,,,,,,,,,,,,,,,,,
2024-06-03 18:17:31,2024-06-03 18:17:31,2,,100,0,1,2024-06-03 18:17:31,R_6hrJ3S1N7T7RLqS,,,,,,,test,,2,,,,,,,,,,,,,,,,,,,,,,,,,,,,,,,,,,,,,,,,,,,,,,,,,,,,,,,,,,,,,,,
2024-06-03 18:17:31,2024-06-03 18:17:31,2,,100,0,1,2024-06-03 18:17:31,R_dcEwZ01Au8OYUUS,,,,,,,test,,2,,,,,,,,,,,,,,,,,,,,,,,,,,,,,,,,,,,,,,,,,,,,,,,,,,,,,,,,,,,,,,,
2024-06-03 18:17:31,2024-06-03 18:17:31,2,,100,0,1,2024-06-03 18:17:31,R_82kMlzV0vTusgOG,,,,,,,test,,1,1,2,,,,,,,,,,,,,,,,,,,,,,,,,,,,,,,,,,,,,,,,,,,,,,,,,,,,,,,,,,,,,
2024-06-03 18:17:32,2024-06-03 18:17:32,2,,100,0,1,2024-06-03 18:17:32,R_9nvztXG1x0XmdTw,,,,,,,test,,2,,,,,,,,,,,,,,,,,,,,,,,,,,,,,,,,,,,,,,,,,,,,,,,,,,,,,,,,,,,,,,,
2024-06-03 18:17:32,2024-06-03 18:17:32,2,,100,0,1,2024-06-03 18:17:32,R_9zf7I8bToQyA4m2,,,,,,,test,,1,4,2,,,,,,,,,,,,,,,,,,,,,,,,,,,,,,,,,,,,,,,,,,,,,,,,,,,,,,,,,,,,,
2024-06-03 18:17:32,2024-06-03 18:17:32,2,,100,0,1,2024-06-03 18:17:32,R_cTSShuJcgFzS2Jo,,,,,,,test,,1,3,1,,,,,,,,,,,,,,,,,,,,,,,,,,,,,,,,,,,,,,,,,,,,,,,,,,,,,,,,,,,,,
2024-06-03 18:17:32,2024-06-03 18:17:32,2,,100,0,1,2024-06-03 18:17:32,R_881NYIA8aAZd5EW,,,,,,,test,,1,1,2,,,,,,,,,,,,,,,,,,,,,,,,,,,,,,,,,,,,,,,,,,,,,,,,,,,,,,,,,,,,,
2024-06-03 18:17:32,2024-06-03 18:17:32,2,,100,0,1,2024-06-03 18:17:33,R_6WFMbIzQUPXBT5I,,,,,,,test,,1,3,1,,,,,,,,,,,,,,,,,,,,,,,,,,,,,,,,,,,,,,,,,,,,,,,,,,,,,,,,,,,,,
2024-06-03 18:17:33,2024-06-03 18:17:33,2,,100,0,1,2024-06-03 18:17:33,R_bI4WGW7SmdJhjca,,,,,,,test,,1,1,1,,,,,,,,,,,,,,,,,,,,,,,,,,,,,,,,,,,,,,,,,,,,,,,,,,,,,,,,,,,,,
2024-06-03 18:17:33,2024-06-03 18:17:33,2,,100,0,1,2024-06-03 18:17:33,R_3g8C1wyvILF7UmW,,,,,,,test,,2,,,,,,,,,,,,,,,,,,,,,,,,,,,,,,,,,,,,,,,,,,,,,,,,,,,,,,,,,,,,,,,
2024-06-03 18:17:33,2024-06-03 18:17:33,2,,100,0,1,2024-06-03 18:17:33,R_8iwO7jaGranCg9U,,,,,,,test,,1,2,2,,,,,,,,,,,,,,,,,,,1.63,1.92,5.51,35,8.68,9.01,8.75,10,,,,,8.79,8.82,9.05,39,60,25,54,53,1,2,36,2,,Gravida amet mauris nonummy ante placerat duis nullam eleifend sagittis? Luctus potenti! Eget elit.,2,,,,,,FL_40,,FL_100,,,,,,,Q164|vB_sue_intv|vB_mf_sue_intv|vA_sue_intv,Q167|avoid_intv
2024-06-03 18:17:33,2024-06-03 18:17:34,2,,100,1,1,2024-06-03 18:17:34,R_3f9zMonKr36927Q,,,,,,,test,,1,4,2,,,,,,,,,,,,,,,,,,,,,,,,,,,,,,,,,,,,,,,,,,,,,,,,,,,,,,,,,,,,,
2024-06-03 18:17:34,2024-06-03 18:17:34,2,,100,0,1,2024-06-03 18:17:34,R_bk3wLmsfnWwcfeC,,,,,,,test,,1,3,1,,,,,,,,,,,,,,,,,,,,,,,,,,,,,,,,,,,,,,,,,,,,,,,,,,,,,,,,,,,,,
2024-06-03 18:17:34,2024-06-03 18:17:34,2,,100,0,1,2024-06-03 18:17:34,R_cUZZrDvZfZrtVtk,,,,,,,test,,2,,,,,,,,,,,,,,,,,,,,,,,,,,,,,,,,,,,,,,,,,,,,,,,,,,,,,,,,,,,,,,,
2024-06-03 18:17:34,2024-06-03 18:17:34,2,,100,0,1,2024-06-03 18:17:34,R_9uZB0ewFkKBPc34,,,,,,,test,,2,,,,,,,,,,,,,,,,,,,,,,,,,,,,,,,,,,,,,,,,,,,,,,,,,,,,,,,,,,,,,,,
2024-06-03 18:17:34,2024-06-03 18:17:34,2,,100,0,1,2024-06-03 18:17:35,R_4JyMDzc1MzLDsSa,,,,,,,test,,1,4,2,,,,,,,,,,,,,,,,,,,,,,,,,,,,,,,,,,,,,,,,,,,,,,,,,,,,,,,,,,,,,
2024-06-03 18:17:35,2024-06-03 18:17:35,2,,100,0,1,2024-06-03 18:17:35,R_42hChR9EIi7ChSe,,,,,,,test,,1,2,1,,,,,,,,,,,,,,,,,,,,,,,,,,,,,,,,,,,,,,,,,,,,,,,,,,,,,,,,,,,,,
2024-06-03 18:17:35,2024-06-03 18:17:35,2,,100,0,1,2024-06-03 18:17:35,R_6LRHOp1z0n1GT0G,,,,,,,test,,1,2,1,,,,,,,,,,,,,,,,,,,,,,,,,,,,,,,,,,,,,,,,,,,,,,,,,,,,,,,,,,,,,
2024-06-03 18:17:35,2024-06-03 18:17:35,2,,100,0,1,2024-06-03 18:17:35,R_5dLxNDZhrkr1bQW,,,,,,,test,,1,1,2,,,,,,,,,,,,,,,,,,,,,,,,,,,,,,,,,,,,,,,,,,,,,,,,,,,,,,,,,,,,,
2024-06-03 18:17:35,2024-06-03 18:17:36,2,,100,1,1,2024-06-03 18:17:36,R_b8fKwyUNSIKsrqK,,,,,,,test,,1,2,2,2.18,2.71,6.71,3,9.75,9.97,9.88,17,90,31,90,,,,,,,,,,,,,,,,,,,,,,,,,,,,2,1,72,1,,Morbi lacus mattis vivamus wisi laoreet porttitor. Consectetuer lectus elementum.,1,,,,,,FL_39,FL_93,,Q116|vA_sue_AV|vB_mf_sue_AV,Q122|avoid_AV,,,,,,
2024-06-03 18:17:36,2024-06-03 18:17:36,2,,100,0,1,2024-06-03 18:17:36,R_elnzsilJviyKE8C,,,,,,,test,,2,,,,,,,,,,,,,,,,,,,,,,,,,,,,,,,,,,,,,,,,,,,,,,,,,,,,,,,,,,,,,,,
2024-06-03 18:17:36,2024-06-03 18:17:36,2,,100,0,1,2024-06-03 18:17:36,R_0GOdqceKBdFYXxI,,,,,,,test,,2,,,,,,,,,,,,,,,,,,,,,,,,,,,,,,,,,,,,,,,,,,,,,,,,,,,,,,,,,,,,,,,
2024-06-03 18:17:36,2024-06-03 18:17:36,2,,100,0,1,2024-06-03 18:17:36,R_55dQJ5dnTYiY15I,,,,,,,test,,1,3,1,,,,,,,,,,,,,,,,,,,,,,,,,,,,,,,,,,,,,,,,,,,,,,,,,,,,,,,,,,,,,
2024-06-03 18:17:36,2024-06-03 18:17:36,2,,100,0,1,2024-06-03 18:17:37,R_74FFcVO2ollcJqm,,,,,,,test,,1,1,1,,,,,,,,,,,,,,,,,,,,,,,,,,,,,,,,,,,,,,,,,,,,,,,,,,,,,,,,,,,,,
2024-06-03 18:17:37,2024-06-03 18:17:37,2,,100,0,1,2024-06-03 18:17:37,R_07YQIzd0GAno6Ue,,,,,,,test,,2,,,,,,,,,,,,,,,,,,,,,,,,,,,,,,,,,,,,,,,,,,,,,,,,,,,,,,,,,,,,,,,
2024-06-03 18:17:37,2024-06-03 18:17:37,2,,100,0,1,2024-06-03 18:17:37,R_ezJGcfswdjvPmZg,,,,,,,test,,2,,,,,,,,,,,,,,,,,,,,,,,,,,,,,,,,,,,,,,,,,,,,,,,,,,,,,,,,,,,,,,,
2024-06-03 18:17:37,2024-06-03 18:17:37,2,,100,0,1,2024-06-03 18:17:37,R_bCrrAGvB1CjiOgu,,,,,,,test,,2,,,,,,,,,,,,,,,,,,,,,,,,,,,,,,,,,,,,,,,,,,,,,,,,,,,,,,,,,,,,,,,
2024-06-03 18:17:37,2024-06-03 18:17:37,2,,100,0,1,2024-06-03 18:17:37,R_emkbnaAWY3NkUiq,,,,,,,test,,2,,,,,,,,,,,,,,,,,,,,,,,,,,,,,,,,,,,,,,,,,,,,,,,,,,,,,,,,,,,,,,,
2024-06-03 18:17:37,2024-06-03 18:17:37,2,,100,0,1,2024-06-03 18:17:38,R_0v6d9TEPuHp55u6,,,,,,,test,,2,,,,,,,,,,,,,,,,,,,,,,,,,,,,,,,,,,,,,,,,,,,,,,,,,,,,,,,,,,,,,,,
2024-06-03 18:17:38,2024-06-03 18:17:38,2,,100,0,1,2024-06-03 18:17:38,R_5zKrDzgovSUwV02,,,,,,,test,,1,1,2,,,,,,,,,,,,,,,,,,,,,,,,,,,,,,,,,,,,,,,,,,,,,,,,,,,,,,,,,,,,,
2024-06-03 18:17:38,2024-06-03 18:17:38,2,,100,0,1,2024-06-03 18:17:38,R_agwkvHrNd67vZFc,,,,,,,test,,2,,,,,,,,,,,,,,,,,,,,,,,,,,,,,,,,,,,,,,,,,,,,,,,,,,,,,,,,,,,,,,,
2024-06-03 18:17:38,2024-06-03 18:17:38,2,,100,0,1,2024-06-03 18:17:38,R_bgyP16RbkSnorDo,,,,,,,test,,1,3,1,,,,,,,,,,,,,,,,,,,,,,,,,,,,,,,,,,,,,,,,,,,,,,,,,,,,,,,,,,,,,
2024-06-03 18:17:38,2024-06-03 18:17:39,2,,100,1,1,2024-06-03 18:17:39,R_9ozbnhnnCQiANBI,,,,,,,test,,1,2,2,2.68,5.89,5.79,32,5.9,7.51,7.33,3,,,,2.74,5.96,2.95,24,65,29,65,,,,,,,,,,,,,,,,,,,,,2,2,90,1,,Praesent est auctor vestibulum leo! A tincidunt in luctus risus? Mauris tortor.,7,,,,,,FL_39,FL_94,,,,Q155|vA_sue_AV_intv|vB_mf_sue_AV_intv,Q158|avoid_AV_intv,,,,
2024-06-03 18:17:39,2024-06-03 18:17:39,2,,100,0,1,2024-06-03 18:17:39,R_cAX3q3tJeoK9VZA,,,,,,,test,,2,,,,,,,,,,,,,,,,,,,,,,,,,,,,,,,,,,,,,,,,,,,,,,,,,,,,,,,,,,,,,,,
2024-06-03 18:17:39,2024-06-03 18:17:39,2,,100,0,1,2024-06-03 18:17:39,R_9uUCVWHpw0z4QNE,,,,,,,test,,1,1,1,,,,,,,,,,,,,,,,,,,,,,,,,,,,,,,,,,,,,,,,,,,,,,,,,,,,,,,,,,,,,
2024-06-03 18:17:39,2024-06-03 18:17:39,2,,100,0,1,2024-06-03 18:17:40,R_brMcnAPGvEBLKxo,,,,,,,test,,1,4,1,,,,,,,,,,,,,,,,,,,,,,,,,,,,,,,,,,,,,,,,,,,,,,,,,,,,,,,,,,,,,
2024-06-03 18:17:40,2024-06-03 18:17:40,2,,100,0,1,2024-06-03 18:17:40,R_bQmWwHikCFT0GAS,,,,,,,test,,1,1,2,,,,,,,,,,,,,,,,,,,,,,,,,,,,,,,,,,,,,,,,,,,,,,,,,,,,,,,,,,,,,
2024-06-03 18:17:40,2024-06-03 18:17:40,2,,100,0,1,2024-06-03 18:17:40,R_4SH6jugYli1ZIr4,,,,,,,test,,1,1,2,,,,,,,,,,,,,,,,,,,,,,,,,,,,,,,,,,,,,,,,,,,,,,,,,,,,,,,,,,,,,
2024-06-03 18:17:40,2024-06-03 18:17:40,2,,100,0,1,2024-06-03 18:17:40,R_5uoyXmU7JFDDq8S,,,,,,,test,,2,,,,,,,,,,,,,,,,,,,,,,,,,,,,,,,,,,,,,,,,,,,,,,,,,,,,,,,,,,,,,,,
2024-06-03 18:17:40,2024-06-03 18:17:40,2,,100,0,1,2024-06-03 18:17:41,R_elmnOcy5xzcSdEi,,,,,,,test,,1,3,1,,,,,,,,,,,,,,,,,,,,,,,,,,,,,,,,,,,,,,,,,,,,,,,,,,,,,,,,,,,,,
2024-06-03 18:17:41,2024-06-03 18:17:41,2,,100,0,1,2024-06-03 18:17:41,R_5dvJB6ED85usLjM,,,,,,,test,,2,,,,,,,,,,,,,,,,,,,,,,,,,,,,,,,,,,,,,,,,,,,,,,,,,,,,,,,,,,,,,,,
2024-06-03 18:17:41,2024-06-03 18:17:41,2,,100,0,1,2024-06-03 18:17:41,R_3ldGPpIkxMGNQpM,,,,,,,test,,2,,,,,,,,,,,,,,,,,,,,,,,,,,,,,,,,,,,,,,,,,,,,,,,,,,,,,,,,,,,,,,,
2024-06-03 18:17:41,2024-06-03 18:17:41,2,,100,0,1,2024-06-03 18:17:41,R_9vrE1trfsxSLM5E,,,,,,,test,,2,,,,,,,,,,,,,,,,,,,,,,,,,,,,,,,,,,,,,,,,,,,,,,,,,,,,,,,,,,,,,,,
2024-06-03 18:17:41,2024-06-03 18:17:41,2,,100,0,1,2024-06-03 18:17:41,R_bmf8iG8RhNAYwRg,,,,,,,test,,1,3,1,,,,,,,,,,,,,,,,,,,,,,,,,,,,,,,,,,,,,,,,,,,,,,,,,,,,,,,,,,,,,
2024-06-03 18:17:41,2024-06-03 18:17:41,2,,100,0,1,2024-06-03 18:17:42,R_9Y7wtLVCfVSoMTk,,,,,,,test,,2,,,,,,,,,,,,,,,,,,,,,,,,,,,,,,,,,,,,,,,,,,,,,,,,,,,,,,,,,,,,,,,
2024-06-03 18:17:42,2024-06-03 18:17:42,2,,100,0,1,2024-06-03 18:17:42,R_0BTEpJUVMO3d6Ci,,,,,,,test,,2,,,,,,,,,,,,,,,,,,,,,,,,,,,,,,,,,,,,,,,,,,,,,,,,,,,,,,,,,,,,,,,
2024-06-03 18:17:42,2024-06-03 18:17:42,2,,100,0,1,2024-06-03 18:17:42,R_dgJPsk2LlsHzgq2,,,,,,,test,,1,1,2,,,,,,,,,,,,,,,,,,,,,,,,,,,,,,,,,,,,,,,,,,,,,,,,,,,,,,,,,,,,,
2024-06-03 18:17:42,2024-06-03 18:17:42,2,,100,0,1,2024-06-03 18:17:42,R_bKuU52Uk6shLmHc,,,,,,,test,,1,2,1,,,,,,,,,,,,,,,,,,,,,,,,,,,,,,,,,,,,,,,,,,,,,,,,,,,,,,,,,,,,,
2024-06-03 18:17:42,2024-06-03 18:17:42,2,,100,0,1,2024-06-03 18:17:43,R_39voloy3mgE8XSC,,,,,,,test,,2,,,,,,,,,,,,,,,,,,,,,,,,,,,,,,,,,,,,,,,,,,,,,,,,,,,,,,,,,,,,,,,
2024-06-03 18:17:43,2024-06-03 18:17:43,2,,100,0,1,2024-06-03 18:17:43,R_2hn6bnebY818JTg,,,,,,,test,,2,,,,,,,,,,,,,,,,,,,,,,,,,,,,,,,,,,,,,,,,,,,,,,,,,,,,,,,,,,,,,,,
2024-06-03 18:17:43,2024-06-03 18:17:43,2,,100,0,1,2024-06-03 18:17:43,R_cVhp46zWaC3vadw,,,,,,,test,,2,,,,,,,,,,,,,,,,,,,,,,,,,,,,,,,,,,,,,,,,,,,,,,,,,,,,,,,,,,,,,,,
2024-06-03 18:17:43,2024-06-03 18:17:43,2,,100,0,1,2024-06-03 18:17:43,R_a9soWI4axIrIsbY,,,,,,,test,,2,,,,,,,,,,,,,,,,,,,,,,,,,,,,,,,,,,,,,,,,,,,,,,,,,,,,,,,,,,,,,,,
2024-06-03 18:17:43,2024-06-03 18:17:43,2,,100,0,1,2024-06-03 18:17:43,R_4ZVZqRAdSZP7Lq6,,,,,,,test,,1,4,2,,,,,,,,,,,,,,,,,,,,,,,,,,,,,,,,,,,,,,,,,,,,,,,,,,,,,,,,,,,,,
2024-06-03 18:17:43,2024-06-03 18:17:44,2,,100,1,1,2024-06-03 18:17:44,R_8Ghi0hpeoUJXLIa,,,,,,,test,,1,1,2,,,,,,,,,,,,,,,,,,,,,,,,,,,,,,,,,,,,,,,,,,,,,,,,,,,,,,,,,,,,,
2024-06-03 18:17:44,2024-06-03 18:17:44,2,,100,0,1,2024-06-03 18:17:44,R_3dWu9VETzPbHi7Q,,,,,,,test,,1,3,2,,,,,,,,,,,,,,,,,,,,,,,,,,,,,,,,,,,,,,,,,,,,,,,,,,,,,,,,,,,,,
2024-06-03 18:17:44,2024-06-03 18:17:44,2,,100,0,1,2024-06-03 18:17:44,R_3K5Su3JZepSt3Fk,,,,,,,test,,2,,,,,,,,,,,,,,,,,,,,,,,,,,,,,,,,,,,,,,,,,,,,,,,,,,,,,,,,,,,,,,,
2024-06-03 18:17:44,2024-06-03 18:17:44,2,,100,0,1,2024-06-03 18:17:44,R_9Ge2EyPl8PWDECa,,,,,,,test,,2,,,,,,,,,,,,,,,,,,,,,,,,,,,,,,,,,,,,,,,,,,,,,,,,,,,,,,,,,,,,,,,
2024-06-03 18:17:44,2024-06-03 18:17:44,2,,100,0,1,2024-06-03 18:17:45,R_6y4aRTYaAsk4Z7w,,,,,,,test,,2,,,,,,,,,,,,,,,,,,,,,,,,,,,,,,,,,,,,,,,,,,,,,,,,,,,,,,,,,,,,,,,
2024-06-03 18:17:45,2024-06-03 18:17:45,2,,100,0,1,2024-06-03 18:17:45,R_3UdOEAzZePMEY4u,,,,,,,test,,1,4,2,,,,,,,,,,,,,,,,,,,,,,,,,,,,,,,,,,,,,,,,,,,,,,,,,,,,,,,,,,,,,
2024-06-03 18:17:45,2024-06-03 18:17:45,2,,100,0,1,2024-06-03 18:17:45,R_eXM7Knm3btjRoR8,,,,,,,test,,2,,,,,,,,,,,,,,,,,,,,,,,,,,,,,,,,,,,,,,,,,,,,,,,,,,,,,,,,,,,,,,,
2024-06-03 18:17:45,2024-06-03 18:17:45,2,,100,0,1,2024-06-03 18:17:45,R_cvg1RjNRH28KwR0,,,,,,,test,,2,,,,,,,,,,,,,,,,,,,,,,,,,,,,,,,,,,,,,,,,,,,,,,,,,,,,,,,,,,,,,,,
2024-06-03 18:17:45,2024-06-03 18:17:45,2,,100,0,1,2024-06-03 18:17:45,R_0TirZnvdONyBSE6,,,,,,,test,,2,,,,,,,,,,,,,,,,,,,,,,,,,,,,,,,,,,,,,,,,,,,,,,,,,,,,,,,,,,,,,,,
2024-06-03 18:17:46,2024-06-03 18:17:46,2,,100,0,1,2024-06-03 18:17:46,R_7P1esIL3Xwn0PVs,,,,,,,test,,1,4,2,,,,,,,,,,,,,,,,,,,,,,,,,,,,,,,,,,,,,,,,,,,,,,,,,,,,,,,,,,,,,
2024-06-03 18:17:46,2024-06-03 18:17:46,2,,100,0,1,2024-06-03 18:17:46,R_a3IHjTxLkixRCBM,,,,,,,test,,2,,,,,,,,,,,,,,,,,,,,,,,,,,,,,,,,,,,,,,,,,,,,,,,,,,,,,,,,,,,,,,,
2024-06-03 18:17:46,2024-06-03 18:17:46,2,,100,0,1,2024-06-03 18:17:46,R_09d9kz5jSTpIp70,,,,,,,test,,2,,,,,,,,,,,,,,,,,,,,,,,,,,,,,,,,,,,,,,,,,,,,,,,,,,,,,,,,,,,,,,,
2024-06-03 18:17:46,2024-06-03 18:17:46,2,,100,0,1,2024-06-03 18:17:46,R_bPjlshrxzCKL0Hk,,,,,,,test,,2,,,,,,,,,,,,,,,,,,,,,,,,,,,,,,,,,,,,,,,,,,,,,,,,,,,,,,,,,,,,,,,
2024-06-03 18:17:46,2024-06-03 18:17:46,2,,100,0,1,2024-06-03 18:17:47,R_egGUyf1V8S8YN5c,,,,,,,test,,2,,,,,,,,,,,,,,,,,,,,,,,,,,,,,,,,,,,,,,,,,,,,,,,,,,,,,,,,,,,,,,,
2024-06-03 18:17:47,2024-06-03 18:17:47,2,,100,0,1,2024-06-03 18:17:47,R_0OOzIRQXnNKB0PQ,,,,,,,test,,1,2,1,,,,,,,,,,,,,,,,,,,,,,,,,,,,,,,,,,,,,,,,,,,,,,,,,,,,,,,,,,,,,
2024-06-03 18:17:47,2024-06-03 18:17:47,2,,100,0,1,2024-06-03 18:17:47,R_3qJ1vQoN7cgsRE2,,,,,,,test,,2,,,,,,,,,,,,,,,,,,,,,,,,,,,,,,,,,,,,,,,,,,,,,,,,,,,,,,,,,,,,,,,
2024-06-03 18:17:47,2024-06-03 18:17:47,2,,100,0,1,2024-06-03 18:17:47,R_50iBygINPXod2GW,,,,,,,test,,1,4,2,,,,,,,,,,,,,,,,,,,,,,,,,,,,,,,,,,,,,,,,,,,,,,,,,,,,,,,,,,,,,
2024-06-03 18:17:47,2024-06-03 18:17:48,2,,100,1,1,2024-06-03 18:17:48,R_6ojE46Y2yoFZloq,,,,,,,test,,1,2,2,,,,,,,,,,,,,,,,,,,5.11,5.55,7.6,5,2.51,5.94,7.28,3,97,42,37,0,,,,,,,,,1,2,95,4,"Vel, curabitur faucibus. Vivamus natoque ante! Maecenas leo pharetra convallis faucibus ipsum. Dapibus.",Facilisis orci eget nulla accusamus iaculis orci ut mauris wisi? Placerat quis turpis! Praesent vel.,6,,,,,,FL_40,,FL_99,,,,,Q90|vA_sue|vB_driver_sue|vB_mf_sue,Q71|avoid,,
2024-06-03 18:17:48,2024-06-03 18:17:48,2,,100,0,1,2024-06-03 18:17:48,R_beaRWTviy6QVx6S,,,,,,,test,,1,2,1,,,,,,,,,,,,,,,,,,,,,,,,,,,,,,,,,,,,,,,,,,,,,,,,,,,,,,,,,,,,,
2024-06-03 18:17:48,2024-06-03 18:17:48,2,,100,0,1,2024-06-03 18:17:48,R_aXast6Ee0ttzcpg,,,,,,,test,,1,2,1,,,,,,,,,,,,,,,,,,,,,,,,,,,,,,,,,,,,,,,,,,,,,,,,,,,,,,,,,,,,,
2024-06-03 18:17:48,2024-06-03 18:17:48,2,,100,0,1,2024-06-03 18:17:48,R_8HvwELFbRomKuCa,,,,,,,test,,1,1,2,,,,,,,,,,,,,,,,,,,,,,,,,,,,,,,,,,,,,,,,,,,,,,,,,,,,,,,,,,,,,
2024-06-03 18:17:49,2024-06-03 18:17:49,2,,100,0,1,2024-06-03 18:17:49,R_08Oqxko4MwfCIRw,,,,,,,test,,2,,,,,,,,,,,,,,,,,,,,,,,,,,,,,,,,,,,,,,,,,,,,,,,,,,,,,,,,,,,,,,,
2024-06-03 18:17:49,2024-06-03 18:17:49,2,,100,0,1,2024-06-03 18:17:49,R_8HejVTZG9XCDJYy,,,,,,,test,,2,,,,,,,,,,,,,,,,,,,,,,,,,,,,,,,,,,,,,,,,,,,,,,,,,,,,,,,,,,,,,,,
2024-06-03 18:17:49,2024-06-03 18:17:49,2,,100,0,1,2024-06-03 18:17:49,R_bJyfCs74r2UmqYC,,,,,,,test,,2,,,,,,,,,,,,,,,,,,,,,,,,,,,,,,,,,,,,,,,,,,,,,,,,,,,,,,,,,,,,,,,
2024-06-03 18:17:49,2024-06-03 18:17:49,2,,100,0,1,2024-06-03 18:17:49,R_0Tf8ZAzWoFGF8Fw,,,,,,,test,,1,4,1,,,,,,,,,,,,,,,,,,,,,,,,,,,,,,,,,,,,,,,,,,,,,,,,,,,,,,,,,,,,,
2024-06-03 18:17:49,2024-06-03 18:17:49,2,,100,0,1,2024-06-03 18:17:50,R_0kXNzyj3B6u54rk,,,,,,,test,,1,1,1,,,,,,,,,,,,,,,,,,,,,,,,,,,,,,,,,,,,,,,,,,,,,,,,,,,,,,,,,,,,,
2024-06-03 18:17:50,2024-06-03 18:17:50,2,,100,0,1,2024-06-03 18:17:50,R_9FYd7uAIMZ6nXPo,,,,,,,test,,1,1,2,,,,,,,,,,,,,,,,,,,,,,,,,,,,,,,,,,,,,,,,,,,,,,,,,,,,,,,,,,,,,
2024-06-03 18:17:50,2024-06-03 18:17:50,2,,100,0,1,2024-06-03 18:17:50,R_6P4xomuDYb69qfA,,,,,,,test,,2,,,,,,,,,,,,,,,,,,,,,,,,,,,,,,,,,,,,,,,,,,,,,,,,,,,,,,,,,,,,,,,
2024-06-03 18:17:50,2024-06-03 18:17:50,2,,100,0,1,2024-06-03 18:17:51,R_9p4d3XoUpix9RZ4,,,,,,,test,,1,2,2,,,,,,,,,,,,,,,,,,,2.74,4.45,7.44,43,8.74,9.49,9.28,7,58,56,91,87,,,,,,,,,1,1,63,1,,"Dolor quam neque erat, odio consequat? Aenean cursus primis dapibus, blandit.",7,,,,,,FL_40,,FL_99,,,,,Q90|vB_driver_sue|vA_sue|vB_mf_sue,Q71|avoid,,
2024-06-03 18:17:51,2024-06-03 18:17:51,2,,100,0,1,2024-06-03 18:17:51,R_5gQDI9n04D1BE7c,,,,,,,test,,2,,,,,,,,,,,,,,,,,,,,,,,,,,,,,,,,,,,,,,,,,,,,,,,,,,,,,,,,,,,,,,,
2024-06-03 18:17:51,2024-06-03 18:17:51,2,,100,0,1,2024-06-03 18:17:51,R_cBLbmOSYJJEOWF0,,,,,,,test,,1,1,2,,,,,,,,,,,,,,,,,,,,,,,,,,,,,,,,,,,,,,,,,,,,,,,,,,,,,,,,,,,,,
2024-06-03 18:17:51,2024-06-03 18:17:51,2,,100,0,1,2024-06-03 18:17:51,R_9MMNnAm2auTnTgO,,,,,,,test,,2,,,,,,,,,,,,,,,,,,,,,,,,,,,,,,,,,,,,,,,,,,,,,,,,,,,,,,,,,,,,,,,
2024-06-03 18:17:51,2024-06-03 18:17:51,2,,100,0,1,2024-06-03 18:17:51,R_86C08Zkx7ZhArie,,,,,,,test,,2,,,,,,,,,,,,,,,,,,,,,,,,,,,,,,,,,,,,,,,,,,,,,,,,,,,,,,,,,,,,,,,
2024-06-03 18:17:52,2024-06-03 18:17:52,2,,100,0,1,2024-06-03 18:17:52,R_3LhwJ3mTntEAetE,,,,,,,test,,1,1,1,,,,,,,,,,,,,,,,,,,,,,,,,,,,,,,,,,,,,,,,,,,,,,,,,,,,,,,,,,,,,
2024-06-03 18:17:52,2024-06-03 18:17:52,2,,100,0,1,2024-06-03 18:17:52,R_6tWoVbCOD3K7bxQ,,,,,,,test,,2,,,,,,,,,,,,,,,,,,,,,,,,,,,,,,,,,,,,,,,,,,,,,,,,,,,,,,,,,,,,,,,
2024-06-03 18:17:52,2024-06-03 18:17:52,2,,100,0,1,2024-06-03 18:17:52,R_3BLMkCyrftaMBW6,,,,,,,test,,2,,,,,,,,,,,,,,,,,,,,,,,,,,,,,,,,,,,,,,,,,,,,,,,,,,,,,,,,,,,,,,,
2024-06-03 18:17:52,2024-06-03 18:17:52,2,,100,0,1,2024-06-03 18:17:52,R_dmWkncU4YhoPDx4,,,,,,,test,,1,1,2,,,,,,,,,,,,,,,,,,,,,,,,,,,,,,,,,,,,,,,,,,,,,,,,,,,,,,,,,,,,,
2024-06-03 18:17:52,2024-06-03 18:17:52,2,,100,0,1,2024-06-03 18:17:53,R_1M2sMD1u2JYfmwC,,,,,,,test,,1,2,1,,,,,,,,,,,,,,,,,,,,,,,,,,,,,,,,,,,,,,,,,,,,,,,,,,,,,,,,,,,,,
2024-06-03 18:17:53,2024-06-03 18:17:53,2,,100,0,1,2024-06-03 18:17:53,R_bpATCnudul4HpMq,,,,,,,test,,1,4,1,,,,,,,,,,,,,,,,,,,,,,,,,,,,,,,,,,,,,,,,,,,,,,,,,,,,,,,,,,,,,
2024-06-03 18:17:53,2024-06-03 18:17:53,2,,100,0,1,2024-06-03 18:17:53,R_6tJ2I7oM02LJPT0,,,,,,,test,,1,1,1,,,,,,,,,,,,,,,,,,,,,,,,,,,,,,,,,,,,,,,,,,,,,,,,,,,,,,,,,,,,,
2024-06-03 18:17:53,2024-06-03 18:17:53,2,,100,0,1,2024-06-03 18:17:53,R_cOqHZDvEw2PraK2,,,,,,,test,,2,,,,,,,,,,,,,,,,,,,,,,,,,,,,,,,,,,,,,,,,,,,,,,,,,,,,,,,,,,,,,,,
2024-06-03 18:17:53,2024-06-03 18:17:53,2,,100,0,1,2024-06-03 18:17:54,R_6Q2OvOMQUckvmdw,,,,,,,test,,2,,,,,,,,,,,,,,,,,,,,,,,,,,,,,,,,,,,,,,,,,,,,,,,,,,,,,,,,,,,,,,,
2024-06-03 18:17:54,2024-06-03 18:17:54,2,,100,0,1,2024-06-03 18:17:54,R_1Bx6CZNb0JGoqSG,,,,,,,test,,2,,,,,,,,,,,,,,,,,,,,,,,,,,,,,,,,,,,,,,,,,,,,,,,,,,,,,,,,,,,,,,,
2024-06-03 18:17:54,2024-06-03 18:17:54,2,,100,0,1,2024-06-03 18:17:54,R_beIDA32H65k2Wge,,,,,,,test,,1,1,1,,,,,,,,,,,,,,,,,,,,,,,,,,,,,,,,,,,,,,,,,,,,,,,,,,,,,,,,,,,,,
2024-06-03 18:17:54,2024-06-03 18:17:54,2,,100,0,1,2024-06-03 18:17:54,R_6ybWgR76iao2iH4,,,,,,,test,,1,4,1,,,,,,,,,,,,,,,,,,,,,,,,,,,,,,,,,,,,,,,,,,,,,,,,,,,,,,,,,,,,,
2024-06-03 18:17:54,2024-06-03 18:17:55,2,,100,1,1,2024-06-03 18:17:55,R_8cDX0nNV3V6F7p4,,,,,,,test,,1,2,2,7.14,9.97,9.9,28,5.07,5.26,9.03,1,57,34,45,,,,,,,,,,,,,,,,,,,,,,,,,,,,2,2,21,1,,Laoreet velit non! Fusce erat. Vivamus risus quis fringilla elementum faucibus viverra fringilla! Odio fringilla.,6,,,,,,FL_39,FL_93,,Q116|vB_mf_sue_AV|vA_sue_AV,Q122|avoid_AV,,,,,,
2024-06-03 18:17:55,2024-06-03 18:17:55,2,,100,0,1,2024-06-03 18:17:55,R_bmyBLbTi0jBIrTo,,,,,,,test,,1,3,1,,,,,,,,,,,,,,,,,,,,,,,,,,,,,,,,,,,,,,,,,,,,,,,,,,,,,,,,,,,,,
2024-06-03 18:17:55,2024-06-03 18:17:55,2,,100,0,1,2024-06-03 18:17:55,R_agG8xTYmn1JQVvM,,,,,,,test,,1,2,1,,,,,,,,,,,,,,,,,,,,,,,,,,,,,,,,,,,,,,,,,,,,,,,,,,,,,,,,,,,,,
2024-06-03 18:17:55,2024-06-03 18:17:55,2,,100,0,1,2024-06-03 18:17:56,R_2ozOenTPpWr8glw,,,,,,,test,,2,,,,,,,,,,,,,,,,,,,,,,,,,,,,,,,,,,,,,,,,,,,,,,,,,,,,,,,,,,,,,,,
2024-06-03 18:17:56,2024-06-03 18:17:56,2,,100,0,1,2024-06-03 18:17:56,R_8tXfSChO9Xy5VDU,,,,,,,test,,1,4,2,,,,,,,,,,,,,,,,,,,,,,,,,,,,,,,,,,,,,,,,,,,,,,,,,,,,,,,,,,,,,
2024-06-03 18:17:56,2024-06-03 18:17:56,2,,100,0,1,2024-06-03 18:17:56,R_cHmNjA2IAjH8BQG,,,,,,,test,,1,4,1,,,,,,,,,,,,,,,,,,,,,,,,,,,,,,,,,,,,,,,,,,,,,,,,,,,,,,,,,,,,,
2024-06-03 18:17:56,2024-06-03 18:17:56,2,,100,0,1,2024-06-03 18:17:56,R_3wUlCUhQKA8liGq,,,,,,,test,,1,2,2,8.31,9.4,8.93,15,9.44,9.7,9.84,41,,,,0.89,4.05,2.5,39,89,35,71,,,,,,,,,,,,,,,,,,,,,1,1,84,2,,Urna dictumst cursus! Facilisis non felis purus magna blandit. Molestie? Mattis tempor eleifend.,7,,,,,,FL_39,FL_94,,,,Q155|vA_sue_AV_intv|vB_mf_sue_AV_intv,Q158|avoid_AV_intv,,,,
2024-06-03 18:17:57,2024-06-03 18:17:57,2,,100,0,1,2024-06-03 18:17:57,R_2ldY1c8zfBBkKuq,,,,,,,test,,1,1,1,,,,,,,,,,,,,,,,,,,,,,,,,,,,,,,,,,,,,,,,,,,,,,,,,,,,,,,,,,,,,
2024-06-03 18:17:57,2024-06-03 18:17:57,2,,100,0,1,2024-06-03 18:17:57,R_7OJyYtmzgbKnTKu,,,,,,,test,,2,,,,,,,,,,,,,,,,,,,,,,,,,,,,,,,,,,,,,,,,,,,,,,,,,,,,,,,,,,,,,,,
2024-06-03 18:17:57,2024-06-03 18:17:57,2,,100,0,1,2024-06-03 18:17:57,R_5cdKGxkqFgzS5HE,,,,,,,test,,1,1,1,,,,,,,,,,,,,,,,,,,,,,,,,,,,,,,,,,,,,,,,,,,,,,,,,,,,,,,,,,,,,
2024-06-03 18:17:57,2024-06-03 18:17:57,2,,100,0,1,2024-06-03 18:17:57,R_3sD6wujyjBjRd6m,,,,,,,test,,1,4,1,,,,,,,,,,,,,,,,,,,,,,,,,,,,,,,,,,,,,,,,,,,,,,,,,,,,,,,,,,,,,
2024-06-03 18:17:57,2024-06-03 18:17:57,2,,100,0,1,2024-06-03 18:17:58,R_3qRkXqwtsL8aSnI,,,,,,,test,,2,,,,,,,,,,,,,,,,,,,,,,,,,,,,,,,,,,,,,,,,,,,,,,,,,,,,,,,,,,,,,,,
2024-06-03 18:17:58,2024-06-03 18:17:58,2,,100,0,1,2024-06-03 18:17:58,R_86qlHGyD5nVf9SS,,,,,,,test,,1,1,2,,,,,,,,,,,,,,,,,,,,,,,,,,,,,,,,,,,,,,,,,,,,,,,,,,,,,,,,,,,,,
2024-06-03 18:17:58,2024-06-03 18:17:58,2,,100,0,1,2024-06-03 18:17:58,R_bmiHx8F6BlgJyf4,,,,,,,test,,1,3,1,,,,,,,,,,,,,,,,,,,,,,,,,,,,,,,,,,,,,,,,,,,,,,,,,,,,,,,,,,,,,
2024-06-03 18:17:58,2024-06-03 18:17:58,2,,100,0,1,2024-06-03 18:17:58,R_e2S6pz9GQup2ZYG,,,,,,,test,,2,,,,,,,,,,,,,,,,,,,,,,,,,,,,,,,,,,,,,,,,,,,,,,,,,,,,,,,,,,,,,,,
2024-06-03 18:17:58,2024-06-03 18:17:58,2,,100,0,1,2024-06-03 18:17:59,R_2b4tiBIQ9F7oUfk,,,,,,,test,,1,1,2,,,,,,,,,,,,,,,,,,,,,,,,,,,,,,,,,,,,,,,,,,,,,,,,,,,,,,,,,,,,,
2024-06-03 18:17:59,2024-06-03 18:17:59,2,,100,0,1,2024-06-03 18:17:59,R_9oci01GeQc0sfiK,,,,,,,test,,2,,,,,,,,,,,,,,,,,,,,,,,,,,,,,,,,,,,,,,,,,,,,,,,,,,,,,,,,,,,,,,,
2024-06-03 18:17:59,2024-06-03 18:17:59,2,,100,0,1,2024-06-03 18:17:59,R_a4rPTWg0AX5VmN8,,,,,,,test,,2,,,,,,,,,,,,,,,,,,,,,,,,,,,,,,,,,,,,,,,,,,,,,,,,,,,,,,,,,,,,,,,
2024-06-03 18:17:59,2024-06-03 18:17:59,2,,100,0,1,2024-06-03 18:17:59,R_9z6hYk6xERFG6tE,,,,,,,test,,2,,,,,,,,,,,,,,,,,,,,,,,,,,,,,,,,,,,,,,,,,,,,,,,,,,,,,,,,,,,,,,,
2024-06-03 18:17:59,2024-06-03 18:17:59,2,,100,0,1,2024-06-03 18:18:00,R_3PIgCw6yGXy8UqW,,,,,,,test,,1,3,2,,,,,,,,,,,,,,,,,,,,,,,,,,,,,,,,,,,,,,,,,,,,,,,,,,,,,,,,,,,,,
2024-06-03 18:18:00,2024-06-03 18:18:00,2,,100,0,1,2024-06-03 18:18:00,R_87IIvYuDZMZj3P8,,,,,,,test,,2,,,,,,,,,,,,,,,,,,,,,,,,,,,,,,,,,,,,,,,,,,,,,,,,,,,,,,,,,,,,,,,
2024-06-03 18:18:00,2024-06-03 18:18:00,2,,100,0,1,2024-06-03 18:18:00,R_413wBXvCJG5EZGS,,,,,,,test,,1,3,2,,,,,,,,,,,,,,,,,,,,,,,,,,,,,,,,,,,,,,,,,,,,,,,,,,,,,,,,,,,,,
2024-06-03 18:18:00,2024-06-03 18:18:00,2,,100,0,1,2024-06-03 18:18:00,R_bBIi4aei0Ia806i,,,,,,,test,,2,,,,,,,,,,,,,,,,,,,,,,,,,,,,,,,,,,,,,,,,,,,,,,,,,,,,,,,,,,,,,,,
2024-06-03 18:18:00,2024-06-03 18:18:00,2,,100,0,1,2024-06-03 18:18:01,R_5bfMdPVwpkk40TQ,,,,,,,test,,1,4,2,,,,,,,,,,,,,,,,,,,,,,,,,,,,,,,,,,,,,,,,,,,,,,,,,,,,,,,,,,,,,
2024-06-03 18:18:01,2024-06-03 18:18:01,2,,100,0,1,2024-06-03 18:18:01,R_cDgPG1NDgdTzSm2,,,,,,,test,,1,3,1,,,,,,,,,,,,,,,,,,,,,,,,,,,,,,,,,,,,,,,,,,,,,,,,,,,,,,,,,,,,,
2024-06-03 18:18:01,2024-06-03 18:18:01,2,,100,0,1,2024-06-03 18:18:01,R_ahIwHr8TEd9IuAC,,,,,,,test,,2,,,,,,,,,,,,,,,,,,,,,,,,,,,,,,,,,,,,,,,,,,,,,,,,,,,,,,,,,,,,,,,
2024-06-03 18:18:01,2024-06-03 18:18:01,2,,100,0,1,2024-06-03 18:18:01,R_cxcviljNuORPMxM,,,,,,,test,,2,,,,,,,,,,,,,,,,,,,,,,,,,,,,,,,,,,,,,,,,,,,,,,,,,,,,,,,,,,,,,,,
2024-06-03 18:18:01,2024-06-03 18:18:01,2,,100,0,1,2024-06-03 18:18:01,R_6xUoXVw0d3uvmhE,,,,,,,test,,2,,,,,,,,,,,,,,,,,,,,,,,,,,,,,,,,,,,,,,,,,,,,,,,,,,,,,,,,,,,,,,,
2024-06-03 18:18:02,2024-06-03 18:18:02,2,,100,0,1,2024-06-03 18:18:02,R_8dj9PXMqbwSNiaq,,,,,,,test,,2,,,,,,,,,,,,,,,,,,,,,,,,,,,,,,,,,,,,,,,,,,,,,,,,,,,,,,,,,,,,,,,
2024-06-03 18:18:02,2024-06-03 18:18:02,2,,100,0,1,2024-06-03 18:18:02,R_41Ij7uA0ktNQKN0,,,,,,,test,,2,,,,,,,,,,,,,,,,,,,,,,,,,,,,,,,,,,,,,,,,,,,,,,,,,,,,,,,,,,,,,,,
2024-06-03 18:18:02,2024-06-03 18:18:02,2,,100,0,1,2024-06-03 18:18:02,R_bj6E55MK8m6nkG2,,,,,,,test,,2,,,,,,,,,,,,,,,,,,,,,,,,,,,,,,,,,,,,,,,,,,,,,,,,,,,,,,,,,,,,,,,
2024-06-03 18:18:02,2024-06-03 18:18:02,2,,100,0,1,2024-06-03 18:18:02,R_6hFExVo5NNVADfo,,,,,,,test,,2,,,,,,,,,,,,,,,,,,,,,,,,,,,,,,,,,,,,,,,,,,,,,,,,,,,,,,,,,,,,,,,
2024-06-03 18:18:02,2024-06-03 18:18:02,2,,100,0,1,2024-06-03 18:18:02,R_6r6E0pBHiUINNqu,,,,,,,test,,2,,,,,,,,,,,,,,,,,,,,,,,,,,,,,,,,,,,,,,,,,,,,,,,,,,,,,,,,,,,,,,,
2024-06-03 18:18:03,2024-06-03 18:18:03,2,,100,0,1,2024-06-03 18:18:03,R_0Uu4Sn3GDGHtuUm,,,,,,,test,,2,,,,,,,,,,,,,,,,,,,,,,,,,,,,,,,,,,,,,,,,,,,,,,,,,,,,,,,,,,,,,,,
2024-06-03 18:18:03,2024-06-03 18:18:03,2,,100,0,1,2024-06-03 18:18:03,R_cTLxziQm1kyB5eS,,,,,,,test,,1,2,2,,,,,,,,,,,,,,,,,,,6.94,8.55,8.61,18,5.23,9.61,6.76,33,79,66,28,32,,,,,,,,,2,2,65,1,,Per. Eros dictumst donec vestibulum ultricies ac commodo duis porttitor eu. Augue lectus.,3,,,,,,FL_40,,FL_99,,,,,Q90|vB_driver_sue|vA_sue|vB_mf_sue,Q71|avoid,,
2024-06-03 18:18:03,2024-06-03 18:18:03,2,,100,0,1,2024-06-03 18:18:03,R_6gKgoQpbazI0bwq,,,,,,,test,,2,,,,,,,,,,,,,,,,,,,,,,,,,,,,,,,,,,,,,,,,,,,,,,,,,,,,,,,,,,,,,,,
2024-06-03 18:18:03,2024-06-03 18:18:03,2,,100,0,1,2024-06-03 18:18:04,R_etDQBpuv5icDPLM,,,,,,,test,,2,,,,,,,,,,,,,,,,,,,,,,,,,,,,,,,,,,,,,,,,,,,,,,,,,,,,,,,,,,,,,,,
2024-06-03 18:18:04,2024-06-03 18:18:04,2,,100,0,1,2024-06-03 18:18:04,R_4N1XLLMxyr3pyV8,,,,,,,test,,2,,,,,,,,,,,,,,,,,,,,,,,,,,,,,,,,,,,,,,,,,,,,,,,,,,,,,,,,,,,,,,,
2024-06-03 18:18:04,2024-06-03 18:18:04,2,,100,0,1,2024-06-03 18:18:04,R_eridxKkDoGb38a2,,,,,,,test,,1,3,1,,,,,,,,,,,,,,,,,,,,,,,,,,,,,,,,,,,,,,,,,,,,,,,,,,,,,,,,,,,,,
2024-06-03 18:18:04,2024-06-03 18:18:04,2,,100,0,1,2024-06-03 18:18:04,R_abBN2OWkGzYD130,,,,,,,test,,2,,,,,,,,,,,,,,,,,,,,,,,,,,,,,,,,,,,,,,,,,,,,,,,,,,,,,,,,,,,,,,,
2024-06-03 18:18:04,2024-06-03 18:18:04,2,,100,0,1,2024-06-03 18:18:05,R_9TSxnlVraJSoGUK,,,,,,,test,,2,,,,,,,,,,,,,,,,,,,,,,,,,,,,,,,,,,,,,,,,,,,,,,,,,,,,,,,,,,,,,,,
2024-06-03 18:18:05,2024-06-03 18:18:05,2,,100,0,1,2024-06-03 18:18:05,R_3IdCxQ2mFONn7VA,,,,,,,test,,1,2,1,,,,,,,,,,,,,,,,,,,,,,,,,,,,,,,,,,,,,,,,,,,,,,,,,,,,,,,,,,,,,
2024-06-03 18:18:05,2024-06-03 18:18:05,2,,100,0,1,2024-06-03 18:18:05,R_2hQnUpacnvxNhbg,,,,,,,test,,1,4,2,,,,,,,,,,,,,,,,,,,,,,,,,,,,,,,,,,,,,,,,,,,,,,,,,,,,,,,,,,,,,
2024-06-03 18:18:05,2024-06-03 18:18:05,2,,100,0,1,2024-06-03 18:18:05,R_8FZoC4e58ozMv30,,,,,,,test,,2,,,,,,,,,,,,,,,,,,,,,,,,,,,,,,,,,,,,,,,,,,,,,,,,,,,,,,,,,,,,,,,
2024-06-03 18:18:05,2024-06-03 18:18:05,2,,100,0,1,2024-06-03 18:18:05,R_cXYemVyThPalN1c,,,,,,,test,,1,3,2,,,,,,,,,,,,,,,,,,,,,,,,,,,,,,,,,,,,,,,,,,,,,,,,,,,,,,,,,,,,,
2024-06-03 18:18:06,2024-06-03 18:18:06,2,,100,0,1,2024-06-03 18:18:06,R_2set8iioqobFb1k,,,,,,,test,,2,,,,,,,,,,,,,,,,,,,,,,,,,,,,,,,,,,,,,,,,,,,,,,,,,,,,,,,,,,,,,,,
2024-06-03 18:18:06,2024-06-03 18:18:06,2,,100,0,1,2024-06-03 18:18:06,R_e4fCcNGSYAwusXs,,,,,,,test,,2,,,,,,,,,,,,,,,,,,,,,,,,,,,,,,,,,,,,,,,,,,,,,,,,,,,,,,,,,,,,,,,
2024-06-03 18:18:06,2024-06-03 18:18:06,2,,100,0,1,2024-06-03 18:18:06,R_bfmYyBqZGKFrSDA,,,,,,,test,,1,1,1,,,,,,,,,,,,,,,,,,,,,,,,,,,,,,,,,,,,,,,,,,,,,,,,,,,,,,,,,,,,,
2024-06-03 18:18:06,2024-06-03 18:18:06,2,,100,0,1,2024-06-03 18:18:06,R_6PfGGmaSGQZz8HA,,,,,,,test,,2,,,,,,,,,,,,,,,,,,,,,,,,,,,,,,,,,,,,,,,,,,,,,,,,,,,,,,,,,,,,,,,
2024-06-03 18:18:06,2024-06-03 18:18:06,2,,100,0,1,2024-06-03 18:18:07,R_eLnQxO7HcaSqbie,,,,,,,test,,1,1,1,,,,,,,,,,,,,,,,,,,,,,,,,,,,,,,,,,,,,,,,,,,,,,,,,,,,,,,,,,,,,
2024-06-03 18:18:07,2024-06-03 18:18:07,2,,100,0,1,2024-06-03 18:18:07,R_5yTBprSR556eSHk,,,,,,,test,,2,,,,,,,,,,,,,,,,,,,,,,,,,,,,,,,,,,,,,,,,,,,,,,,,,,,,,,,,,,,,,,,
2024-06-03 18:18:07,2024-06-03 18:18:07,2,,100,0,1,2024-06-03 18:18:07,R_3dyfa1c6BACO8Ie,,,,,,,test,,1,2,1,,,,,,,,,,,,,,,,,,,,,,,,,,,,,,,,,,,,,,,,,,,,,,,,,,,,,,,,,,,,,
2024-06-03 18:18:07,2024-06-03 18:18:07,2,,100,0,1,2024-06-03 18:18:07,R_bxh4mNM3c0STq3s,,,,,,,test,,2,,,,,,,,,,,,,,,,,,,,,,,,,,,,,,,,,,,,,,,,,,,,,,,,,,,,,,,,,,,,,,,
2024-06-03 18:18:07,2024-06-03 18:18:07,2,,100,0,1,2024-06-03 18:18:08,R_9BpGJcQZGy0o9tY,,,,,,,test,,1,1,1,,,,,,,,,,,,,,,,,,,,,,,,,,,,,,,,,,,,,,,,,,,,,,,,,,,,,,,,,,,,,
2024-06-03 18:18:08,2024-06-03 18:18:08,2,,100,0,1,2024-06-03 18:18:08,R_eeWuCiPVCIQdGqq,,,,,,,test,,2,,,,,,,,,,,,,,,,,,,,,,,,,,,,,,,,,,,,,,,,,,,,,,,,,,,,,,,,,,,,,,,
2024-06-03 18:18:08,2024-06-03 18:18:08,2,,100,0,1,2024-06-03 18:18:08,R_40neOmhFJehRWWa,,,,,,,test,,2,,,,,,,,,,,,,,,,,,,,,,,,,,,,,,,,,,,,,,,,,,,,,,,,,,,,,,,,,,,,,,,
2024-06-03 18:18:08,2024-06-03 18:18:08,2,,100,0,1,2024-06-03 18:18:08,R_9ExUPT3LSfLiRxk,,,,,,,test,,2,,,,,,,,,,,,,,,,,,,,,,,,,,,,,,,,,,,,,,,,,,,,,,,,,,,,,,,,,,,,,,,
2024-06-03 18:18:08,2024-06-03 18:18:08,2,,100,0,1,2024-06-03 18:18:09,R_bpCjYMzXtgV0Y8S,,,,,,,test,,2,,,,,,,,,,,,,,,,,,,,,,,,,,,,,,,,,,,,,,,,,,,,,,,,,,,,,,,,,,,,,,,
2024-06-03 18:18:09,2024-06-03 18:18:09,2,,100,0,1,2024-06-03 18:18:09,R_d7rcC5h8IqaqdDM,,,,,,,test,,2,,,,,,,,,,,,,,,,,,,,,,,,,,,,,,,,,,,,,,,,,,,,,,,,,,,,,,,,,,,,,,,
2024-06-03 18:18:09,2024-06-03 18:18:09,2,,100,0,1,2024-06-03 18:18:09,R_2aBtGKvLJGF6O34,,,,,,,test,,1,2,1,,,,,,,,,,,,,,,,,,,,,,,,,,,,,,,,,,,,,,,,,,,,,,,,,,,,,,,,,,,,,
2024-06-03 18:18:09,2024-06-03 18:18:09,2,,100,0,1,2024-06-03 18:18:09,R_9KVoE5kPc6dM9Om,,,,,,,test,,1,3,1,,,,,,,,,,,,,,,,,,,,,,,,,,,,,,,,,,,,,,,,,,,,,,,,,,,,,,,,,,,,,
2024-06-03 18:18:09,2024-06-03 18:18:09,2,,100,0,1,2024-06-03 18:18:10,R_0GU2ZgygFIy6Ch0,,,,,,,test,,2,,,,,,,,,,,,,,,,,,,,,,,,,,,,,,,,,,,,,,,,,,,,,,,,,,,,,,,,,,,,,,,
2024-06-03 18:18:10,2024-06-03 18:18:10,2,,100,0,1,2024-06-03 18:18:10,R_9Qy2H34J4vhb7oy,,,,,,,test,,1,4,2,,,,,,,,,,,,,,,,,,,,,,,,,,,,,,,,,,,,,,,,,,,,,,,,,,,,,,,,,,,,,
2024-06-03 18:18:10,2024-06-03 18:18:10,2,,100,0,1,2024-06-03 18:18:10,R_0TfHuiMYIQl4uKq,,,,,,,test,,1,4,1,,,,,,,,,,,,,,,,,,,,,,,,,,,,,,,,,,,,,,,,,,,,,,,,,,,,,,,,,,,,,
2024-06-03 18:18:10,2024-06-03 18:18:10,2,,100,0,1,2024-06-03 18:18:10,R_efVjPs0Zc3vN7jE,,,,,,,test,,1,2,1,,,,,,,,,,,,,,,,,,,,,,,,,,,,,,,,,,,,,,,,,,,,,,,,,,,,,,,,,,,,,
2024-06-03 18:18:10,2024-06-03 18:18:10,2,,100,0,1,2024-06-03 18:18:11,R_6gpBmcEWGxCxd1Y,,,,,,,test,,2,,,,,,,,,,,,,,,,,,,,,,,,,,,,,,,,,,,,,,,,,,,,,,,,,,,,,,,,,,,,,,,
2024-06-03 18:18:11,2024-06-03 18:18:11,2,,100,0,1,2024-06-03 18:18:11,R_diFK3dt6q7gLct8,,,,,,,test,,1,2,2,,,,,,,,,,,,,,,,,,,6.44,8.85,8.71,29,3.88,5.17,4.49,42,71,21,65,44,,,,,,,,,2,1,46,3,,Vehicula? Et vitae venenatis culpa suspendisse tortor integer dignissim? Eleifend.,2,,,,,,FL_40,,FL_99,,,,,Q90|vB_mf_sue|vA_sue|vB_driver_sue,Q71|avoid,,
2024-06-03 18:18:11,2024-06-03 18:18:11,2,,100,0,1,2024-06-03 18:18:11,R_6XSironFBnuXlxI,,,,,,,test,,2,,,,,,,,,,,,,,,,,,,,,,,,,,,,,,,,,,,,,,,,,,,,,,,,,,,,,,,,,,,,,,,
2024-06-03 18:18:11,2024-06-03 18:18:11,2,,100,0,1,2024-06-03 18:18:12,R_9HRtJrsEqCmCl0y,,,,,,,test,,1,3,2,,,,,,,,,,,,,,,,,,,,,,,,,,,,,,,,,,,,,,,,,,,,,,,,,,,,,,,,,,,,,
2024-06-03 18:18:12,2024-06-03 18:18:12,2,,100,0,1,2024-06-03 18:18:12,R_6o24WNuDA0hW5LM,,,,,,,test,,1,1,2,,,,,,,,,,,,,,,,,,,,,,,,,,,,,,,,,,,,,,,,,,,,,,,,,,,,,,,,,,,,,
2024-06-03 18:18:12,2024-06-03 18:18:12,2,,100,0,1,2024-06-03 18:18:12,R_a8CVlYopQaA16bI,,,,,,,test,,2,,,,,,,,,,,,,,,,,,,,,,,,,,,,,,,,,,,,,,,,,,,,,,,,,,,,,,,,,,,,,,,
2024-06-03 18:18:12,2024-06-03 18:18:12,2,,100,0,1,2024-06-03 18:18:12,R_cVkBxrPlDnG1bCe,,,,,,,test,,1,1,1,,,,,,,,,,,,,,,,,,,,,,,,,,,,,,,,,,,,,,,,,,,,,,,,,,,,,,,,,,,,,
2024-06-03 18:18:12,2024-06-03 18:18:12,2,,100,0,1,2024-06-03 18:18:13,R_cYktL1VHvEN6Pae,,,,,,,test,,1,1,2,,,,,,,,,,,,,,,,,,,,,,,,,,,,,,,,,,,,,,,,,,,,,,,,,,,,,,,,,,,,,
2024-06-03 18:18:13,2024-06-03 18:18:13,2,,100,0,1,2024-06-03 18:18:13,R_3y1iqByMhP5SOO2,,,,,,,test,,1,1,1,,,,,,,,,,,,,,,,,,,,,,,,,,,,,,,,,,,,,,,,,,,,,,,,,,,,,,,,,,,,,
2024-06-03 18:18:13,2024-06-03 18:18:13,2,,100,0,1,2024-06-03 18:18:13,R_41jf62Ct10u7Zt4,,,,,,,test,,1,4,1,,,,,,,,,,,,,,,,,,,,,,,,,,,,,,,,,,,,,,,,,,,,,,,,,,,,,,,,,,,,,
2024-06-03 18:18:13,2024-06-03 18:18:13,2,,100,0,1,2024-06-03 18:18:13,R_732KGLeYylDBXdI,,,,,,,test,,1,2,1,,,,,,,,,,,,,,,,,,,,,,,,,,,,,,,,,,,,,,,,,,,,,,,,,,,,,,,,,,,,,
2024-06-03 18:18:13,2024-06-03 18:18:13,2,,100,0,1,2024-06-03 18:18:14,R_3HFuyK0HSioLP3o,,,,,,,test,,1,1,2,,,,,,,,,,,,,,,,,,,,,,,,,,,,,,,,,,,,,,,,,,,,,,,,,,,,,,,,,,,,,
2024-06-03 18:18:14,2024-06-03 18:18:14,2,,100,0,1,2024-06-03 18:18:14,R_b8T5v5fK1wzA7B4,,,,,,,test,,2,,,,,,,,,,,,,,,,,,,,,,,,,,,,,,,,,,,,,,,,,,,,,,,,,,,,,,,,,,,,,,,
2024-06-03 18:18:14,2024-06-03 18:18:14,2,,100,0,1,2024-06-03 18:18:14,R_1A1YrqUbnRaHDVk,,,,,,,test,,1,1,2,,,,,,,,,,,,,,,,,,,,,,,,,,,,,,,,,,,,,,,,,,,,,,,,,,,,,,,,,,,,,
2024-06-03 18:18:14,2024-06-03 18:18:14,2,,100,0,1,2024-06-03 18:18:14,R_40oAFjCPCWOKuai,,,,,,,test,,1,2,1,,,,,,,,,,,,,,,,,,,,,,,,,,,,,,,,,,,,,,,,,,,,,,,,,,,,,,,,,,,,,
2024-06-03 18:18:14,2024-06-03 18:18:15,2,,100,1,1,2024-06-03 18:18:15,R_0Ofnt2qbAgBZVHM,,,,,,,test,,2,,,,,,,,,,,,,,,,,,,,,,,,,,,,,,,,,,,,,,,,,,,,,,,,,,,,,,,,,,,,,,,
2024-06-03 18:18:15,2024-06-03 18:18:15,2,,100,0,1,2024-06-03 18:18:15,R_9XCwISyOgfN5IMe,,,,,,,test,,1,1,2,,,,,,,,,,,,,,,,,,,,,,,,,,,,,,,,,,,,,,,,,,,,,,,,,,,,,,,,,,,,,
2024-06-03 18:18:15,2024-06-03 18:18:15,2,,100,0,1,2024-06-03 18:18:15,R_3eGlYoXwgErFRhc,,,,,,,test,,2,,,,,,,,,,,,,,,,,,,,,,,,,,,,,,,,,,,,,,,,,,,,,,,,,,,,,,,,,,,,,,,
2024-06-03 18:18:15,2024-06-03 18:18:15,2,,100,0,1,2024-06-03 18:18:15,R_bwnISSJphntO0SO,,,,,,,test,,2,,,,,,,,,,,,,,,,,,,,,,,,,,,,,,,,,,,,,,,,,,,,,,,,,,,,,,,,,,,,,,,
2024-06-03 18:18:15,2024-06-03 18:18:15,2,,100,0,1,2024-06-03 18:18:16,R_1RAw7W9ezUDTItU,,,,,,,test,,2,,,,,,,,,,,,,,,,,,,,,,,,,,,,,,,,,,,,,,,,,,,,,,,,,,,,,,,,,,,,,,,
2024-06-03 18:18:16,2024-06-03 18:18:16,2,,100,0,1,2024-06-03 18:18:16,R_bxUcb2AdP1kRy8S,,,,,,,test,,2,,,,,,,,,,,,,,,,,,,,,,,,,,,,,,,,,,,,,,,,,,,,,,,,,,,,,,,,,,,,,,,
2024-06-03 18:18:16,2024-06-03 18:18:16,2,,100,0,1,2024-06-03 18:18:16,R_1TA7Xbn59xJhMbk,,,,,,,test,,2,,,,,,,,,,,,,,,,,,,,,,,,,,,,,,,,,,,,,,,,,,,,,,,,,,,,,,,,,,,,,,,
2024-06-03 18:18:16,2024-06-03 18:18:16,2,,100,0,1,2024-06-03 18:18:16,R_42w95tskO7zeOtU,,,,,,,test,,2,,,,,,,,,,,,,,,,,,,,,,,,,,,,,,,,,,,,,,,,,,,,,,,,,,,,,,,,,,,,,,,
2024-06-03 18:18:16,2024-06-03 18:18:16,2,,100,0,1,2024-06-03 18:18:17,R_24frd76A0tsTuLA,,,,,,,test,,2,,,,,,,,,,,,,,,,,,,,,,,,,,,,,,,,,,,,,,,,,,,,,,,,,,,,,,,,,,,,,,,
2024-06-03 18:18:17,2024-06-03 18:18:17,2,,100,0,1,2024-06-03 18:18:17,R_1KSKiDhSaqp67DU,,,,,,,test,,1,1,2,,,,,,,,,,,,,,,,,,,,,,,,,,,,,,,,,,,,,,,,,,,,,,,,,,,,,,,,,,,,,
2024-06-03 18:18:17,2024-06-03 18:18:17,2,,100,0,1,2024-06-03 18:18:17,R_3NPy4yxoytNw062,,,,,,,test,,1,2,2,1.23,5.65,4.12,7,8.09,9.09,9.07,38,6,85,60,,,,,,,,,,,,,,,,,,,,,,,,,,,,1,1,0,2,,"Lectus, sem at. Vulputate potenti posuere accusamus dui ante auctor mauris dapibus lectus.",2,,,,,,FL_39,FL_93,,Q116|vA_sue_AV|vB_mf_sue_AV,Q122|avoid_AV,,,,,,
2024-06-03 18:18:17,2024-06-03 18:18:17,2,,100,0,1,2024-06-03 18:18:18,R_50wysiqqdK2RskC,,,,,,,test,,2,,,,,,,,,,,,,,,,,,,,,,,,,,,,,,,,,,,,,,,,,,,,,,,,,,,,,,,,,,,,,,,
2024-06-03 18:18:18,2024-06-03 18:18:18,2,,100,0,1,2024-06-03 18:18:18,R_1FyJJruJss3pM58,,,,,,,test,,2,,,,,,,,,,,,,,,,,,,,,,,,,,,,,,,,,,,,,,,,,,,,,,,,,,,,,,,,,,,,,,,
2024-06-03 18:18:18,2024-06-03 18:18:18,2,,100,0,1,2024-06-03 18:18:18,R_4I0VNvegTww8quW,,,,,,,test,,2,,,,,,,,,,,,,,,,,,,,,,,,,,,,,,,,,,,,,,,,,,,,,,,,,,,,,,,,,,,,,,,
2024-06-03 18:18:18,2024-06-03 18:18:18,2,,100,0,1,2024-06-03 18:18:18,R_aWY6edXA8NHNAnY,,,,,,,test,,2,,,,,,,,,,,,,,,,,,,,,,,,,,,,,,,,,,,,,,,,,,,,,,,,,,,,,,,,,,,,,,,
2024-06-03 18:18:18,2024-06-03 18:18:18,2,,100,0,1,2024-06-03 18:18:18,R_6PxeXK2eNT0bMvs,,,,,,,test,,1,4,2,,,,,,,,,,,,,,,,,,,,,,,,,,,,,,,,,,,,,,,,,,,,,,,,,,,,,,,,,,,,,
2024-06-03 18:18:19,2024-06-03 18:18:19,2,,100,0,1,2024-06-03 18:18:19,R_8CDVGTnpoFIJPVk,,,,,,,test,,2,,,,,,,,,,,,,,,,,,,,,,,,,,,,,,,,,,,,,,,,,,,,,,,,,,,,,,,,,,,,,,,
2024-06-03 18:18:19,2024-06-03 18:18:19,2,,100,0,1,2024-06-03 18:18:19,R_cvcYzeXoWCugf8q,,,,,,,test,,1,1,1,,,,,,,,,,,,,,,,,,,,,,,,,,,,,,,,,,,,,,,,,,,,,,,,,,,,,,,,,,,,,
2024-06-03 18:18:19,2024-06-03 18:18:19,2,,100,0,1,2024-06-03 18:18:19,R_39oslr1KDKcMTye,,,,,,,test,,1,1,1,,,,,,,,,,,,,,,,,,,,,,,,,,,,,,,,,,,,,,,,,,,,,,,,,,,,,,,,,,,,,
2024-06-03 18:18:19,2024-06-03 18:18:19,2,,100,0,1,2024-06-03 18:18:19,R_2n5uUTVb8AHJ9Jk,,,,,,,test,,2,,,,,,,,,,,,,,,,,,,,,,,,,,,,,,,,,,,,,,,,,,,,,,,,,,,,,,,,,,,,,,,
2024-06-03 18:18:19,2024-06-03 18:18:19,2,,100,0,1,2024-06-03 18:18:20,R_cC10S762FLlo0my,,,,,,,test,,2,,,,,,,,,,,,,,,,,,,,,,,,,,,,,,,,,,,,,,,,,,,,,,,,,,,,,,,,,,,,,,,
2024-06-03 18:18:20,2024-06-03 18:18:20,2,,100,0,1,2024-06-03 18:18:20,R_esS8jhalidhmHky,,,,,,,test,,2,,,,,,,,,,,,,,,,,,,,,,,,,,,,,,,,,,,,,,,,,,,,,,,,,,,,,,,,,,,,,,,
2024-06-03 18:18:20,2024-06-03 18:18:20,2,,100,0,1,2024-06-03 18:18:20,R_0GK1pt4QAC6mS2y,,,,,,,test,,1,1,1,,,,,,,,,,,,,,,,,,,,,,,,,,,,,,,,,,,,,,,,,,,,,,,,,,,,,,,,,,,,,
2024-06-03 18:18:20,2024-06-03 18:18:20,2,,100,0,1,2024-06-03 18:18:20,R_cx4C86faZd3UTTE,,,,,,,test,,1,3,2,,,,,,,,,,,,,,,,,,,,,,,,,,,,,,,,,,,,,,,,,,,,,,,,,,,,,,,,,,,,,
2024-06-03 18:18:20,2024-06-03 18:18:20,2,,100,0,1,2024-06-03 18:18:21,R_dhZhMOBZemTMX9s,,,,,,,test,,2,,,,,,,,,,,,,,,,,,,,,,,,,,,,,,,,,,,,,,,,,,,,,,,,,,,,,,,,,,,,,,,
2024-06-03 18:18:21,2024-06-03 18:18:21,2,,100,0,1,2024-06-03 18:18:21,R_0xDQoaSoMlGMuXA,,,,,,,test,,2,,,,,,,,,,,,,,,,,,,,,,,,,,,,,,,,,,,,,,,,,,,,,,,,,,,,,,,,,,,,,,,
2024-06-03 18:18:21,2024-06-03 18:18:21,2,,100,0,1,2024-06-03 18:18:21,R_3r6aOVMX9kFUl4a,,,,,,,test,,1,2,2,,,,,,,,,,,,,,,,,,,2.9,6.75,9.48,16,8.04,9.21,9.99,9,,,,,3.73,6.52,9.03,33,75,46,66,41,2,1,55,2,,"Fringilla, ac. Lacus metus. Odio aenean eleifend sem justo luctus id lectus platea sit.",1,,,,,,FL_40,,FL_100,,,,,,,Q164|vB_sue_intv|vA_sue_intv|vB_mf_sue_intv,Q167|avoid_intv
2024-06-03 18:18:21,2024-06-03 18:18:21,2,,100,0,1,2024-06-03 18:18:22,R_9F7q3FFo2gWYD2e,,,,,,,test,,2,,,,,,,,,,,,,,,,,,,,,,,,,,,,,,,,,,,,,,,,,,,,,,,,,,,,,,,,,,,,,,,
2024-06-03 18:18:22,2024-06-03 18:18:22,2,,100,0,1,2024-06-03 18:18:22,R_db5ZBSXph9dk8ei,,,,,,,test,,1,3,2,,,,,,,,,,,,,,,,,,,,,,,,,,,,,,,,,,,,,,,,,,,,,,,,,,,,,,,,,,,,,
2024-06-03 18:18:22,2024-06-03 18:18:22,2,,100,0,1,2024-06-03 18:18:22,R_3IQWpqd1yW0fUGi,,,,,,,test,,2,,,,,,,,,,,,,,,,,,,,,,,,,,,,,,,,,,,,,,,,,,,,,,,,,,,,,,,,,,,,,,,
2024-06-03 18:18:22,2024-06-03 18:18:22,2,,100,0,1,2024-06-03 18:18:22,R_bCM9PFvJTM6lzsq,,,,,,,test,,1,2,1,,,,,,,,,,,,,,,,,,,,,,,,,,,,,,,,,,,,,,,,,,,,,,,,,,,,,,,,,,,,,
2024-06-03 18:18:22,2024-06-03 18:18:22,2,,100,0,1,2024-06-03 18:18:22,R_6zMc1JjbUyum1F4,,,,,,,test,,2,,,,,,,,,,,,,,,,,,,,,,,,,,,,,,,,,,,,,,,,,,,,,,,,,,,,,,,,,,,,,,,
2024-06-03 18:18:23,2024-06-03 18:18:23,2,,100,0,1,2024-06-03 18:18:23,R_3ODtLfrG4hoNQrQ,,,,,,,test,,1,4,1,,,,,,,,,,,,,,,,,,,,,,,,,,,,,,,,,,,,,,,,,,,,,,,,,,,,,,,,,,,,,
2024-06-03 18:18:23,2024-06-03 18:18:23,2,,100,0,1,2024-06-03 18:18:23,R_5hBnsgnCwDt0qFw,,,,,,,test,,2,,,,,,,,,,,,,,,,,,,,,,,,,,,,,,,,,,,,,,,,,,,,,,,,,,,,,,,,,,,,,,,
2024-06-03 18:18:23,2024-06-03 18:18:23,2,,100,0,1,2024-06-03 18:18:23,R_6ldV3BiaPQ9NZFY,,,,,,,test,,2,,,,,,,,,,,,,,,,,,,,,,,,,,,,,,,,,,,,,,,,,,,,,,,,,,,,,,,,,,,,,,,
2024-06-03 18:18:23,2024-06-03 18:18:23,2,,100,0,1,2024-06-03 18:18:23,R_5hErlWko70F5zQq,,,,,,,test,,1,4,1,,,,,,,,,,,,,,,,,,,,,,,,,,,,,,,,,,,,,,,,,,,,,,,,,,,,,,,,,,,,,
2024-06-03 18:18:23,2024-06-03 18:18:24,2,,100,1,1,2024-06-03 18:18:24,R_6SGuZPhf24sEhpk,,,,,,,test,,1,2,2,2.74,9.09,6.35,34,5.45,5.5,5.81,41,,,,6.29,8.99,9.21,36,30,98,27,,,,,,,,,,,,,,,,,,,,,1,2,59,3,,"Placerat! Potenti, sed per temporibus? Ipsum imperdiet magna rhoncus est ullamcorper.",6,,,,,,FL_39,FL_94,,,,Q155|vA_sue_AV_intv|vB_mf_sue_AV_intv,Q158|avoid_AV_intv,,,,
2024-06-03 18:18:24,2024-06-03 18:18:24,2,,100,0,1,2024-06-03 18:18:24,R_e9X7CTWs2TUYVhA,,,,,,,test,,1,3,2,,,,,,,,,,,,,,,,,,,,,,,,,,,,,,,,,,,,,,,,,,,,,,,,,,,,,,,,,,,,,
2024-06-03 18:18:24,2024-06-03 18:18:24,2,,100,0,1,2024-06-03 18:18:24,R_6tAOXRWR9G1k8dM,,,,,,,test,,2,,,,,,,,,,,,,,,,,,,,,,,,,,,,,,,,,,,,,,,,,,,,,,,,,,,,,,,,,,,,,,,
2024-06-03 18:18:24,2024-06-03 18:18:24,2,,100,0,1,2024-06-03 18:18:25,R_6hAR8wUc0RjM0qa,,,,,,,test,,2,,,,,,,,,,,,,,,,,,,,,,,,,,,,,,,,,,,,,,,,,,,,,,,,,,,,,,,,,,,,,,,
2024-06-03 18:18:25,2024-06-03 18:18:25,2,,100,0,1,2024-06-03 18:18:25,R_e3EvDFhNponUJhA,,,,,,,test,,2,,,,,,,,,,,,,,,,,,,,,,,,,,,,,,,,,,,,,,,,,,,,,,,,,,,,,,,,,,,,,,,
2024-06-03 18:18:25,2024-06-03 18:18:25,2,,100,0,1,2024-06-03 18:18:25,R_0Vs0HSCHt3RKsE6,,,,,,,test,,1,2,1,,,,,,,,,,,,,,,,,,,,,,,,,,,,,,,,,,,,,,,,,,,,,,,,,,,,,,,,,,,,,
2024-06-03 18:18:25,2024-06-03 18:18:25,2,,100,0,1,2024-06-03 18:18:25,R_cGR8LA4yzNlc0IK,,,,,,,test,,2,,,,,,,,,,,,,,,,,,,,,,,,,,,,,,,,,,,,,,,,,,,,,,,,,,,,,,,,,,,,,,,
2024-06-03 18:18:25,2024-06-03 18:18:25,2,,100,0,1,2024-06-03 18:18:26,R_03ssZNm077ECUhU,,,,,,,test,,1,3,2,,,,,,,,,,,,,,,,,,,,,,,,,,,,,,,,,,,,,,,,,,,,,,,,,,,,,,,,,,,,,
2024-06-03 18:18:26,2024-06-03 18:18:26,2,,100,0,1,2024-06-03 18:18:26,R_1TvEtaps0otGoXY,,,,,,,test,,1,3,1,,,,,,,,,,,,,,,,,,,,,,,,,,,,,,,,,,,,,,,,,,,,,,,,,,,,,,,,,,,,,
2024-06-03 18:18:26,2024-06-03 18:18:26,2,,100,0,1,2024-06-03 18:18:26,R_dmdjio1dOtUgPSC,,,,,,,test,,2,,,,,,,,,,,,,,,,,,,,,,,,,,,,,,,,,,,,,,,,,,,,,,,,,,,,,,,,,,,,,,,
2024-06-03 18:18:26,2024-06-03 18:18:26,2,,100,0,1,2024-06-03 18:18:26,R_eagdYh9LkbSP9P0,,,,,,,test,,1,1,2,,,,,,,,,,,,,,,,,,,,,,,,,,,,,,,,,,,,,,,,,,,,,,,,,,,,,,,,,,,,,
2024-06-03 18:18:27,2024-06-03 18:18:27,2,,100,0,1,2024-06-03 18:18:27,R_0UnGWhh1Yf0CQxE,,,,,,,test,,1,2,1,,,,,,,,,,,,,,,,,,,,,,,,,,,,,,,,,,,,,,,,,,,,,,,,,,,,,,,,,,,,,
2024-06-03 18:18:27,2024-06-03 18:18:27,2,,100,0,1,2024-06-03 18:18:27,R_e3xrteheRJnnXO6,,,,,,,test,,1,1,1,,,,,,,,,,,,,,,,,,,,,,,,,,,,,,,,,,,,,,,,,,,,,,,,,,,,,,,,,,,,,
2024-06-03 18:18:27,2024-06-03 18:18:27,2,,100,0,1,2024-06-03 18:18:27,R_4JjBQ4eDZnxQbAO,,,,,,,test,,2,,,,,,,,,,,,,,,,,,,,,,,,,,,,,,,,,,,,,,,,,,,,,,,,,,,,,,,,,,,,,,,
2024-06-03 18:18:27,2024-06-03 18:18:27,2,,100,0,1,2024-06-03 18:18:28,R_bpB4EErZyRHkoiW,,,,,,,test,,1,3,2,,,,,,,,,,,,,,,,,,,,,,,,,,,,,,,,,,,,,,,,,,,,,,,,,,,,,,,,,,,,,
2024-06-03 18:18:28,2024-06-03 18:18:28,2,,100,0,1,2024-06-03 18:18:28,R_e3TiZdGWskqbMsm,,,,,,,test,,2,,,,,,,,,,,,,,,,,,,,,,,,,,,,,,,,,,,,,,,,,,,,,,,,,,,,,,,,,,,,,,,
2024-06-03 18:18:28,2024-06-03 18:18:28,2,,100,0,1,2024-06-03 18:18:28,R_cvw1eu3m10g8Ds2,,,,,,,test,,2,,,,,,,,,,,,,,,,,,,,,,,,,,,,,,,,,,,,,,,,,,,,,,,,,,,,,,,,,,,,,,,
2024-06-03 18:18:28,2024-06-03 18:18:28,2,,100,0,1,2024-06-03 18:18:28,R_ekUWa1HptRJn58G,,,,,,,test,,2,,,,,,,,,,,,,,,,,,,,,,,,,,,,,,,,,,,,,,,,,,,,,,,,,,,,,,,,,,,,,,,
2024-06-03 18:18:28,2024-06-03 18:18:28,2,,100,0,1,2024-06-03 18:18:28,R_2lZ4L8ckF44Z94O,,,,,,,test,,1,2,1,,,,,,,,,,,,,,,,,,,,,,,,,,,,,,,,,,,,,,,,,,,,,,,,,,,,,,,,,,,,,
2024-06-03 18:18:29,2024-06-03 18:18:29,2,,100,0,1,2024-06-03 18:18:29,R_b3oZIJ1BpdxlPFA,,,,,,,test,,2,,,,,,,,,,,,,,,,,,,,,,,,,,,,,,,,,,,,,,,,,,,,,,,,,,,,,,,,,,,,,,,
2024-06-03 18:18:29,2024-06-03 18:18:29,2,,100,0,1,2024-06-03 18:18:29,R_0jspmfk1O3yTxbM,,,,,,,test,,1,1,2,,,,,,,,,,,,,,,,,,,,,,,,,,,,,,,,,,,,,,,,,,,,,,,,,,,,,,,,,,,,,
2024-06-03 18:18:29,2024-06-03 18:18:29,2,,100,0,1,2024-06-03 18:18:29,R_cHNHzDDqlG5hHRs,,,,,,,test,,2,,,,,,,,,,,,,,,,,,,,,,,,,,,,,,,,,,,,,,,,,,,,,,,,,,,,,,,,,,,,,,,
2024-06-03 18:18:29,2024-06-03 18:18:29,2,,100,0,1,2024-06-03 18:18:29,R_ebNzZxXZJSZtkhg,,,,,,,test,,2,,,,,,,,,,,,,,,,,,,,,,,,,,,,,,,,,,,,,,,,,,,,,,,,,,,,,,,,,,,,,,,
2024-06-03 18:18:30,2024-06-03 18:18:30,2,,100,0,1,2024-06-03 18:18:30,R_cZ7qGliwAHmACZE,,,,,,,test,,2,,,,,,,,,,,,,,,,,,,,,,,,,,,,,,,,,,,,,,,,,,,,,,,,,,,,,,,,,,,,,,,
2024-06-03 18:18:30,2024-06-03 18:18:30,2,,100,0,1,2024-06-03 18:18:30,R_5dTADOvNwP3h9uS,,,,,,,test,,1,2,1,,,,,,,,,,,,,,,,,,,,,,,,,,,,,,,,,,,,,,,,,,,,,,,,,,,,,,,,,,,,,
2024-06-03 18:18:30,2024-06-03 18:18:30,2,,100,0,1,2024-06-03 18:18:30,R_1AgFBkvxcCksZhQ,,,,,,,test,,2,,,,,,,,,,,,,,,,,,,,,,,,,,,,,,,,,,,,,,,,,,,,,,,,,,,,,,,,,,,,,,,
2024-06-03 18:18:30,2024-06-03 18:18:30,2,,100,0,1,2024-06-03 18:18:31,R_9zfenMwgoGL4ieG,,,,,,,test,,1,3,2,,,,,,,,,,,,,,,,,,,,,,,,,,,,,,,,,,,,,,,,,,,,,,,,,,,,,,,,,,,,,
2024-06-03 18:18:31,2024-06-03 18:18:31,2,,100,0,1,2024-06-03 18:18:31,R_d0xXG16HfbUSQwC,,,,,,,test,,1,4,1,,,,,,,,,,,,,,,,,,,,,,,,,,,,,,,,,,,,,,,,,,,,,,,,,,,,,,,,,,,,,
2024-06-03 18:18:31,2024-06-03 18:18:31,2,,100,0,1,2024-06-03 18:18:31,R_07AGOsnzvSLrUc6,,,,,,,test,,2,,,,,,,,,,,,,,,,,,,,,,,,,,,,,,,,,,,,,,,,,,,,,,,,,,,,,,,,,,,,,,,
2024-06-03 18:18:31,2024-06-03 18:18:31,2,,100,0,1,2024-06-03 18:18:32,R_cuQde3CIAsRYPI2,,,,,,,test,,1,2,2,,,,,,,,,,,,,,,,,,,4.17,7.63,6.97,14,1.99,2.88,6.18,32,72,12,22,55,,,,,,,,,2,1,75,4,Tempora cras aliquet posuere. Pretium vehicula! Luctus consectetuer. Rutrum porta. Vitae eget magna.,"Ut blandit, non. Per. Fringilla? Dapibus! Elit. Luctus vestibulum elit.",7,,,,,,FL_40,,FL_99,,,,,Q90|vB_mf_sue|vB_driver_sue|vA_sue,Q71|avoid,,
2024-06-03 18:18:32,2024-06-03 18:18:32,2,,100,0,1,2024-06-03 18:18:32,R_8qqXQKStPx7IBYq,,,,,,,test,,2,,,,,,,,,,,,,,,,,,,,,,,,,,,,,,,,,,,,,,,,,,,,,,,,,,,,,,,,,,,,,,,
2024-06-03 18:18:32,2024-06-03 18:18:32,2,,100,0,1,2024-06-03 18:18:32,R_38C3W6XdwMZs7bM,,,,,,,test,,2,,,,,,,,,,,,,,,,,,,,,,,,,,,,,,,,,,,,,,,,,,,,,,,,,,,,,,,,,,,,,,,
2024-06-03 18:18:32,2024-06-03 18:18:32,2,,100,0,1,2024-06-03 18:18:32,R_8ctPCM0WgG2SQXs,,,,,,,test,,2,,,,,,,,,,,,,,,,,,,,,,,,,,,,,,,,,,,,,,,,,,,,,,,,,,,,,,,,,,,,,,,
2024-06-03 18:18:32,2024-06-03 18:18:32,2,,100,0,1,2024-06-03 18:18:33,R_cHAxlKi45BFt2p8,,,,,,,test,,1,4,2,,,,,,,,,,,,,,,,,,,,,,,,,,,,,,,,,,,,,,,,,,,,,,,,,,,,,,,,,,,,,
2024-06-03 18:18:33,2024-06-03 18:18:33,2,,100,0,1,2024-06-03 18:18:33,R_2nq4ZreqOaryAwS,,,,,,,test,,2,,,,,,,,,,,,,,,,,,,,,,,,,,,,,,,,,,,,,,,,,,,,,,,,,,,,,,,,,,,,,,,
2024-06-03 18:18:33,2024-06-03 18:18:33,2,,100,0,1,2024-06-03 18:18:33,R_55OI6aZEmPnmsWa,,,,,,,test,,2,,,,,,,,,,,,,,,,,,,,,,,,,,,,,,,,,,,,,,,,,,,,,,,,,,,,,,,,,,,,,,,
2024-06-03 18:18:33,2024-06-03 18:18:33,2,,100,0,1,2024-06-03 18:18:33,R_9FcbwGAHjLAEVts,,,,,,,test,,2,,,,,,,,,,,,,,,,,,,,,,,,,,,,,,,,,,,,,,,,,,,,,,,,,,,,,,,,,,,,,,,
2024-06-03 18:18:33,2024-06-03 18:18:33,2,,100,0,1,2024-06-03 18:18:33,R_514H5UfBNMpX33E,,,,,,,test,,2,,,,,,,,,,,,,,,,,,,,,,,,,,,,,,,,,,,,,,,,,,,,,,,,,,,,,,,,,,,,,,,
2024-06-03 18:18:34,2024-06-03 18:18:34,2,,100,0,1,2024-06-03 18:18:34,R_38UwQm1ULZHmODc,,,,,,,test,,1,4,1,,,,,,,,,,,,,,,,,,,,,,,,,,,,,,,,,,,,,,,,,,,,,,,,,,,,,,,,,,,,,
2024-06-03 18:18:34,2024-06-03 18:18:34,2,,100,0,1,2024-06-03 18:18:34,R_ekvjZy0T5c8i3ps,,,,,,,test,,2,,,,,,,,,,,,,,,,,,,,,,,,,,,,,,,,,,,,,,,,,,,,,,,,,,,,,,,,,,,,,,,
2024-06-03 18:18:34,2024-06-03 18:18:34,2,,100,0,1,2024-06-03 18:18:34,R_eJLNeNJlMS4fYou,,,,,,,test,,1,2,1,,,,,,,,,,,,,,,,,,,,,,,,,,,,,,,,,,,,,,,,,,,,,,,,,,,,,,,,,,,,,
2024-06-03 18:18:34,2024-06-03 18:18:34,2,,100,0,1,2024-06-03 18:18:34,R_2avHmNrGyx8OJ1A,,,,,,,test,,2,,,,,,,,,,,,,,,,,,,,,,,,,,,,,,,,,,,,,,,,,,,,,,,,,,,,,,,,,,,,,,,
2024-06-03 18:18:34,2024-06-03 18:18:35,2,,100,1,1,2024-06-03 18:18:35,R_6gu8HxhAZsZbOmi,,,,,,,test,,1,4,2,,,,,,,,,,,,,,,,,,,,,,,,,,,,,,,,,,,,,,,,,,,,,,,,,,,,,,,,,,,,,
2024-06-03 18:18:35,2024-06-03 18:18:35,2,,100,0,1,2024-06-03 18:18:35,R_3epY0hoE87IM5F4,,,,,,,test,,1,3,2,,,,,,,,,,,,,,,,,,,,,,,,,,,,,,,,,,,,,,,,,,,,,,,,,,,,,,,,,,,,,
2024-06-03 18:18:35,2024-06-03 18:18:35,2,,100,0,1,2024-06-03 18:18:35,R_5i2P4ud3qk1t0Mu,,,,,,,test,,2,,,,,,,,,,,,,,,,,,,,,,,,,,,,,,,,,,,,,,,,,,,,,,,,,,,,,,,,,,,,,,,
2024-06-03 18:18:35,2024-06-03 18:18:35,2,,100,0,1,2024-06-03 18:18:35,R_4SnG5GnwWDOpssS,,,,,,,test,,2,,,,,,,,,,,,,,,,,,,,,,,,,,,,,,,,,,,,,,,,,,,,,,,,,,,,,,,,,,,,,,,
2024-06-03 18:18:35,2024-06-03 18:18:35,2,,100,0,1,2024-06-03 18:18:36,R_cC0HqgXPhXiS0DA,,,,,,,test,,1,4,1,,,,,,,,,,,,,,,,,,,,,,,,,,,,,,,,,,,,,,,,,,,,,,,,,,,,,,,,,,,,,
2024-06-03 18:18:36,2024-06-03 18:18:36,2,,100,0,1,2024-06-03 18:18:36,R_0qvX5SZIjAvpds2,,,,,,,test,,2,,,,,,,,,,,,,,,,,,,,,,,,,,,,,,,,,,,,,,,,,,,,,,,,,,,,,,,,,,,,,,,
2024-06-03 18:18:36,2024-06-03 18:18:36,2,,100,0,1,2024-06-03 18:18:36,R_6xjDyXnjPTASV6u,,,,,,,test,,2,,,,,,,,,,,,,,,,,,,,,,,,,,,,,,,,,,,,,,,,,,,,,,,,,,,,,,,,,,,,,,,
2024-06-03 18:18:36,2024-06-03 18:18:36,2,,100,0,1,2024-06-03 18:18:36,R_8l955MdM3qmCplY,,,,,,,test,,1,3,1,,,,,,,,,,,,,,,,,,,,,,,,,,,,,,,,,,,,,,,,,,,,,,,,,,,,,,,,,,,,,
2024-06-03 18:18:36,2024-06-03 18:18:36,2,,100,0,1,2024-06-03 18:18:37,R_9H0GlER4PDxAWYC,,,,,,,test,,2,,,,,,,,,,,,,,,,,,,,,,,,,,,,,,,,,,,,,,,,,,,,,,,,,,,,,,,,,,,,,,,
2024-06-03 18:18:37,2024-06-03 18:18:37,2,,100,0,1,2024-06-03 18:18:37,R_cAzBXpMKZgKqB6e,,,,,,,test,,2,,,,,,,,,,,,,,,,,,,,,,,,,,,,,,,,,,,,,,,,,,,,,,,,,,,,,,,,,,,,,,,
2024-06-03 18:18:37,2024-06-03 18:18:37,2,,100,0,1,2024-06-03 18:18:37,R_2lXzKk5Mcgk4yfs,,,,,,,test,,2,,,,,,,,,,,,,,,,,,,,,,,,,,,,,,,,,,,,,,,,,,,,,,,,,,,,,,,,,,,,,,,
2024-06-03 18:18:37,2024-06-03 18:18:37,2,,100,0,1,2024-06-03 18:18:37,R_3luRHPNRfiFY3Uq,,,,,,,test,,2,,,,,,,,,,,,,,,,,,,,,,,,,,,,,,,,,,,,,,,,,,,,,,,,,,,,,,,,,,,,,,,
2024-06-03 18:18:37,2024-06-03 18:18:37,2,,100,0,1,2024-06-03 18:18:38,R_bfObf0ouTNcDvrU,,,,,,,test,,2,,,,,,,,,,,,,,,,,,,,,,,,,,,,,,,,,,,,,,,,,,,,,,,,,,,,,,,,,,,,,,,
2024-06-03 18:18:38,2024-06-03 18:18:38,2,,100,0,1,2024-06-03 18:18:38,R_3lqPUQGCodeih1Q,,,,,,,test,,2,,,,,,,,,,,,,,,,,,,,,,,,,,,,,,,,,,,,,,,,,,,,,,,,,,,,,,,,,,,,,,,
2024-06-03 18:18:38,2024-06-03 18:18:38,2,,100,0,1,2024-06-03 18:18:38,R_73qdmL69L6OS1Po,,,,,,,test,,1,3,1,,,,,,,,,,,,,,,,,,,,,,,,,,,,,,,,,,,,,,,,,,,,,,,,,,,,,,,,,,,,,
2024-06-03 18:18:38,2024-06-03 18:18:38,2,,100,0,1,2024-06-03 18:18:38,R_cuwPrMUnJsmoZ2m,,,,,,,test,,1,4,2,,,,,,,,,,,,,,,,,,,,,,,,,,,,,,,,,,,,,,,,,,,,,,,,,,,,,,,,,,,,,
2024-06-03 18:18:38,2024-06-03 18:18:38,2,,100,0,1,2024-06-03 18:18:39,R_87YSNb8AoeyuNG6,,,,,,,test,,1,4,1,,,,,,,,,,,,,,,,,,,,,,,,,,,,,,,,,,,,,,,,,,,,,,,,,,,,,,,,,,,,,
2024-06-03 18:18:39,2024-06-03 18:18:39,2,,100,0,1,2024-06-03 18:18:39,R_5zn2hVi3OX2tHoi,,,,,,,test,,2,,,,,,,,,,,,,,,,,,,,,,,,,,,,,,,,,,,,,,,,,,,,,,,,,,,,,,,,,,,,,,,
2024-06-03 18:18:39,2024-06-03 18:18:39,2,,100,0,1,2024-06-03 18:18:39,R_6gocqrfPZBKBopw,,,,,,,test,,2,,,,,,,,,,,,,,,,,,,,,,,,,,,,,,,,,,,,,,,,,,,,,,,,,,,,,,,,,,,,,,,
2024-06-03 18:18:39,2024-06-03 18:18:39,2,,100,0,1,2024-06-03 18:18:39,R_8kMXTJqzunVRGbc,,,,,,,test,,1,4,1,,,,,,,,,,,,,,,,,,,,,,,,,,,,,,,,,,,,,,,,,,,,,,,,,,,,,,,,,,,,,
2024-06-03 18:18:39,2024-06-03 18:18:40,2,,100,1,1,2024-06-03 18:18:40,R_07IGcxC7dTYU5uK,,,,,,,test,,1,1,2,,,,,,,,,,,,,,,,,,,,,,,,,,,,,,,,,,,,,,,,,,,,,,,,,,,,,,,,,,,,,
2024-06-03 18:18:40,2024-06-03 18:18:40,2,,100,0,1,2024-06-03 18:18:40,R_6S5AgeKg6UXTTxk,,,,,,,test,,2,,,,,,,,,,,,,,,,,,,,,,,,,,,,,,,,,,,,,,,,,,,,,,,,,,,,,,,,,,,,,,,
2024-06-03 18:18:40,2024-06-03 18:18:40,2,,100,0,1,2024-06-03 18:18:40,R_b8y50gOMPpXScn4,,,,,,,test,,2,,,,,,,,,,,,,,,,,,,,,,,,,,,,,,,,,,,,,,,,,,,,,,,,,,,,,,,,,,,,,,,
2024-06-03 18:18:40,2024-06-03 18:18:40,2,,100,0,1,2024-06-03 18:18:40,R_8okTXa3dnngLWrc,,,,,,,test,,2,,,,,,,,,,,,,,,,,,,,,,,,,,,,,,,,,,,,,,,,,,,,,,,,,,,,,,,,,,,,,,,
2024-06-03 18:18:40,2024-06-03 18:18:40,2,,100,0,1,2024-06-03 18:18:41,R_eFKJhgc5I0O2S46,,,,,,,test,,2,,,,,,,,,,,,,,,,,,,,,,,,,,,,,,,,,,,,,,,,,,,,,,,,,,,,,,,,,,,,,,,
2024-06-03 18:18:41,2024-06-03 18:18:41,2,,100,0,1,2024-06-03 18:18:41,R_er2PzC1cWXheIwS,,,,,,,test,,1,2,1,,,,,,,,,,,,,,,,,,,,,,,,,,,,,,,,,,,,,,,,,,,,,,,,,,,,,,,,,,,,,
2024-06-03 18:18:41,2024-06-03 18:18:41,2,,100,0,1,2024-06-03 18:18:41,R_6ED6l2RWRzsEovA,,,,,,,test,,2,,,,,,,,,,,,,,,,,,,,,,,,,,,,,,,,,,,,,,,,,,,,,,,,,,,,,,,,,,,,,,,
2024-06-03 18:18:41,2024-06-03 18:18:41,2,,100,0,1,2024-06-03 18:18:41,R_a3jFwZeN4UUpo7s,,,,,,,test,,1,4,1,,,,,,,,,,,,,,,,,,,,,,,,,,,,,,,,,,,,,,,,,,,,,,,,,,,,,,,,,,,,,
2024-06-03 18:18:41,2024-06-03 18:18:42,2,,100,1,1,2024-06-03 18:18:42,R_b0YnTCrgRxyEwg6,,,,,,,test,,1,2,1,,,,,,,,,,,,,,,,,,,,,,,,,,,,,,,,,,,,,,,,,,,,,,,,,,,,,,,,,,,,,
2024-06-03 18:18:42,2024-06-03 18:18:42,2,,100,0,1,2024-06-03 18:18:42,R_ePzWyAeX87jMN1k,,,,,,,test,,2,,,,,,,,,,,,,,,,,,,,,,,,,,,,,,,,,,,,,,,,,,,,,,,,,,,,,,,,,,,,,,,
2024-06-03 18:18:42,2024-06-03 18:18:42,2,,100,0,1,2024-06-03 18:18:42,R_3OYgEHh08aM3mL4,,,,,,,test,,2,,,,,,,,,,,,,,,,,,,,,,,,,,,,,,,,,,,,,,,,,,,,,,,,,,,,,,,,,,,,,,,
2024-06-03 18:18:42,2024-06-03 18:18:42,2,,100,0,1,2024-06-03 18:18:42,R_3P0Jx8fymN1N4a2,,,,,,,test,,2,,,,,,,,,,,,,,,,,,,,,,,,,,,,,,,,,,,,,,,,,,,,,,,,,,,,,,,,,,,,,,,
2024-06-03 18:18:42,2024-06-03 18:18:42,2,,100,0,1,2024-06-03 18:18:43,R_5vi3WiFGVlp170y,,,,,,,test,,1,2,1,,,,,,,,,,,,,,,,,,,,,,,,,,,,,,,,,,,,,,,,,,,,,,,,,,,,,,,,,,,,,
2024-06-03 18:18:43,2024-06-03 18:18:43,2,,100,0,1,2024-06-03 18:18:43,R_9YzP7WUW7L3I2DY,,,,,,,test,,2,,,,,,,,,,,,,,,,,,,,,,,,,,,,,,,,,,,,,,,,,,,,,,,,,,,,,,,,,,,,,,,
2024-06-03 18:18:43,2024-06-03 18:18:43,2,,100,0,1,2024-06-03 18:18:43,R_8G5A1SVFQV7Og7Q,,,,,,,test,,2,,,,,,,,,,,,,,,,,,,,,,,,,,,,,,,,,,,,,,,,,,,,,,,,,,,,,,,,,,,,,,,
2024-06-03 18:18:43,2024-06-03 18:18:43,2,,100,0,1,2024-06-03 18:18:43,R_8waLAXCgvApe246,,,,,,,test,,1,2,1,,,,,,,,,,,,,,,,,,,,,,,,,,,,,,,,,,,,,,,,,,,,,,,,,,,,,,,,,,,,,
2024-06-03 18:18:43,2024-06-03 18:18:43,2,,100,0,1,2024-06-03 18:18:44,R_eh8KpapIc5ZOLFs,,,,,,,test,,2,,,,,,,,,,,,,,,,,,,,,,,,,,,,,,,,,,,,,,,,,,,,,,,,,,,,,,,,,,,,,,,
2024-06-03 18:18:44,2024-06-03 18:18:44,2,,100,0,1,2024-06-03 18:18:44,R_1QTa3xvZYZyz8Tc,,,,,,,test,,1,2,1,,,,,,,,,,,,,,,,,,,,,,,,,,,,,,,,,,,,,,,,,,,,,,,,,,,,,,,,,,,,,
2024-06-03 18:18:44,2024-06-03 18:18:44,2,,100,0,1,2024-06-03 18:18:44,R_3FcT2GYjnUW0lBY,,,,,,,test,,2,,,,,,,,,,,,,,,,,,,,,,,,,,,,,,,,,,,,,,,,,,,,,,,,,,,,,,,,,,,,,,,
2024-06-03 18:18:44,2024-06-03 18:18:44,2,,100,0,1,2024-06-03 18:18:44,R_51hZqamqfLl42dE,,,,,,,test,,2,,,,,,,,,,,,,,,,,,,,,,,,,,,,,,,,,,,,,,,,,,,,,,,,,,,,,,,,,,,,,,,
2024-06-03 18:18:44,2024-06-03 18:18:44,2,,100,0,1,2024-06-03 18:18:45,R_6foEiEwM1E3UPVs,,,,,,,test,,2,,,,,,,,,,,,,,,,,,,,,,,,,,,,,,,,,,,,,,,,,,,,,,,,,,,,,,,,,,,,,,,
2024-06-03 18:18:45,2024-06-03 18:18:45,2,,100,0,1,2024-06-03 18:18:45,R_dh8wBa8057liUCO,,,,,,,test,,1,3,2,,,,,,,,,,,,,,,,,,,,,,,,,,,,,,,,,,,,,,,,,,,,,,,,,,,,,,,,,,,,,
2024-06-03 18:18:45,2024-06-03 18:18:45,2,,100,0,1,2024-06-03 18:18:45,R_8vPbGibioOcKtbU,,,,,,,test,,2,,,,,,,,,,,,,,,,,,,,,,,,,,,,,,,,,,,,,,,,,,,,,,,,,,,,,,,,,,,,,,,
2024-06-03 18:18:45,2024-06-03 18:18:45,2,,100,0,1,2024-06-03 18:18:45,R_3CY1JKAoQVM1vNQ,,,,,,,test,,2,,,,,,,,,,,,,,,,,,,,,,,,,,,,,,,,,,,,,,,,,,,,,,,,,,,,,,,,,,,,,,,
2024-06-03 18:18:45,2024-06-03 18:18:45,2,,100,0,1,2024-06-03 18:18:46,R_bxb12n5b87CFT3o,,,,,,,test,,2,,,,,,,,,,,,,,,,,,,,,,,,,,,,,,,,,,,,,,,,,,,,,,,,,,,,,,,,,,,,,,,
2024-06-03 18:18:46,2024-06-03 18:18:46,2,,100,0,1,2024-06-03 18:18:46,R_7UJFEZLg8N23wsS,,,,,,,test,,2,,,,,,,,,,,,,,,,,,,,,,,,,,,,,,,,,,,,,,,,,,,,,,,,,,,,,,,,,,,,,,,
2024-06-03 18:18:46,2024-06-03 18:18:46,2,,100,0,1,2024-06-03 18:18:46,R_cMC23owzLqqKILA,,,,,,,test,,1,3,2,,,,,,,,,,,,,,,,,,,,,,,,,,,,,,,,,,,,,,,,,,,,,,,,,,,,,,,,,,,,,
2024-06-03 18:18:46,2024-06-03 18:18:46,2,,100,0,1,2024-06-03 18:18:46,R_9SU4iszMBqEpAcS,,,,,,,test,,2,,,,,,,,,,,,,,,,,,,,,,,,,,,,,,,,,,,,,,,,,,,,,,,,,,,,,,,,,,,,,,,
2024-06-03 18:18:46,2024-06-03 18:18:46,2,,100,0,1,2024-06-03 18:18:46,R_cOwopca0k68lc0u,,,,,,,test,,2,,,,,,,,,,,,,,,,,,,,,,,,,,,,,,,,,,,,,,,,,,,,,,,,,,,,,,,,,,,,,,,
2024-06-03 18:18:47,2024-06-03 18:18:47,2,,100,0,1,2024-06-03 18:18:47,R_bQakeTdIvLB8HZ4,,,,,,,test,,1,1,1,,,,,,,,,,,,,,,,,,,,,,,,,,,,,,,,,,,,,,,,,,,,,,,,,,,,,,,,,,,,,
2024-06-03 18:18:47,2024-06-03 18:18:47,2,,100,0,1,2024-06-03 18:18:47,R_ezdLVdHEeIfbxlQ,,,,,,,test,,1,4,1,,,,,,,,,,,,,,,,,,,,,,,,,,,,,,,,,,,,,,,,,,,,,,,,,,,,,,,,,,,,,
