StartDate,EndDate,Status,IPAddress,Progress,Duration (in seconds),Finished,RecordedDate,ResponseId,RecipientLastName,RecipientFirstName,RecipientEmail,ExternalReference,LocationLatitude,LocationLongitude,DistributionChannel,UserLanguage,consent_q,att1,att2,av_trust_1_1,av_trust_2_1,av_trust_3_1,av_trust_4_1,av_trust_5_1,Q219_First Click,Q219_Last Click,Q219_Page Submit,Q219_Click Count,vA_sue_AV_1,vB_mnfctr_sue_AV_1,vA_cntrfctl_AV_1,vB_cntrfctl_AV_1,avoid_AV_1,Q220_First Click,Q220_Last Click,Q220_Page Submit,Q220_Click Count,vA_sue_1,vB_mnfctr_sue_1,vB_driver_sue_1,vA_cntrfctl_1,vB_cntrfctl_1,avoid_1,comp1,comp_accident,cruise_familiarity,ai_familiarity_1,gender,gender_4_TEXT,age,edu,edu_8_TEXT,FL_4_DO,trust_scale_DO,questions_1_AV_DO,questions_2_AV_DO,questions_1_DO,questions_2_DO
Start Date,End Date,Response Type,IP Address,Progress,Duration (in seconds),Finished,Recorded Date,Response ID,Recipient Last Name,Recipient First Name,Recipient Email,External Data Reference,Location Latitude,Location Longitude,Distribution Channel,User Language,Do you consent,This is an attention check. John is taller than Paul. Who is shorter?,"What color is grass?



The fresh, uncut grass, not leaves or hay. Please make sure to select purple, so that we know you're paying attention.",How much do you agree: I would be willing to let a self-driving car make important driving decisions without my involvement. - 1,"How much do you agree: If I were unable to monitor my driving activities, I would be willing to trust a self-driving car to get the job done right. - 1",How much do you agree: I trust a self-driving car to do things I can't do myself. - 1,How much do you agree: I trust a self-driving car to do things my vehicle can't do itself. - 1,How much do you agree: I generally do not trust a self-driving car. - 1,Timing - First Click,Timing - Last Click,Timing - Page Submit,Timing - Click Count,"Vehicle B is a fully autonomous self-driving car.



 

Please rate the extent to which you agree with the following statement (0=completely disagree, 100=completely agree):

 
How much do you agree: It would be reasonable to sue the driver of Vehicle A to cover the costs of the serious injuries sustained by the pedestrian. - 1","Vehicle B is a fully autonomous self-driving car.



 

Please rate the extent to which you agree with the following statement (0=completely disagree, 100=completely agree):

 
How much do you agree: It would be reasonable to sue the manufacturer of Vehicle B to cover the costs of the serious injuries sustained by the pedestrian. - 1","Vehicle B is a fully autonomous self-driving car.



 
Please rate the extent to which you agree with the following statement (0=completely disagree, 100=completely agree):



How much do you agree: When it comes to thinking about how the injury could have been avoided, it is relevant to consider what Vehicle A could have done differently. - 1","Vehicle B is a fully autonomous self-driving car.



 
Please rate the extent to which you agree with the following statement (0=completely disagree, 100=completely agree):



How much do you agree: When it comes to thinking about how the injury could have been avoided, it is relevant to consider what Vehicle B could have done differently. - 1","Vehicle B is a fully autonomous self-driving car.



 
Please rate the extent to which you agree with the following statement (0=completely disagree, 100=completely agree):



How much do you agree: Vehicle B could have done more to avoid the accident. - 1",Timing - First Click,Timing - Last Click,Timing - Page Submit,Timing - Click Count,"Please rate the extent to which you agree with the following statement (0=completely disagree, 100=completely agree): 



How much do you agree: It would be reasonable to sue the driver of Vehicle A to cover the costs of the serious injuries sustained by the pedestrian. - 1","Please rate the extent to which you agree with the following statement (0=completely disagree, 100=completely agree):

 
How much do you agree: It would be reasonable to sue the manufacturer of Vehicle B for the serious injuries sustained by pedestrian. - 1","Please rate the extent to which you agree with the following statement (0=completely disagree, 100=completely agree):

 
How much do you agree: It would be reasonable to sue the driver of Vehicle B for the serious injuries sustained by pedestrian. - 1","Please rate the extent to which you agree with the following statement (0=completely disagree, 100=completely agree): 

 
How much do you agree: When it comes to thinking about how the injury could have been avoided, it is relevant to consider what Vehicle A could have done differently. - 1","Please rate the extent to which you agree with the following statement (0=completely disagree, 100=completely agree): 



How much do you agree: When it comes to thinking about how the injury could have been avoided, it is relevant to consider what Vehicle B could have done differently. - 1","Please rate the extent to which you agree with the following statement (0=completely disagree, 100=completely agree): 



How much do you agree: Vehicle B could have done more to avoid the accident. - 1",Which of the following was true about Vehicle B in the collision scenario of Section 2?,Which of the following was true about the scenario?,"When you read the scenario, did you recognize that it was describing a real incident involving the company Cruise?","Before this survey, how familiar were you with autonomous vehicle accident prevention algorithms?",What is your gender? - Selected Choice,What is your gender? - Other (please specify) - Text,What is your age (in years)?,What is the highest level of education you have completed? - Selected Choice,What is the highest level of education you have completed? - Other (please specify) - Text,FL_4 - Block Randomizer - Display Order,trust_scale - Display Order,questions_1_AV - Display Order,questions_2_AV - Display Order,questions_1 - Display Order,questions_2 - Display Order
"{""ImportId"":""startDate"",""timeZone"":""America/Denver""}","{""ImportId"":""endDate"",""timeZone"":""America/Denver""}","{""ImportId"":""status""}","{""ImportId"":""ipAddress""}","{""ImportId"":""progress""}","{""ImportId"":""duration""}","{""ImportId"":""finished""}","{""ImportId"":""recordedDate"",""timeZone"":""America/Denver""}","{""ImportId"":""_recordId""}","{""ImportId"":""recipientLastName""}","{""ImportId"":""recipientFirstName""}","{""ImportId"":""recipientEmail""}","{""ImportId"":""externalDataReference""}","{""ImportId"":""locationLatitude""}","{""ImportId"":""locationLongitude""}","{""ImportId"":""distributionChannel""}","{""ImportId"":""userLanguage""}","{""ImportId"":""QID60""}","{""ImportId"":""QID30""}","{""ImportId"":""QID31""}","{""ImportId"":""QID242_1""}","{""ImportId"":""QID243_1""}","{""ImportId"":""QID244_1""}","{""ImportId"":""QID245_1""}","{""ImportId"":""QID246_1""}","{""ImportId"":""QID237_FIRST_CLICK""}","{""ImportId"":""QID237_LAST_CLICK""}","{""ImportId"":""QID237_PAGE_SUBMIT""}","{""ImportId"":""QID237_CLICK_COUNT""}","{""ImportId"":""QID203_1""}","{""ImportId"":""QID226_1""}","{""ImportId"":""QID208_1""}","{""ImportId"":""QID209_1""}","{""ImportId"":""QID211_1""}","{""ImportId"":""QID238_FIRST_CLICK""}","{""ImportId"":""QID238_LAST_CLICK""}","{""ImportId"":""QID238_PAGE_SUBMIT""}","{""ImportId"":""QID238_CLICK_COUNT""}","{""ImportId"":""QID166_1""}","{""ImportId"":""QID227_1""}","{""ImportId"":""QID240_1""}","{""ImportId"":""QID170_1""}","{""ImportId"":""QID171_1""}","{""ImportId"":""QID172_1""}","{""ImportId"":""QID111""}","{""ImportId"":""QID96""}","{""ImportId"":""QID239""}","{""ImportId"":""QID59_1""}","{""ImportId"":""QID12""}","{""ImportId"":""QID12_4_TEXT""}","{""ImportId"":""QID14_TEXT""}","{""ImportId"":""QID15""}","{""ImportId"":""QID15_8_TEXT""}","{""ImportId"":""FL_4_DO""}","{""ImportId"":""BL_basPWfJ50vvkyJ8_DO""}","{""ImportId"":""BL_eEi5AkmXDuQVqAK_DO""}","{""ImportId"":""BL_cvGeqPyU6eYO754_DO""}","{""ImportId"":""BL_9GfzF27Xb7bM06i_DO""}","{""ImportId"":""BL_7O2TnwoTMaIzhJ4_DO""}"
2024-05-06 09:05:50,2024-05-06 09:05:50,2,,100,0,1,2024-05-06 09:05:50,R_87dqajkNOrW1ZpI,,,,,,,test,,2,,,,,,,,,,,,,,,,,,,,,,,,,,,,,,,,,,,,,,,,,
2024-05-06 09:05:50,2024-05-06 09:05:50,2,,100,0,1,2024-05-06 09:05:51,R_cusxo7uCcaEVSWa,,,,,,,test,,2,,,,,,,,,,,,,,,,,,,,,,,,,,,,,,,,,,,,,,,,,
2024-05-06 09:05:51,2024-05-06 09:05:51,2,,100,0,1,2024-05-06 09:05:51,R_erjcmqXaxeQvUbk,,,,,,,test,,1,2,2,26,32,68,93,64,,,,,,,,,,5.05,9.92,8.1,46,43,13,30,20,96,62,1,2,1,96,1,,Wisi et! Euismod! Vitae eu sed ac. Velit consequat duis primis ac. Posuere augue. Platea.,3,,FL_40,Q241|av_trust_4|av_trust_1|av_trust_3|av_trust_5|av_trust_2,,,Q90|vA_sue|vB_mnfctr_sue|vB_driver_sue,Q71|vA_cntrfctl|avoid|vB_cntrfctl
2024-05-06 09:05:51,2024-05-06 09:05:51,2,,100,0,1,2024-05-06 09:05:51,R_cI0LPa23izFkrL8,,,,,,,test,,2,,,,,,,,,,,,,,,,,,,,,,,,,,,,,,,,,,,,,,,,,
2024-05-06 09:05:51,2024-05-06 09:05:51,2,,100,0,1,2024-05-06 09:05:51,R_0IjZp6fo4czcRtY,,,,,,,test,,1,4,2,,,,,,,,,,,,,,,,,,,,,,,,,,,,,,,,,,,,,,,
2024-05-06 09:05:52,2024-05-06 09:05:52,2,,100,0,1,2024-05-06 09:05:52,R_1S2NuNwWM2DdfP8,,,,,,,test,,2,,,,,,,,,,,,,,,,,,,,,,,,,,,,,,,,,,,,,,,,,
2024-05-06 09:05:52,2024-05-06 09:05:52,2,,100,0,1,2024-05-06 09:05:52,R_dirtAK7RZ6zuDv8,,,,,,,test,,1,2,2,50,9,82,46,38,6.28,6.71,9.18,44,15,55,97,59,77,,,,,,,,,,,1,2,2,73,3,,Mauris mauris ab integer vehicula dui. Pretium nec fusce nibh nonummy! Felis molestie.,6,,FL_39,Q241|av_trust_4|av_trust_2|av_trust_3|av_trust_1|av_trust_5,Q116|vA_sue_AV|vB_mnfctr_sue_AV,Q122|vA_cntrfctl_AV|avoid_AV|vB_cntrfctl_AV,,
2024-05-06 09:05:52,2024-05-06 09:05:52,2,,100,0,1,2024-05-06 09:05:52,R_3kQgRbdA7JRbTim,,,,,,,test,,1,3,1,,,,,,,,,,,,,,,,,,,,,,,,,,,,,,,,,,,,,,,
2024-05-06 09:05:52,2024-05-06 09:05:52,2,,100,0,1,2024-05-06 09:05:52,R_bOTfrV6Vr6v2tr8,,,,,,,test,,2,,,,,,,,,,,,,,,,,,,,,,,,,,,,,,,,,,,,,,,,,
2024-05-06 09:05:53,2024-05-06 09:05:53,2,,100,0,1,2024-05-06 09:05:53,R_eyP20oDB4PkLql0,,,,,,,test,,2,,,,,,,,,,,,,,,,,,,,,,,,,,,,,,,,,,,,,,,,,
2024-05-06 09:05:53,2024-05-06 09:05:53,2,,100,0,1,2024-05-06 09:05:53,R_0e6CwneEwmBtOJg,,,,,,,test,,2,,,,,,,,,,,,,,,,,,,,,,,,,,,,,,,,,,,,,,,,,
2024-05-06 09:05:53,2024-05-06 09:05:53,2,,100,0,1,2024-05-06 09:05:53,R_3kjT4CPrzZPkKeq,,,,,,,test,,2,,,,,,,,,,,,,,,,,,,,,,,,,,,,,,,,,,,,,,,,,
2024-05-06 09:05:53,2024-05-06 09:05:53,2,,100,0,1,2024-05-06 09:05:53,R_eXPRkctEXh5yuFw,,,,,,,test,,1,1,1,,,,,,,,,,,,,,,,,,,,,,,,,,,,,,,,,,,,,,,
2024-05-06 09:05:54,2024-05-06 09:05:54,2,,100,0,1,2024-05-06 09:05:54,R_0jIpzu8l6hUaiJE,,,,,,,test,,1,1,2,,,,,,,,,,,,,,,,,,,,,,,,,,,,,,,,,,,,,,,
2024-05-06 09:05:54,2024-05-06 09:05:54,2,,100,0,1,2024-05-06 09:05:54,R_07Wcd3pAAvBNSrs,,,,,,,test,,1,1,2,,,,,,,,,,,,,,,,,,,,,,,,,,,,,,,,,,,,,,,
2024-05-06 09:05:54,2024-05-06 09:05:54,2,,100,0,1,2024-05-06 09:05:54,R_afSlwm4NWTCy182,,,,,,,test,,2,,,,,,,,,,,,,,,,,,,,,,,,,,,,,,,,,,,,,,,,,
2024-05-06 09:05:54,2024-05-06 09:05:54,2,,100,0,1,2024-05-06 09:05:54,R_8HYxFWF02l5cQw6,,,,,,,test,,1,1,2,,,,,,,,,,,,,,,,,,,,,,,,,,,,,,,,,,,,,,,
2024-05-06 09:05:54,2024-05-06 09:05:54,2,,100,0,1,2024-05-06 09:05:55,R_eCzAXR0w0dP2LOe,,,,,,,test,,1,1,2,,,,,,,,,,,,,,,,,,,,,,,,,,,,,,,,,,,,,,,
2024-05-06 09:05:55,2024-05-06 09:05:55,2,,100,0,1,2024-05-06 09:05:55,R_7WMDWGakRiEwL4O,,,,,,,test,,2,,,,,,,,,,,,,,,,,,,,,,,,,,,,,,,,,,,,,,,,,
2024-05-06 09:05:55,2024-05-06 09:05:55,2,,100,0,1,2024-05-06 09:05:55,R_0W0FVCMZpMLI1kW,,,,,,,test,,1,2,2,85,7,50,32,87,,,,,,,,,,5.7,6.73,9.38,4,27,99,18,69,55,97,3,1,1,19,3,,"Duis, eget felis risus ut fermentum vehicula nibh vel vitae cursus a porttitor tellus fusce.",2,,FL_40,Q241|av_trust_1|av_trust_2|av_trust_3|av_trust_5|av_trust_4,,,Q90|vB_driver_sue|vA_sue|vB_mnfctr_sue,Q71|vB_cntrfctl|avoid|vA_cntrfctl
2024-05-06 09:05:55,2024-05-06 09:05:55,2,,100,0,1,2024-05-06 09:05:55,R_9v0WdJPGNOos96K,,,,,,,test,,2,,,,,,,,,,,,,,,,,,,,,,,,,,,,,,,,,,,,,,,,,
2024-05-06 09:05:56,2024-05-06 09:05:56,2,,100,0,1,2024-05-06 09:05:56,R_1AlYcLNqa830Qsu,,,,,,,test,,2,,,,,,,,,,,,,,,,,,,,,,,,,,,,,,,,,,,,,,,,,
2024-05-06 09:05:56,2024-05-06 09:05:56,2,,100,0,1,2024-05-06 09:05:56,R_3gGhjj4zs8pHylg,,,,,,,test,,2,,,,,,,,,,,,,,,,,,,,,,,,,,,,,,,,,,,,,,,,,
2024-05-06 09:05:56,2024-05-06 09:05:56,2,,100,0,1,2024-05-06 09:05:56,R_9N9u18MgXNOOqQS,,,,,,,test,,1,3,1,,,,,,,,,,,,,,,,,,,,,,,,,,,,,,,,,,,,,,,
2024-05-06 09:05:56,2024-05-06 09:05:56,2,,100,0,1,2024-05-06 09:05:56,R_b335Bs82pz8nnP8,,,,,,,test,,2,,,,,,,,,,,,,,,,,,,,,,,,,,,,,,,,,,,,,,,,,
2024-05-06 09:05:56,2024-05-06 09:05:56,2,,100,0,1,2024-05-06 09:05:57,R_0jgSKb1DppTHKZM,,,,,,,test,,2,,,,,,,,,,,,,,,,,,,,,,,,,,,,,,,,,,,,,,,,,
2024-05-06 09:05:57,2024-05-06 09:05:57,2,,100,0,1,2024-05-06 09:05:57,R_0AsR6XI9ros1vwO,,,,,,,test,,1,3,1,,,,,,,,,,,,,,,,,,,,,,,,,,,,,,,,,,,,,,,
2024-05-06 09:05:57,2024-05-06 09:05:57,2,,100,0,1,2024-05-06 09:05:57,R_5BTtItvdwb6cH2u,,,,,,,test,,2,,,,,,,,,,,,,,,,,,,,,,,,,,,,,,,,,,,,,,,,,
2024-05-06 09:05:57,2024-05-06 09:05:57,2,,100,0,1,2024-05-06 09:05:57,R_dck1SsCFo0Ddv5I,,,,,,,test,,2,,,,,,,,,,,,,,,,,,,,,,,,,,,,,,,,,,,,,,,,,
2024-05-06 09:05:57,2024-05-06 09:05:57,2,,100,0,1,2024-05-06 09:05:57,R_7Wja3oerpGCJ6MS,,,,,,,test,,2,,,,,,,,,,,,,,,,,,,,,,,,,,,,,,,,,,,,,,,,,
2024-05-06 09:05:58,2024-05-06 09:05:58,2,,100,0,1,2024-05-06 09:05:58,R_0Th2HyYyy77f6UC,,,,,,,test,,2,,,,,,,,,,,,,,,,,,,,,,,,,,,,,,,,,,,,,,,,,
2024-05-06 09:05:58,2024-05-06 09:05:58,2,,100,0,1,2024-05-06 09:05:58,R_ekYQF7fAzcSoDki,,,,,,,test,,2,,,,,,,,,,,,,,,,,,,,,,,,,,,,,,,,,,,,,,,,,
2024-05-06 09:05:58,2024-05-06 09:05:58,2,,100,0,1,2024-05-06 09:05:58,R_d6kg5CsjXnVYNeK,,,,,,,test,,2,,,,,,,,,,,,,,,,,,,,,,,,,,,,,,,,,,,,,,,,,
2024-05-06 09:05:58,2024-05-06 09:05:58,2,,100,0,1,2024-05-06 09:05:58,R_bse48cl4GqqsoNE,,,,,,,test,,1,2,1,,,,,,,,,,,,,,,,,,,,,,,,,,,,,,,,,,,,,,,
2024-05-06 09:05:58,2024-05-06 09:05:59,2,,100,1,1,2024-05-06 09:05:59,R_1NtVAABaIAelz0y,,,,,,,test,,1,1,1,,,,,,,,,,,,,,,,,,,,,,,,,,,,,,,,,,,,,,,
2024-05-06 09:05:59,2024-05-06 09:05:59,2,,100,0,1,2024-05-06 09:05:59,R_egjnvFB1NWMf29E,,,,,,,test,,2,,,,,,,,,,,,,,,,,,,,,,,,,,,,,,,,,,,,,,,,,
2024-05-06 09:05:59,2024-05-06 09:05:59,2,,100,0,1,2024-05-06 09:05:59,R_8dB9Rkqtuz3WlkW,,,,,,,test,,1,3,2,,,,,,,,,,,,,,,,,,,,,,,,,,,,,,,,,,,,,,,
2024-05-06 09:05:59,2024-05-06 09:05:59,2,,100,0,1,2024-05-06 09:05:59,R_aVHN7m6A6o6m4K2,,,,,,,test,,2,,,,,,,,,,,,,,,,,,,,,,,,,,,,,,,,,,,,,,,,,
2024-05-06 09:05:59,2024-05-06 09:05:59,2,,100,0,1,2024-05-06 09:06:00,R_4O9SQd91X7c5iSi,,,,,,,test,,1,4,1,,,,,,,,,,,,,,,,,,,,,,,,,,,,,,,,,,,,,,,
2024-05-06 09:06:00,2024-05-06 09:06:00,2,,100,0,1,2024-05-06 09:06:00,R_2a7YyYDJ0lnPy8S,,,,,,,test,,1,3,1,,,,,,,,,,,,,,,,,,,,,,,,,,,,,,,,,,,,,,,
2024-05-06 09:06:00,2024-05-06 09:06:00,2,,100,0,1,2024-05-06 09:06:00,R_3XfmfqDnP1sL9IO,,,,,,,test,,1,3,1,,,,,,,,,,,,,,,,,,,,,,,,,,,,,,,,,,,,,,,
2024-05-06 09:06:00,2024-05-06 09:06:00,2,,100,0,1,2024-05-06 09:06:00,R_8c9T60rVKIfUIJw,,,,,,,test,,1,3,2,,,,,,,,,,,,,,,,,,,,,,,,,,,,,,,,,,,,,,,
2024-05-06 09:06:00,2024-05-06 09:06:00,2,,100,0,1,2024-05-06 09:06:01,R_6PeuOi58vICWWrA,,,,,,,test,,2,,,,,,,,,,,,,,,,,,,,,,,,,,,,,,,,,,,,,,,,,
2024-05-06 09:06:01,2024-05-06 09:06:01,2,,100,0,1,2024-05-06 09:06:01,R_6XOZtIcJwjrCQ3Y,,,,,,,test,,1,3,2,,,,,,,,,,,,,,,,,,,,,,,,,,,,,,,,,,,,,,,
2024-05-06 09:06:01,2024-05-06 09:06:01,2,,100,0,1,2024-05-06 09:06:01,R_24gJJrw7FNlC5eK,,,,,,,test,,2,,,,,,,,,,,,,,,,,,,,,,,,,,,,,,,,,,,,,,,,,
2024-05-06 09:06:01,2024-05-06 09:06:01,2,,100,0,1,2024-05-06 09:06:01,R_7U2Akjke5KoIu9w,,,,,,,test,,2,,,,,,,,,,,,,,,,,,,,,,,,,,,,,,,,,,,,,,,,,
2024-05-06 09:06:01,2024-05-06 09:06:01,2,,100,0,1,2024-05-06 09:06:02,R_3WrMDhU9gyzSGRE,,,,,,,test,,1,3,1,,,,,,,,,,,,,,,,,,,,,,,,,,,,,,,,,,,,,,,
2024-05-06 09:06:02,2024-05-06 09:06:02,2,,100,0,1,2024-05-06 09:06:02,R_4Jf8S2zCitdaQtM,,,,,,,test,,1,4,1,,,,,,,,,,,,,,,,,,,,,,,,,,,,,,,,,,,,,,,
2024-05-06 09:06:02,2024-05-06 09:06:02,2,,100,0,1,2024-05-06 09:06:02,R_9ukTzfnPQhv3fRs,,,,,,,test,,1,1,1,,,,,,,,,,,,,,,,,,,,,,,,,,,,,,,,,,,,,,,
2024-05-06 09:06:02,2024-05-06 09:06:02,2,,100,0,1,2024-05-06 09:06:02,R_8iVkQyGGN4zLM0K,,,,,,,test,,1,2,2,51,57,68,7,63,7.83,9.09,9.72,41,30,87,46,86,76,,,,,,,,,,,3,1,1,53,4,Ipsum tincidunt est pharetra vehicula laoreet lacus nunc. Consectetuer faucibus wisi. Ab! Integer rutrum.,Dignissim lacus imperdiet tortor molestie velit elit placerat vulputate suscipit.,3,,FL_39,Q241|av_trust_1|av_trust_2|av_trust_5|av_trust_4|av_trust_3,Q116|vB_mnfctr_sue_AV|vA_sue_AV,Q122|vA_cntrfctl_AV|avoid_AV|vB_cntrfctl_AV,,
2024-05-06 09:06:03,2024-05-06 09:06:03,2,,100,0,1,2024-05-06 09:06:03,R_aWTbOeGL6tEBwG2,,,,,,,test,,2,,,,,,,,,,,,,,,,,,,,,,,,,,,,,,,,,,,,,,,,,
2024-05-06 09:06:03,2024-05-06 09:06:03,2,,100,0,1,2024-05-06 09:06:03,R_3Kqz7nDGBazLs58,,,,,,,test,,2,,,,,,,,,,,,,,,,,,,,,,,,,,,,,,,,,,,,,,,,,
2024-05-06 09:06:03,2024-05-06 09:06:03,2,,100,0,1,2024-05-06 09:06:03,R_0roMDvsbVbiFQXk,,,,,,,test,,1,3,2,,,,,,,,,,,,,,,,,,,,,,,,,,,,,,,,,,,,,,,
2024-05-06 09:06:03,2024-05-06 09:06:03,2,,100,0,1,2024-05-06 09:06:03,R_cSEKV6fZ3b3GuxM,,,,,,,test,,1,4,2,,,,,,,,,,,,,,,,,,,,,,,,,,,,,,,,,,,,,,,
2024-05-06 09:06:04,2024-05-06 09:06:04,2,,100,0,1,2024-05-06 09:06:04,R_8qUPcXmrbYT2vIy,,,,,,,test,,2,,,,,,,,,,,,,,,,,,,,,,,,,,,,,,,,,,,,,,,,,
2024-05-06 09:06:04,2024-05-06 09:06:04,2,,100,0,1,2024-05-06 09:06:04,R_6LrbUgeuwxcPOU6,,,,,,,test,,1,3,1,,,,,,,,,,,,,,,,,,,,,,,,,,,,,,,,,,,,,,,
2024-05-06 09:06:04,2024-05-06 09:06:04,2,,100,0,1,2024-05-06 09:06:04,R_bxy8Xfj82CuBsXQ,,,,,,,test,,1,3,2,,,,,,,,,,,,,,,,,,,,,,,,,,,,,,,,,,,,,,,
2024-05-06 09:06:04,2024-05-06 09:06:04,2,,100,0,1,2024-05-06 09:06:04,R_87FtAcWWab7Zbr8,,,,,,,test,,1,3,1,,,,,,,,,,,,,,,,,,,,,,,,,,,,,,,,,,,,,,,
2024-05-06 09:06:05,2024-05-06 09:06:05,2,,100,0,1,2024-05-06 09:06:05,R_dcdO82KRbvAYSEu,,,,,,,test,,1,2,2,19,62,58,99,84,,,,,,,,,,7.39,8.07,9.7,30,26,66,30,74,5,67,3,1,1,47,3,,"Leo montes tempor sollicitudin, enim velit eget duis tempor auctor fermentum. Elit. Turpis accumsan.",7,,FL_40,Q241|av_trust_1|av_trust_3|av_trust_5|av_trust_2|av_trust_4,,,Q90|vB_mnfctr_sue|vA_sue|vB_driver_sue,Q71|vB_cntrfctl|avoid|vA_cntrfctl
2024-05-06 09:06:05,2024-05-06 09:06:05,2,,100,0,1,2024-05-06 09:06:05,R_4MkGzb65RohZ6uy,,,,,,,test,,2,,,,,,,,,,,,,,,,,,,,,,,,,,,,,,,,,,,,,,,,,
2024-05-06 09:06:05,2024-05-06 09:06:05,2,,100,0,1,2024-05-06 09:06:05,R_81H9u6O1x3XZiJg,,,,,,,test,,2,,,,,,,,,,,,,,,,,,,,,,,,,,,,,,,,,,,,,,,,,
2024-05-06 09:06:05,2024-05-06 09:06:05,2,,100,0,1,2024-05-06 09:06:05,R_bdfH72ygPOtgg5w,,,,,,,test,,2,,,,,,,,,,,,,,,,,,,,,,,,,,,,,,,,,,,,,,,,,
2024-05-06 09:06:06,2024-05-06 09:06:06,2,,100,0,1,2024-05-06 09:06:06,R_3rURuXANraoNMQm,,,,,,,test,,1,4,2,,,,,,,,,,,,,,,,,,,,,,,,,,,,,,,,,,,,,,,
2024-05-06 09:06:06,2024-05-06 09:06:06,2,,100,0,1,2024-05-06 09:06:06,R_1zXLAStf4CVxSlM,,,,,,,test,,2,,,,,,,,,,,,,,,,,,,,,,,,,,,,,,,,,,,,,,,,,
2024-05-06 09:06:06,2024-05-06 09:06:06,2,,100,0,1,2024-05-06 09:06:06,R_4THUpmMLYQN1apE,,,,,,,test,,1,3,2,,,,,,,,,,,,,,,,,,,,,,,,,,,,,,,,,,,,,,,
2024-05-06 09:06:06,2024-05-06 09:06:06,2,,100,0,1,2024-05-06 09:06:07,R_dguOcxaeMNymveS,,,,,,,test,,1,2,2,50,10,59,95,40,0.3,7.85,8.97,13,93,47,68,25,8,,,,,,,,,,,1,1,2,59,2,,Convallis egestas culpa orci integer etiam enim etiam eleifend nullam. Quis.,8,"Sollicitudin pellentesque nibh neque sollicitudin, vulputate platea? Nec eget luctus a ut elementum fringilla porttitor.",FL_39,Q241|av_trust_4|av_trust_5|av_trust_1|av_trust_3|av_trust_2,Q116|vB_mnfctr_sue_AV|vA_sue_AV,Q122|vA_cntrfctl_AV|vB_cntrfctl_AV|avoid_AV,,
2024-05-06 09:06:07,2024-05-06 09:06:07,2,,100,0,1,2024-05-06 09:06:07,R_9tVr46WGLpdoZ7g,,,,,,,test,,2,,,,,,,,,,,,,,,,,,,,,,,,,,,,,,,,,,,,,,,,,
2024-05-06 09:06:07,2024-05-06 09:06:07,2,,100,0,1,2024-05-06 09:06:07,R_5pVQHZwWfjaMsTA,,,,,,,test,,2,,,,,,,,,,,,,,,,,,,,,,,,,,,,,,,,,,,,,,,,,
2024-05-06 09:06:07,2024-05-06 09:06:07,2,,100,0,1,2024-05-06 09:06:07,R_8ertMWzGGwa9kdo,,,,,,,test,,1,4,1,,,,,,,,,,,,,,,,,,,,,,,,,,,,,,,,,,,,,,,
2024-05-06 09:06:07,2024-05-06 09:06:07,2,,100,0,1,2024-05-06 09:06:08,R_bphMbobD5GlCg6i,,,,,,,test,,2,,,,,,,,,,,,,,,,,,,,,,,,,,,,,,,,,,,,,,,,,
2024-05-06 09:06:08,2024-05-06 09:06:08,2,,100,0,1,2024-05-06 09:06:08,R_410dEARTYdayEGG,,,,,,,test,,2,,,,,,,,,,,,,,,,,,,,,,,,,,,,,,,,,,,,,,,,,
2024-05-06 09:06:08,2024-05-06 09:06:08,2,,100,0,1,2024-05-06 09:06:08,R_ag6Z3P1iYpQMItg,,,,,,,test,,1,4,1,,,,,,,,,,,,,,,,,,,,,,,,,,,,,,,,,,,,,,,
2024-05-06 09:06:08,2024-05-06 09:06:08,2,,100,0,1,2024-05-06 09:06:08,R_795jaSxQPy5bsHk,,,,,,,test,,1,3,2,,,,,,,,,,,,,,,,,,,,,,,,,,,,,,,,,,,,,,,
2024-05-06 09:06:08,2024-05-06 09:06:08,2,,100,0,1,2024-05-06 09:06:09,R_6eYezaUgDeNyMHY,,,,,,,test,,2,,,,,,,,,,,,,,,,,,,,,,,,,,,,,,,,,,,,,,,,,
2024-05-06 09:06:09,2024-05-06 09:06:09,2,,100,0,1,2024-05-06 09:06:09,R_8vw9xZvExErpUqi,,,,,,,test,,1,1,1,,,,,,,,,,,,,,,,,,,,,,,,,,,,,,,,,,,,,,,
2024-05-06 09:06:09,2024-05-06 09:06:09,2,,100,0,1,2024-05-06 09:06:09,R_e3eowZaOOFx7EDs,,,,,,,test,,1,3,1,,,,,,,,,,,,,,,,,,,,,,,,,,,,,,,,,,,,,,,
2024-05-06 09:06:09,2024-05-06 09:06:09,2,,100,0,1,2024-05-06 09:06:09,R_a35nbx1Qwt6sz42,,,,,,,test,,1,1,2,,,,,,,,,,,,,,,,,,,,,,,,,,,,,,,,,,,,,,,
2024-05-06 09:06:09,2024-05-06 09:06:09,2,,100,0,1,2024-05-06 09:06:10,R_8vnk69aOSepElRI,,,,,,,test,,2,,,,,,,,,,,,,,,,,,,,,,,,,,,,,,,,,,,,,,,,,
2024-05-06 09:06:10,2024-05-06 09:06:10,2,,100,0,1,2024-05-06 09:06:10,R_bHkut1lTihPxSDk,,,,,,,test,,1,2,1,,,,,,,,,,,,,,,,,,,,,,,,,,,,,,,,,,,,,,,
2024-05-06 09:06:10,2024-05-06 09:06:10,2,,100,0,1,2024-05-06 09:06:10,R_1XDIaGQFTkvEwei,,,,,,,test,,2,,,,,,,,,,,,,,,,,,,,,,,,,,,,,,,,,,,,,,,,,
2024-05-06 09:06:10,2024-05-06 09:06:10,2,,100,0,1,2024-05-06 09:06:10,R_e40aKhsKQ1jOKtE,,,,,,,test,,2,,,,,,,,,,,,,,,,,,,,,,,,,,,,,,,,,,,,,,,,,
2024-05-06 09:06:10,2024-05-06 09:06:10,2,,100,0,1,2024-05-06 09:06:11,R_5pykDF7QWSQv31k,,,,,,,test,,2,,,,,,,,,,,,,,,,,,,,,,,,,,,,,,,,,,,,,,,,,
2024-05-06 09:06:11,2024-05-06 09:06:11,2,,100,0,1,2024-05-06 09:06:11,R_d6YSsWoRdeZKcwm,,,,,,,test,,1,2,1,,,,,,,,,,,,,,,,,,,,,,,,,,,,,,,,,,,,,,,
2024-05-06 09:06:11,2024-05-06 09:06:11,2,,100,0,1,2024-05-06 09:06:11,R_9KRdrZcA2eCikiG,,,,,,,test,,2,,,,,,,,,,,,,,,,,,,,,,,,,,,,,,,,,,,,,,,,,
2024-05-06 09:06:11,2024-05-06 09:06:11,2,,100,0,1,2024-05-06 09:06:11,R_ekXKx5bO6xSX6CO,,,,,,,test,,2,,,,,,,,,,,,,,,,,,,,,,,,,,,,,,,,,,,,,,,,,
2024-05-06 09:06:11,2024-05-06 09:06:11,2,,100,0,1,2024-05-06 09:06:11,R_ac96UG3qwpbGf7U,,,,,,,test,,1,1,2,,,,,,,,,,,,,,,,,,,,,,,,,,,,,,,,,,,,,,,
2024-05-06 09:06:12,2024-05-06 09:06:12,2,,100,0,1,2024-05-06 09:06:12,R_1NtOmZyHLtn2IzY,,,,,,,test,,1,4,2,,,,,,,,,,,,,,,,,,,,,,,,,,,,,,,,,,,,,,,
2024-05-06 09:06:12,2024-05-06 09:06:12,2,,100,0,1,2024-05-06 09:06:12,R_5hTMFeVmPwzhW4u,,,,,,,test,,2,,,,,,,,,,,,,,,,,,,,,,,,,,,,,,,,,,,,,,,,,
2024-05-06 09:06:12,2024-05-06 09:06:12,2,,100,0,1,2024-05-06 09:06:12,R_3rcc9NDDlCG5bYW,,,,,,,test,,1,3,1,,,,,,,,,,,,,,,,,,,,,,,,,,,,,,,,,,,,,,,
2024-05-06 09:06:12,2024-05-06 09:06:12,2,,100,0,1,2024-05-06 09:06:12,R_ehW38KDZLsKik8m,,,,,,,test,,2,,,,,,,,,,,,,,,,,,,,,,,,,,,,,,,,,,,,,,,,,
2024-05-06 09:06:13,2024-05-06 09:06:13,2,,100,0,1,2024-05-06 09:06:13,R_9zC1nP5Wjx5TwQm,,,,,,,test,,2,,,,,,,,,,,,,,,,,,,,,,,,,,,,,,,,,,,,,,,,,
2024-05-06 09:06:13,2024-05-06 09:06:13,2,,100,0,1,2024-05-06 09:06:13,R_eqB7KpVEFPtJBmS,,,,,,,test,,2,,,,,,,,,,,,,,,,,,,,,,,,,,,,,,,,,,,,,,,,,
2024-05-06 09:06:13,2024-05-06 09:06:13,2,,100,0,1,2024-05-06 09:06:13,R_9zR2DSSRqFguG7s,,,,,,,test,,1,2,1,,,,,,,,,,,,,,,,,,,,,,,,,,,,,,,,,,,,,,,
2024-05-06 09:06:13,2024-05-06 09:06:13,2,,100,0,1,2024-05-06 09:06:13,R_6Stjs5bIXcPxefA,,,,,,,test,,1,3,1,,,,,,,,,,,,,,,,,,,,,,,,,,,,,,,,,,,,,,,
2024-05-06 09:06:14,2024-05-06 09:06:14,2,,100,0,1,2024-05-06 09:06:14,R_4UaM5VJZDIhmrZk,,,,,,,test,,1,4,2,,,,,,,,,,,,,,,,,,,,,,,,,,,,,,,,,,,,,,,
2024-05-06 09:06:14,2024-05-06 09:06:14,2,,100,0,1,2024-05-06 09:06:14,R_eeTEWTfNLMZsqwe,,,,,,,test,,2,,,,,,,,,,,,,,,,,,,,,,,,,,,,,,,,,,,,,,,,,
2024-05-06 09:06:14,2024-05-06 09:06:14,2,,100,0,1,2024-05-06 09:06:14,R_55Ui0ZmXB6tEd2C,,,,,,,test,,1,2,2,57,29,20,72,70,,,,,,,,,,3.26,8.51,6.53,29,67,43,16,9,16,73,3,2,2,65,1,,Velit. Tortor amet quis. Suspendisse platea curabitur et mi curabitur ab. Imperdiet.,6,,FL_40,Q241|av_trust_4|av_trust_1|av_trust_5|av_trust_2|av_trust_3,,,Q90|vA_sue|vB_driver_sue|vB_mnfctr_sue,Q71|vA_cntrfctl|avoid|vB_cntrfctl
2024-05-06 09:06:14,2024-05-06 09:06:14,2,,100,0,1,2024-05-06 09:06:15,R_5pXshozxWuI13uu,,,,,,,test,,2,,,,,,,,,,,,,,,,,,,,,,,,,,,,,,,,,,,,,,,,,
2024-05-06 09:06:15,2024-05-06 09:06:15,2,,100,0,1,2024-05-06 09:06:15,R_0Te4oacE6H8FUhg,,,,,,,test,,2,,,,,,,,,,,,,,,,,,,,,,,,,,,,,,,,,,,,,,,,,
2024-05-06 09:06:15,2024-05-06 09:06:15,2,,100,0,1,2024-05-06 09:06:15,R_8krj4N5VrHg3WrI,,,,,,,test,,1,1,2,,,,,,,,,,,,,,,,,,,,,,,,,,,,,,,,,,,,,,,
2024-05-06 09:06:15,2024-05-06 09:06:15,2,,100,0,1,2024-05-06 09:06:15,R_cOclu7Rsw1y0PYi,,,,,,,test,,2,,,,,,,,,,,,,,,,,,,,,,,,,,,,,,,,,,,,,,,,,
2024-05-06 09:06:15,2024-05-06 09:06:15,2,,100,0,1,2024-05-06 09:06:16,R_73PvP6StSBVMKGi,,,,,,,test,,1,1,1,,,,,,,,,,,,,,,,,,,,,,,,,,,,,,,,,,,,,,,
2024-05-06 09:06:16,2024-05-06 09:06:16,2,,100,0,1,2024-05-06 09:06:16,R_d5z6jWjKSHxOvKC,,,,,,,test,,2,,,,,,,,,,,,,,,,,,,,,,,,,,,,,,,,,,,,,,,,,
2024-05-06 09:06:16,2024-05-06 09:06:16,2,,100,0,1,2024-05-06 09:06:16,R_1L0KsC7rQzkUiLs,,,,,,,test,,2,,,,,,,,,,,,,,,,,,,,,,,,,,,,,,,,,,,,,,,,,
2024-05-06 09:06:16,2024-05-06 09:06:16,2,,100,0,1,2024-05-06 09:06:16,R_0BZXKDHtOdWva0S,,,,,,,test,,1,3,1,,,,,,,,,,,,,,,,,,,,,,,,,,,,,,,,,,,,,,,
2024-05-06 09:06:16,2024-05-06 09:06:16,2,,100,0,1,2024-05-06 09:06:17,R_aV6tLfqA3qrx6FU,,,,,,,test,,2,,,,,,,,,,,,,,,,,,,,,,,,,,,,,,,,,,,,,,,,,
2024-05-06 09:06:17,2024-05-06 09:06:17,2,,100,0,1,2024-05-06 09:06:17,R_5nVCgidY6tmm8Mm,,,,,,,test,,2,,,,,,,,,,,,,,,,,,,,,,,,,,,,,,,,,,,,,,,,,
2024-05-06 09:06:17,2024-05-06 09:06:17,2,,100,0,1,2024-05-06 09:06:17,R_3h2UhrW5TSNTVzM,,,,,,,test,,1,1,1,,,,,,,,,,,,,,,,,,,,,,,,,,,,,,,,,,,,,,,
2024-05-06 09:06:17,2024-05-06 09:06:17,2,,100,0,1,2024-05-06 09:06:17,R_8922CyVPKs4IebA,,,,,,,test,,1,3,2,,,,,,,,,,,,,,,,,,,,,,,,,,,,,,,,,,,,,,,
2024-05-06 09:06:17,2024-05-06 09:06:17,2,,100,0,1,2024-05-06 09:06:17,R_7NwA2si89qPLp1c,,,,,,,test,,2,,,,,,,,,,,,,,,,,,,,,,,,,,,,,,,,,,,,,,,,,
2024-05-06 09:06:18,2024-05-06 09:06:18,2,,100,0,1,2024-05-06 09:06:18,R_6z2OYTUkDAwxiN8,,,,,,,test,,2,,,,,,,,,,,,,,,,,,,,,,,,,,,,,,,,,,,,,,,,,
2024-05-06 09:06:18,2024-05-06 09:06:18,2,,100,0,1,2024-05-06 09:06:18,R_bIZ3PLkKPe83hjw,,,,,,,test,,1,2,1,,,,,,,,,,,,,,,,,,,,,,,,,,,,,,,,,,,,,,,
2024-05-06 09:06:18,2024-05-06 09:06:18,2,,100,0,1,2024-05-06 09:06:18,R_5BaOFsBpfi2mMdg,,,,,,,test,,2,,,,,,,,,,,,,,,,,,,,,,,,,,,,,,,,,,,,,,,,,
2024-05-06 09:06:18,2024-05-06 09:06:18,2,,100,0,1,2024-05-06 09:06:18,R_9AkGlpQKJfPa2xw,,,,,,,test,,1,3,2,,,,,,,,,,,,,,,,,,,,,,,,,,,,,,,,,,,,,,,
2024-05-06 09:06:18,2024-05-06 09:06:19,2,,100,1,1,2024-05-06 09:06:19,R_bf1SYAUzBf8rO8C,,,,,,,test,,1,2,2,3,55,47,58,30,,,,,,,,,,1.78,7.15,8.41,17,0,48,99,0,61,43,3,2,2,39,1,,Quis rutrum magna vivamus vulputate vestibulum atque tincidunt primis non.,2,,FL_40,Q241|av_trust_3|av_trust_1|av_trust_5|av_trust_2|av_trust_4,,,Q90|vA_sue|vB_driver_sue|vB_mnfctr_sue,Q71|avoid|vB_cntrfctl|vA_cntrfctl
2024-05-06 09:06:19,2024-05-06 09:06:19,2,,100,0,1,2024-05-06 09:06:19,R_cOQTk3RE2OsU4FE,,,,,,,test,,1,3,1,,,,,,,,,,,,,,,,,,,,,,,,,,,,,,,,,,,,,,,
2024-05-06 09:06:19,2024-05-06 09:06:19,2,,100,0,1,2024-05-06 09:06:19,R_6EYiMXuTCAuipdc,,,,,,,test,,1,2,1,,,,,,,,,,,,,,,,,,,,,,,,,,,,,,,,,,,,,,,
2024-05-06 09:06:19,2024-05-06 09:06:19,2,,100,0,1,2024-05-06 09:06:20,R_6JYgFshDmH1U9ym,,,,,,,test,,1,1,1,,,,,,,,,,,,,,,,,,,,,,,,,,,,,,,,,,,,,,,
2024-05-06 09:06:20,2024-05-06 09:06:20,2,,100,0,1,2024-05-06 09:06:20,R_9HzxKgiWaUAYgWW,,,,,,,test,,2,,,,,,,,,,,,,,,,,,,,,,,,,,,,,,,,,,,,,,,,,
2024-05-06 09:06:20,2024-05-06 09:06:20,2,,100,0,1,2024-05-06 09:06:20,R_7adLSAfGYqnLBS6,,,,,,,test,,2,,,,,,,,,,,,,,,,,,,,,,,,,,,,,,,,,,,,,,,,,
2024-05-06 09:06:20,2024-05-06 09:06:20,2,,100,0,1,2024-05-06 09:06:20,R_40cvspfyQG42bhI,,,,,,,test,,1,4,2,,,,,,,,,,,,,,,,,,,,,,,,,,,,,,,,,,,,,,,
2024-05-06 09:06:20,2024-05-06 09:06:20,2,,100,0,1,2024-05-06 09:06:21,R_byjbohhTBeuccYK,,,,,,,test,,2,,,,,,,,,,,,,,,,,,,,,,,,,,,,,,,,,,,,,,,,,
2024-05-06 09:06:21,2024-05-06 09:06:21,2,,100,0,1,2024-05-06 09:06:21,R_9B1VOGtPVuBNQAm,,,,,,,test,,1,3,1,,,,,,,,,,,,,,,,,,,,,,,,,,,,,,,,,,,,,,,
2024-05-06 09:06:21,2024-05-06 09:06:21,2,,100,0,1,2024-05-06 09:06:21,R_6lngMmYk0RrkjUq,,,,,,,test,,1,3,1,,,,,,,,,,,,,,,,,,,,,,,,,,,,,,,,,,,,,,,
2024-05-06 09:06:21,2024-05-06 09:06:21,2,,100,0,1,2024-05-06 09:06:21,R_9KoXdDZdoUDCoOG,,,,,,,test,,1,4,1,,,,,,,,,,,,,,,,,,,,,,,,,,,,,,,,,,,,,,,
2024-05-06 09:06:21,2024-05-06 09:06:21,2,,100,0,1,2024-05-06 09:06:22,R_02umRQAtZJVNmRg,,,,,,,test,,1,1,1,,,,,,,,,,,,,,,,,,,,,,,,,,,,,,,,,,,,,,,
2024-05-06 09:06:22,2024-05-06 09:06:22,2,,100,0,1,2024-05-06 09:06:22,R_4I8SYZ77sM1txKm,,,,,,,test,,2,,,,,,,,,,,,,,,,,,,,,,,,,,,,,,,,,,,,,,,,,
2024-05-06 09:06:22,2024-05-06 09:06:22,2,,100,0,1,2024-05-06 09:06:22,R_0CE9WaAobHr9WIe,,,,,,,test,,1,4,2,,,,,,,,,,,,,,,,,,,,,,,,,,,,,,,,,,,,,,,
2024-05-06 09:06:22,2024-05-06 09:06:22,2,,100,0,1,2024-05-06 09:06:22,R_d0C4VTuKj3aGHcy,,,,,,,test,,2,,,,,,,,,,,,,,,,,,,,,,,,,,,,,,,,,,,,,,,,,
2024-05-06 09:06:22,2024-05-06 09:06:22,2,,100,0,1,2024-05-06 09:06:23,R_0d2Fu7ehcrFFXp4,,,,,,,test,,2,,,,,,,,,,,,,,,,,,,,,,,,,,,,,,,,,,,,,,,,,
2024-05-06 09:06:23,2024-05-06 09:06:23,2,,100,0,1,2024-05-06 09:06:23,R_eKfAeRRuJ5qdjKu,,,,,,,test,,1,3,2,,,,,,,,,,,,,,,,,,,,,,,,,,,,,,,,,,,,,,,
2024-05-06 09:06:23,2024-05-06 09:06:23,2,,100,0,1,2024-05-06 09:06:23,R_cTOtwp5cBwhnB0W,,,,,,,test,,2,,,,,,,,,,,,,,,,,,,,,,,,,,,,,,,,,,,,,,,,,
2024-05-06 09:06:23,2024-05-06 09:06:23,2,,100,0,1,2024-05-06 09:06:23,R_9REQnl6UasaL40K,,,,,,,test,,1,2,1,,,,,,,,,,,,,,,,,,,,,,,,,,,,,,,,,,,,,,,
2024-05-06 09:06:23,2024-05-06 09:06:23,2,,100,0,1,2024-05-06 09:06:24,R_0pJQjUkTtsNdqcK,,,,,,,test,,2,,,,,,,,,,,,,,,,,,,,,,,,,,,,,,,,,,,,,,,,,
2024-05-06 09:06:24,2024-05-06 09:06:24,2,,100,0,1,2024-05-06 09:06:24,R_dmAUk8jSr6yRHy6,,,,,,,test,,2,,,,,,,,,,,,,,,,,,,,,,,,,,,,,,,,,,,,,,,,,
2024-05-06 09:06:25,2024-05-06 09:06:25,2,,100,0,1,2024-05-06 09:06:25,R_5ouKgDi4bOToFaC,,,,,,,test,,1,2,1,,,,,,,,,,,,,,,,,,,,,,,,,,,,,,,,,,,,,,,
2024-05-06 09:06:25,2024-05-06 09:06:25,2,,100,0,1,2024-05-06 09:06:25,R_5doo4FN8LlUj4dE,,,,,,,test,,1,1,1,,,,,,,,,,,,,,,,,,,,,,,,,,,,,,,,,,,,,,,
2024-05-06 09:06:25,2024-05-06 09:06:25,2,,100,0,1,2024-05-06 09:06:25,R_9TghUSfNQu13UnY,,,,,,,test,,1,4,1,,,,,,,,,,,,,,,,,,,,,,,,,,,,,,,,,,,,,,,
2024-05-06 09:06:25,2024-05-06 09:06:25,2,,100,0,1,2024-05-06 09:06:26,R_bsx5EaSzTULw60u,,,,,,,test,,2,,,,,,,,,,,,,,,,,,,,,,,,,,,,,,,,,,,,,,,,,
2024-05-06 09:06:26,2024-05-06 09:06:26,2,,100,0,1,2024-05-06 09:06:26,R_2copDUTdggdIVDw,,,,,,,test,,2,,,,,,,,,,,,,,,,,,,,,,,,,,,,,,,,,,,,,,,,,
2024-05-06 09:06:26,2024-05-06 09:06:26,2,,100,0,1,2024-05-06 09:06:26,R_doLduF0Xc3IMoHY,,,,,,,test,,2,,,,,,,,,,,,,,,,,,,,,,,,,,,,,,,,,,,,,,,,,
2024-05-06 09:06:26,2024-05-06 09:06:26,2,,100,0,1,2024-05-06 09:06:26,R_2oANBVV6JDfqvCS,,,,,,,test,,2,,,,,,,,,,,,,,,,,,,,,,,,,,,,,,,,,,,,,,,,,
2024-05-06 09:06:26,2024-05-06 09:06:27,2,,100,1,1,2024-05-06 09:06:27,R_9M3Woq5Xt17Eiua,,,,,,,test,,1,2,2,99,91,21,3,8,7.87,9.28,9.67,43,93,45,39,79,55,,,,,,,,,,,1,2,1,96,4,Justo egestas fringilla. Facilisis accumsan porta? Urna ridiculus augue malesuada luctus. Vulputate.,Convallis ut ullamcorper! Etiam donec neque eleifend vitae tincidunt sodales blandit.,7,,FL_39,Q241|av_trust_3|av_trust_1|av_trust_5|av_trust_4|av_trust_2,Q116|vB_mnfctr_sue_AV|vA_sue_AV,Q122|vA_cntrfctl_AV|vB_cntrfctl_AV|avoid_AV,,
2024-05-06 09:06:27,2024-05-06 09:06:27,2,,100,0,1,2024-05-06 09:06:27,R_43mV3nagkU0fXJc,,,,,,,test,,2,,,,,,,,,,,,,,,,,,,,,,,,,,,,,,,,,,,,,,,,,
2024-05-06 09:06:27,2024-05-06 09:06:27,2,,100,0,1,2024-05-06 09:06:27,R_e9XPxszNva1QK58,,,,,,,test,,1,1,1,,,,,,,,,,,,,,,,,,,,,,,,,,,,,,,,,,,,,,,
2024-05-06 09:06:27,2024-05-06 09:06:27,2,,100,0,1,2024-05-06 09:06:27,R_3dxM4iiHgjmpw4S,,,,,,,test,,2,,,,,,,,,,,,,,,,,,,,,,,,,,,,,,,,,,,,,,,,,
2024-05-06 09:06:28,2024-05-06 09:06:28,2,,100,0,1,2024-05-06 09:06:28,R_3l6yOkQHy7mlrO6,,,,,,,test,,2,,,,,,,,,,,,,,,,,,,,,,,,,,,,,,,,,,,,,,,,,
2024-05-06 09:06:28,2024-05-06 09:06:28,2,,100,0,1,2024-05-06 09:06:28,R_6Sh9PWcOhW8u2fI,,,,,,,test,,1,1,2,,,,,,,,,,,,,,,,,,,,,,,,,,,,,,,,,,,,,,,
2024-05-06 09:06:28,2024-05-06 09:06:28,2,,100,0,1,2024-05-06 09:06:28,R_5BTyF2ZVIvpccXs,,,,,,,test,,2,,,,,,,,,,,,,,,,,,,,,,,,,,,,,,,,,,,,,,,,,
2024-05-06 09:06:28,2024-05-06 09:06:28,2,,100,0,1,2024-05-06 09:06:28,R_266I3mdODQUBONE,,,,,,,test,,1,3,1,,,,,,,,,,,,,,,,,,,,,,,,,,,,,,,,,,,,,,,
2024-05-06 09:06:29,2024-05-06 09:06:29,2,,100,0,1,2024-05-06 09:06:29,R_1U1ZKlhK62Wy5qS,,,,,,,test,,1,4,2,,,,,,,,,,,,,,,,,,,,,,,,,,,,,,,,,,,,,,,
2024-05-06 09:06:29,2024-05-06 09:06:29,2,,100,0,1,2024-05-06 09:06:29,R_1FB2zOGfau87A1g,,,,,,,test,,1,1,2,,,,,,,,,,,,,,,,,,,,,,,,,,,,,,,,,,,,,,,
2024-05-06 09:06:29,2024-05-06 09:06:29,2,,100,0,1,2024-05-06 09:06:29,R_e8WON4oiM2HszCm,,,,,,,test,,1,1,1,,,,,,,,,,,,,,,,,,,,,,,,,,,,,,,,,,,,,,,
2024-05-06 09:06:29,2024-05-06 09:06:29,2,,100,0,1,2024-05-06 09:06:30,R_abCwhVRl57kHBVY,,,,,,,test,,1,1,2,,,,,,,,,,,,,,,,,,,,,,,,,,,,,,,,,,,,,,,
2024-05-06 09:06:30,2024-05-06 09:06:30,2,,100,0,1,2024-05-06 09:06:30,R_8wYMfUM16AvuYce,,,,,,,test,,1,4,1,,,,,,,,,,,,,,,,,,,,,,,,,,,,,,,,,,,,,,,
2024-05-06 09:06:30,2024-05-06 09:06:30,2,,100,0,1,2024-05-06 09:06:30,R_6lGgouTO5WTFo7I,,,,,,,test,,1,2,1,,,,,,,,,,,,,,,,,,,,,,,,,,,,,,,,,,,,,,,
2024-05-06 09:06:30,2024-05-06 09:06:30,2,,100,0,1,2024-05-06 09:06:30,R_6hdtyJn16mygqxw,,,,,,,test,,2,,,,,,,,,,,,,,,,,,,,,,,,,,,,,,,,,,,,,,,,,
2024-05-06 09:06:30,2024-05-06 09:06:30,2,,100,0,1,2024-05-06 09:06:30,R_5itcEgJ4qybo7l4,,,,,,,test,,2,,,,,,,,,,,,,,,,,,,,,,,,,,,,,,,,,,,,,,,,,
2024-05-06 09:06:31,2024-05-06 09:06:31,2,,100,0,1,2024-05-06 09:06:31,R_diZSPLmuDiNmOfs,,,,,,,test,,1,2,1,,,,,,,,,,,,,,,,,,,,,,,,,,,,,,,,,,,,,,,
2024-05-06 09:06:31,2024-05-06 09:06:31,2,,100,0,1,2024-05-06 09:06:31,R_eXUZbeIZFdZT8Fw,,,,,,,test,,1,4,1,,,,,,,,,,,,,,,,,,,,,,,,,,,,,,,,,,,,,,,
2024-05-06 09:06:31,2024-05-06 09:06:31,2,,100,0,1,2024-05-06 09:06:31,R_e9Fry57fD62Wi9w,,,,,,,test,,1,1,2,,,,,,,,,,,,,,,,,,,,,,,,,,,,,,,,,,,,,,,
2024-05-06 09:06:31,2024-05-06 09:06:31,2,,100,0,1,2024-05-06 09:06:32,R_1RiY99GA3cTFBCS,,,,,,,test,,1,2,1,,,,,,,,,,,,,,,,,,,,,,,,,,,,,,,,,,,,,,,
2024-05-06 09:06:32,2024-05-06 09:06:32,2,,100,0,1,2024-05-06 09:06:32,R_0AKq62JsDJQwhrU,,,,,,,test,,1,1,2,,,,,,,,,,,,,,,,,,,,,,,,,,,,,,,,,,,,,,,
2024-05-06 09:06:32,2024-05-06 09:06:32,2,,100,0,1,2024-05-06 09:06:32,R_000pg0Bsvg37VEq,,,,,,,test,,1,4,2,,,,,,,,,,,,,,,,,,,,,,,,,,,,,,,,,,,,,,,
2024-05-06 09:06:32,2024-05-06 09:06:32,2,,100,0,1,2024-05-06 09:06:32,R_802CRsklQLF3b8O,,,,,,,test,,1,4,2,,,,,,,,,,,,,,,,,,,,,,,,,,,,,,,,,,,,,,,
2024-05-06 09:06:32,2024-05-06 09:06:32,2,,100,0,1,2024-05-06 09:06:33,R_cwD6Lz1VbGQzDYq,,,,,,,test,,2,,,,,,,,,,,,,,,,,,,,,,,,,,,,,,,,,,,,,,,,,
2024-05-06 09:06:33,2024-05-06 09:06:33,2,,100,0,1,2024-05-06 09:06:33,R_aWxbEYSjaTREk3I,,,,,,,test,,1,4,2,,,,,,,,,,,,,,,,,,,,,,,,,,,,,,,,,,,,,,,
2024-05-06 09:06:33,2024-05-06 09:06:33,2,,100,0,1,2024-05-06 09:06:33,R_3UUuWX3P8ArWfdA,,,,,,,test,,1,3,2,,,,,,,,,,,,,,,,,,,,,,,,,,,,,,,,,,,,,,,
2024-05-06 09:06:33,2024-05-06 09:06:33,2,,100,0,1,2024-05-06 09:06:33,R_3Pi1Bhe73M1upM2,,,,,,,test,,1,2,1,,,,,,,,,,,,,,,,,,,,,,,,,,,,,,,,,,,,,,,
2024-05-06 09:06:33,2024-05-06 09:06:33,2,,100,0,1,2024-05-06 09:06:34,R_79x6yUIZdiv6MyG,,,,,,,test,,2,,,,,,,,,,,,,,,,,,,,,,,,,,,,,,,,,,,,,,,,,
2024-05-06 09:06:34,2024-05-06 09:06:34,2,,100,0,1,2024-05-06 09:06:34,R_2lYki6LzMfVsqYC,,,,,,,test,,2,,,,,,,,,,,,,,,,,,,,,,,,,,,,,,,,,,,,,,,,,
2024-05-06 09:06:34,2024-05-06 09:06:34,2,,100,0,1,2024-05-06 09:06:34,R_9ueIL1gJtTckJfg,,,,,,,test,,1,2,2,22,80,7,22,1,,,,,,,,,,6.99,8.84,7.3,21,18,72,36,51,73,82,1,2,1,77,3,,Wisi imperdiet nullam iaculis vehicula felis risus sed duis ante scelerisque accumsan ridiculus.,8,"Commodo elementum at odio mi scelerisque. Lorem mi fusce! Mi at arcu, per.",FL_40,Q241|av_trust_3|av_trust_5|av_trust_4|av_trust_2|av_trust_1,,,Q90|vA_sue|vB_mnfctr_sue|vB_driver_sue,Q71|vB_cntrfctl|avoid|vA_cntrfctl
2024-05-06 09:06:34,2024-05-06 09:06:34,2,,100,0,1,2024-05-06 09:06:34,R_0p1ycdDbElortL8,,,,,,,test,,1,1,1,,,,,,,,,,,,,,,,,,,,,,,,,,,,,,,,,,,,,,,
2024-05-06 09:06:35,2024-05-06 09:06:35,2,,100,0,1,2024-05-06 09:06:35,R_b9qcZ8cNOVoAiwu,,,,,,,test,,1,2,2,35,87,27,45,56,6.96,8.12,9.46,23,4,47,0,89,63,,,,,,,,,,,1,1,1,89,1,,Quam natoque. Sed a magnis massa consequat pede accumsan per nunc! Tempora.,1,,FL_39,Q241|av_trust_4|av_trust_3|av_trust_1|av_trust_2|av_trust_5,Q116|vA_sue_AV|vB_mnfctr_sue_AV,Q122|avoid_AV|vA_cntrfctl_AV|vB_cntrfctl_AV,,
2024-05-06 09:06:35,2024-05-06 09:06:35,2,,100,0,1,2024-05-06 09:06:35,R_7WJD1r17h9FnWcu,,,,,,,test,,2,,,,,,,,,,,,,,,,,,,,,,,,,,,,,,,,,,,,,,,,,
2024-05-06 09:06:35,2024-05-06 09:06:35,2,,100,0,1,2024-05-06 09:06:35,R_bQu9ZbtZrlQF4UK,,,,,,,test,,1,3,2,,,,,,,,,,,,,,,,,,,,,,,,,,,,,,,,,,,,,,,
2024-05-06 09:06:35,2024-05-06 09:06:35,2,,100,0,1,2024-05-06 09:06:36,R_3qQ2b3Q16apRjTw,,,,,,,test,,1,1,2,,,,,,,,,,,,,,,,,,,,,,,,,,,,,,,,,,,,,,,
2024-05-06 09:06:36,2024-05-06 09:06:36,2,,100,0,1,2024-05-06 09:06:36,R_9StI7QBInBJJT4a,,,,,,,test,,2,,,,,,,,,,,,,,,,,,,,,,,,,,,,,,,,,,,,,,,,,
2024-05-06 09:06:36,2024-05-06 09:06:36,2,,100,0,1,2024-05-06 09:06:36,R_bBNILWeP8WeI16K,,,,,,,test,,1,3,1,,,,,,,,,,,,,,,,,,,,,,,,,,,,,,,,,,,,,,,
2024-05-06 09:06:36,2024-05-06 09:06:36,2,,100,0,1,2024-05-06 09:06:36,R_3fqIBFPgezU0UZw,,,,,,,test,,1,3,1,,,,,,,,,,,,,,,,,,,,,,,,,,,,,,,,,,,,,,,
2024-05-06 09:06:36,2024-05-06 09:06:37,2,,100,1,1,2024-05-06 09:06:37,R_eSfelgO7IeSLbLM,,,,,,,test,,1,1,1,,,,,,,,,,,,,,,,,,,,,,,,,,,,,,,,,,,,,,,
2024-05-06 09:06:37,2024-05-06 09:06:37,2,,100,0,1,2024-05-06 09:06:37,R_egmpLkQPAUtXaMC,,,,,,,test,,2,,,,,,,,,,,,,,,,,,,,,,,,,,,,,,,,,,,,,,,,,
2024-05-06 09:06:37,2024-05-06 09:06:37,2,,100,0,1,2024-05-06 09:06:37,R_3TM7xwr1cDAWoNo,,,,,,,test,,2,,,,,,,,,,,,,,,,,,,,,,,,,,,,,,,,,,,,,,,,,
2024-05-06 09:06:37,2024-05-06 09:06:37,2,,100,0,1,2024-05-06 09:06:37,R_0GnCyvD2F1LDRIi,,,,,,,test,,2,,,,,,,,,,,,,,,,,,,,,,,,,,,,,,,,,,,,,,,,,
2024-05-06 09:06:37,2024-05-06 09:06:37,2,,100,0,1,2024-05-06 09:06:38,R_6WPCjhxZjQ8ylwy,,,,,,,test,,2,,,,,,,,,,,,,,,,,,,,,,,,,,,,,,,,,,,,,,,,,
2024-05-06 09:06:38,2024-05-06 09:06:38,2,,100,0,1,2024-05-06 09:06:38,R_1S5mVuJE5k8eE3Y,,,,,,,test,,2,,,,,,,,,,,,,,,,,,,,,,,,,,,,,,,,,,,,,,,,,
2024-05-06 09:06:38,2024-05-06 09:06:38,2,,100,0,1,2024-05-06 09:06:38,R_bKP0VAixqzFXawC,,,,,,,test,,2,,,,,,,,,,,,,,,,,,,,,,,,,,,,,,,,,,,,,,,,,
2024-05-06 09:06:38,2024-05-06 09:06:38,2,,100,0,1,2024-05-06 09:06:38,R_8kmXbBby3rm9NFY,,,,,,,test,,1,4,2,,,,,,,,,,,,,,,,,,,,,,,,,,,,,,,,,,,,,,,
2024-05-06 09:06:38,2024-05-06 09:06:39,2,,100,1,1,2024-05-06 09:06:39,R_0O4zCIi1ri2oCLc,,,,,,,test,,1,2,1,,,,,,,,,,,,,,,,,,,,,,,,,,,,,,,,,,,,,,,
2024-05-06 09:06:39,2024-05-06 09:06:39,2,,100,0,1,2024-05-06 09:06:39,R_00WAdvhBGsXn7Zc,,,,,,,test,,2,,,,,,,,,,,,,,,,,,,,,,,,,,,,,,,,,,,,,,,,,
2024-05-06 09:06:39,2024-05-06 09:06:39,2,,100,0,1,2024-05-06 09:06:39,R_3JBagHFoq5rO1me,,,,,,,test,,1,4,2,,,,,,,,,,,,,,,,,,,,,,,,,,,,,,,,,,,,,,,
2024-05-06 09:06:39,2024-05-06 09:06:39,2,,100,0,1,2024-05-06 09:06:40,R_eQbIFtMa9EGRRm6,,,,,,,test,,2,,,,,,,,,,,,,,,,,,,,,,,,,,,,,,,,,,,,,,,,,
2024-05-06 09:06:40,2024-05-06 09:06:40,2,,100,0,1,2024-05-06 09:06:40,R_3DTKU84z0OBYjmm,,,,,,,test,,2,,,,,,,,,,,,,,,,,,,,,,,,,,,,,,,,,,,,,,,,,
2024-05-06 09:06:40,2024-05-06 09:06:40,2,,100,0,1,2024-05-06 09:06:40,R_4Tom2WYDTXhbxKC,,,,,,,test,,2,,,,,,,,,,,,,,,,,,,,,,,,,,,,,,,,,,,,,,,,,
2024-05-06 09:06:40,2024-05-06 09:06:40,2,,100,0,1,2024-05-06 09:06:40,R_9zqPByMcygjhcJE,,,,,,,test,,1,3,1,,,,,,,,,,,,,,,,,,,,,,,,,,,,,,,,,,,,,,,
2024-05-06 09:06:40,2024-05-06 09:06:40,2,,100,0,1,2024-05-06 09:06:41,R_0dl1OtidgUTWCb4,,,,,,,test,,2,,,,,,,,,,,,,,,,,,,,,,,,,,,,,,,,,,,,,,,,,
2024-05-06 09:06:41,2024-05-06 09:06:41,2,,100,0,1,2024-05-06 09:06:41,R_cAzGin5ITbmzwy2,,,,,,,test,,2,,,,,,,,,,,,,,,,,,,,,,,,,,,,,,,,,,,,,,,,,
2024-05-06 09:06:41,2024-05-06 09:06:41,2,,100,0,1,2024-05-06 09:06:41,R_6EYl4jcxzJU8pO6,,,,,,,test,,2,,,,,,,,,,,,,,,,,,,,,,,,,,,,,,,,,,,,,,,,,
2024-05-06 09:06:41,2024-05-06 09:06:41,2,,100,0,1,2024-05-06 09:06:41,R_eWDNbvsUNWKm40C,,,,,,,test,,1,1,2,,,,,,,,,,,,,,,,,,,,,,,,,,,,,,,,,,,,,,,
2024-05-06 09:06:41,2024-05-06 09:06:42,2,,100,1,1,2024-05-06 09:06:42,R_0SqgiAse8FrvMt8,,,,,,,test,,1,2,2,50,65,50,58,81,9.07,9.92,9.54,3,46,65,3,96,38,,,,,,,,,,,3,1,1,75,4,"Arcu velit tempora. Lacus temporibus suspendisse malesuada, elit! Suspendisse dolorem.","Integer. Auctor? Elementum nullam metus primis tempora vivamus mattis, metus quam egestas. Ridiculus sapien.",7,,FL_39,Q241|av_trust_3|av_trust_1|av_trust_2|av_trust_5|av_trust_4,Q116|vB_mnfctr_sue_AV|vA_sue_AV,Q122|avoid_AV|vA_cntrfctl_AV|vB_cntrfctl_AV,,
2024-05-06 09:06:42,2024-05-06 09:06:42,2,,100,0,1,2024-05-06 09:06:42,R_di2pHHzqu9gpQRE,,,,,,,test,,1,3,1,,,,,,,,,,,,,,,,,,,,,,,,,,,,,,,,,,,,,,,
2024-05-06 09:06:42,2024-05-06 09:06:42,2,,100,0,1,2024-05-06 09:06:42,R_80pLFJne3aYDXPo,,,,,,,test,,1,3,1,,,,,,,,,,,,,,,,,,,,,,,,,,,,,,,,,,,,,,,
2024-05-06 09:06:42,2024-05-06 09:06:42,2,,100,0,1,2024-05-06 09:06:42,R_cROfKaOX8swDNZk,,,,,,,test,,1,1,1,,,,,,,,,,,,,,,,,,,,,,,,,,,,,,,,,,,,,,,
2024-05-06 09:06:43,2024-05-06 09:06:43,2,,100,0,1,2024-05-06 09:06:43,R_0kTUf7rv2iQCSjA,,,,,,,test,,1,3,2,,,,,,,,,,,,,,,,,,,,,,,,,,,,,,,,,,,,,,,
2024-05-06 09:06:43,2024-05-06 09:06:43,2,,100,0,1,2024-05-06 09:06:43,R_1St0SMpxR7OEbLo,,,,,,,test,,2,,,,,,,,,,,,,,,,,,,,,,,,,,,,,,,,,,,,,,,,,
2024-05-06 09:06:43,2024-05-06 09:06:43,2,,100,0,1,2024-05-06 09:06:43,R_3rqu94hKbKyrZ8W,,,,,,,test,,1,1,2,,,,,,,,,,,,,,,,,,,,,,,,,,,,,,,,,,,,,,,
2024-05-06 09:06:43,2024-05-06 09:06:43,2,,100,0,1,2024-05-06 09:06:44,R_4MBhd6M5GTlNC3I,,,,,,,test,,2,,,,,,,,,,,,,,,,,,,,,,,,,,,,,,,,,,,,,,,,,
2024-05-06 09:06:44,2024-05-06 09:06:44,2,,100,0,1,2024-05-06 09:06:44,R_3fkE2nrWFEQ0v5Q,,,,,,,test,,2,,,,,,,,,,,,,,,,,,,,,,,,,,,,,,,,,,,,,,,,,
2024-05-06 09:06:44,2024-05-06 09:06:44,2,,100,0,1,2024-05-06 09:06:44,R_3yjzLKVC4Ui1ZdQ,,,,,,,test,,1,2,1,,,,,,,,,,,,,,,,,,,,,,,,,,,,,,,,,,,,,,,
2024-05-06 09:06:44,2024-05-06 09:06:44,2,,100,0,1,2024-05-06 09:06:44,R_1NElN1KcwVXW1ng,,,,,,,test,,1,1,1,,,,,,,,,,,,,,,,,,,,,,,,,,,,,,,,,,,,,,,
2024-05-06 09:06:44,2024-05-06 09:06:44,2,,100,0,1,2024-05-06 09:06:45,R_0SrTScezHzClVga,,,,,,,test,,1,4,2,,,,,,,,,,,,,,,,,,,,,,,,,,,,,,,,,,,,,,,
2024-05-06 09:06:45,2024-05-06 09:06:45,2,,100,0,1,2024-05-06 09:06:45,R_eku2jOp9bwr1Yr4,,,,,,,test,,2,,,,,,,,,,,,,,,,,,,,,,,,,,,,,,,,,,,,,,,,,
2024-05-06 09:06:45,2024-05-06 09:06:45,2,,100,0,1,2024-05-06 09:06:45,R_eLhhBO7lVIgDnx4,,,,,,,test,,1,1,2,,,,,,,,,,,,,,,,,,,,,,,,,,,,,,,,,,,,,,,
2024-05-06 09:06:45,2024-05-06 09:06:45,2,,100,0,1,2024-05-06 09:06:45,R_cw17JoglRywWTAy,,,,,,,test,,2,,,,,,,,,,,,,,,,,,,,,,,,,,,,,,,,,,,,,,,,,
2024-05-06 09:06:45,2024-05-06 09:06:45,2,,100,0,1,2024-05-06 09:06:46,R_bI3pNqSPHXuk09o,,,,,,,test,,2,,,,,,,,,,,,,,,,,,,,,,,,,,,,,,,,,,,,,,,,,
2024-05-06 09:06:46,2024-05-06 09:06:46,2,,100,0,1,2024-05-06 09:06:46,R_43lhWjaghhB2M18,,,,,,,test,,1,4,1,,,,,,,,,,,,,,,,,,,,,,,,,,,,,,,,,,,,,,,
2024-05-06 09:06:46,2024-05-06 09:06:46,2,,100,0,1,2024-05-06 09:06:46,R_6G8NudYMlFgLeqW,,,,,,,test,,1,1,1,,,,,,,,,,,,,,,,,,,,,,,,,,,,,,,,,,,,,,,
2024-05-06 09:06:46,2024-05-06 09:06:46,2,,100,0,1,2024-05-06 09:06:46,R_er4jITqWYKvA8WG,,,,,,,test,,1,3,1,,,,,,,,,,,,,,,,,,,,,,,,,,,,,,,,,,,,,,,
2024-05-06 09:06:46,2024-05-06 09:06:46,2,,100,0,1,2024-05-06 09:06:47,R_ac7h7vKxTYRu1pQ,,,,,,,test,,1,1,1,,,,,,,,,,,,,,,,,,,,,,,,,,,,,,,,,,,,,,,
2024-05-06 09:06:47,2024-05-06 09:06:47,2,,100,0,1,2024-05-06 09:06:47,R_2ghAWEaS69TeIXc,,,,,,,test,,1,1,2,,,,,,,,,,,,,,,,,,,,,,,,,,,,,,,,,,,,,,,
2024-05-06 09:06:47,2024-05-06 09:06:47,2,,100,0,1,2024-05-06 09:06:47,R_9yQ0HbO0Fr3OhQa,,,,,,,test,,2,,,,,,,,,,,,,,,,,,,,,,,,,,,,,,,,,,,,,,,,,
2024-05-06 09:06:47,2024-05-06 09:06:47,2,,100,0,1,2024-05-06 09:06:47,R_3DjNPAZdpYYb7j8,,,,,,,test,,2,,,,,,,,,,,,,,,,,,,,,,,,,,,,,,,,,,,,,,,,,
2024-05-06 09:06:47,2024-05-06 09:06:47,2,,100,0,1,2024-05-06 09:06:48,R_3Qpr5JWeB9fXMCW,,,,,,,test,,1,4,2,,,,,,,,,,,,,,,,,,,,,,,,,,,,,,,,,,,,,,,
2024-05-06 09:06:48,2024-05-06 09:06:48,2,,100,0,1,2024-05-06 09:06:48,R_0wx1ycPEWKtbQi2,,,,,,,test,,2,,,,,,,,,,,,,,,,,,,,,,,,,,,,,,,,,,,,,,,,,
2024-05-06 09:06:48,2024-05-06 09:06:48,2,,100,0,1,2024-05-06 09:06:48,R_da7XNp7lFUslcma,,,,,,,test,,2,,,,,,,,,,,,,,,,,,,,,,,,,,,,,,,,,,,,,,,,,
2024-05-06 09:06:48,2024-05-06 09:06:48,2,,100,0,1,2024-05-06 09:06:48,R_8HXgzewyltjkMD4,,,,,,,test,,2,,,,,,,,,,,,,,,,,,,,,,,,,,,,,,,,,,,,,,,,,
2024-05-06 09:06:48,2024-05-06 09:06:48,2,,100,0,1,2024-05-06 09:06:49,R_cuvNjIUXUWHpMz4,,,,,,,test,,1,4,2,,,,,,,,,,,,,,,,,,,,,,,,,,,,,,,,,,,,,,,
2024-05-06 09:06:49,2024-05-06 09:06:49,2,,100,0,1,2024-05-06 09:06:49,R_blrNhIDnNY1cpNQ,,,,,,,test,,2,,,,,,,,,,,,,,,,,,,,,,,,,,,,,,,,,,,,,,,,,
2024-05-06 09:06:49,2024-05-06 09:06:49,2,,100,0,1,2024-05-06 09:06:49,R_eFnuJpTuQR4NR66,,,,,,,test,,1,1,1,,,,,,,,,,,,,,,,,,,,,,,,,,,,,,,,,,,,,,,
2024-05-06 09:06:49,2024-05-06 09:06:49,2,,100,0,1,2024-05-06 09:06:49,R_agiJ7TJOHwH9Yyi,,,,,,,test,,2,,,,,,,,,,,,,,,,,,,,,,,,,,,,,,,,,,,,,,,,,
2024-05-06 09:06:49,2024-05-06 09:06:49,2,,100,0,1,2024-05-06 09:06:50,R_7OO3DjPzlJUF6B0,,,,,,,test,,2,,,,,,,,,,,,,,,,,,,,,,,,,,,,,,,,,,,,,,,,,
2024-05-06 09:06:50,2024-05-06 09:06:50,2,,100,0,1,2024-05-06 09:06:50,R_5druxgQZWwuYhO6,,,,,,,test,,1,3,1,,,,,,,,,,,,,,,,,,,,,,,,,,,,,,,,,,,,,,,
2024-05-06 09:06:50,2024-05-06 09:06:50,2,,100,0,1,2024-05-06 09:06:50,R_bNNcHKBRr54E7Yy,,,,,,,test,,2,,,,,,,,,,,,,,,,,,,,,,,,,,,,,,,,,,,,,,,,,
2024-05-06 09:06:50,2024-05-06 09:06:50,2,,100,0,1,2024-05-06 09:06:50,R_7QHlO4yc5mNvrP8,,,,,,,test,,1,3,2,,,,,,,,,,,,,,,,,,,,,,,,,,,,,,,,,,,,,,,
2024-05-06 09:06:50,2024-05-06 09:06:51,2,,100,1,1,2024-05-06 09:06:51,R_bloHPdW1Szb5aS2,,,,,,,test,,1,1,2,,,,,,,,,,,,,,,,,,,,,,,,,,,,,,,,,,,,,,,
2024-05-06 09:06:51,2024-05-06 09:06:51,2,,100,0,1,2024-05-06 09:06:51,R_6x7KFS1tbzebYxg,,,,,,,test,,2,,,,,,,,,,,,,,,,,,,,,,,,,,,,,,,,,,,,,,,,,
2024-05-06 09:06:51,2024-05-06 09:06:52,2,,100,1,1,2024-05-06 09:06:52,R_bmciv0uo1NKcFBI,,,,,,,test,,1,2,2,24,23,86,81,34,,,,,,,,,,6.66,9.31,7.79,1,17,16,34,62,62,33,1,2,1,6,4,"Eu vestibulum tempor. Fermentum tempor, enim dolor? Ipsum molestie neque! Tincidunt gravida? Facilisi.",Lectus etiam accumsan id viverra laoreet proin per ridiculus magna dapibus vehicula.,7,,FL_40,Q241|av_trust_5|av_trust_2|av_trust_4|av_trust_1|av_trust_3,,,Q90|vB_mnfctr_sue|vA_sue|vB_driver_sue,Q71|avoid|vB_cntrfctl|vA_cntrfctl
2024-05-06 09:06:52,2024-05-06 09:06:52,2,,100,0,1,2024-05-06 09:06:52,R_6JMRe5OQXb7SGQ6,,,,,,,test,,2,,,,,,,,,,,,,,,,,,,,,,,,,,,,,,,,,,,,,,,,,
2024-05-06 09:06:53,2024-05-06 09:06:53,2,,100,0,1,2024-05-06 09:06:53,R_6A9taGPMsPX9CZ0,,,,,,,test,,2,,,,,,,,,,,,,,,,,,,,,,,,,,,,,,,,,,,,,,,,,
2024-05-06 09:06:53,2024-05-06 09:06:53,2,,100,0,1,2024-05-06 09:06:53,R_6FfU4SRDQ7924Ki,,,,,,,test,,2,,,,,,,,,,,,,,,,,,,,,,,,,,,,,,,,,,,,,,,,,
2024-05-06 09:06:53,2024-05-06 09:06:53,2,,100,0,1,2024-05-06 09:06:53,R_9p3Vlbhw0GxemMe,,,,,,,test,,2,,,,,,,,,,,,,,,,,,,,,,,,,,,,,,,,,,,,,,,,,
2024-05-06 09:06:53,2024-05-06 09:06:53,2,,100,0,1,2024-05-06 09:06:53,R_7TBctIYXp6NPF5k,,,,,,,test,,2,,,,,,,,,,,,,,,,,,,,,,,,,,,,,,,,,,,,,,,,,
2024-05-06 09:06:53,2024-05-06 09:06:54,2,,100,1,1,2024-05-06 09:06:54,R_a5WuNYf7h5H2Ng2,,,,,,,test,,1,1,1,,,,,,,,,,,,,,,,,,,,,,,,,,,,,,,,,,,,,,,
2024-05-06 09:06:54,2024-05-06 09:06:54,2,,100,0,1,2024-05-06 09:06:54,R_eaIjmDrJ8NERdFc,,,,,,,test,,2,,,,,,,,,,,,,,,,,,,,,,,,,,,,,,,,,,,,,,,,,
2024-05-06 09:06:54,2024-05-06 09:06:54,2,,100,0,1,2024-05-06 09:06:54,R_eQziG6MCObtKrLo,,,,,,,test,,1,4,1,,,,,,,,,,,,,,,,,,,,,,,,,,,,,,,,,,,,,,,
2024-05-06 09:06:54,2024-05-06 09:06:54,2,,100,0,1,2024-05-06 09:06:54,R_cBJ4B9ANGNW4Guq,,,,,,,test,,1,3,1,,,,,,,,,,,,,,,,,,,,,,,,,,,,,,,,,,,,,,,
2024-05-06 09:06:55,2024-05-06 09:06:55,2,,100,0,1,2024-05-06 09:06:55,R_03qwFmb7o5qxQFM,,,,,,,test,,1,3,2,,,,,,,,,,,,,,,,,,,,,,,,,,,,,,,,,,,,,,,
2024-05-06 09:06:55,2024-05-06 09:06:55,2,,100,0,1,2024-05-06 09:06:55,R_0GoZeN9ubsTejEG,,,,,,,test,,1,3,1,,,,,,,,,,,,,,,,,,,,,,,,,,,,,,,,,,,,,,,
2024-05-06 09:06:55,2024-05-06 09:06:55,2,,100,0,1,2024-05-06 09:06:55,R_4I5zf9Wwu6mDktE,,,,,,,test,,1,4,2,,,,,,,,,,,,,,,,,,,,,,,,,,,,,,,,,,,,,,,
2024-05-06 09:06:56,2024-05-06 09:06:56,2,,100,0,1,2024-05-06 09:06:56,R_bENzXFvRbQr4qjk,,,,,,,test,,1,3,2,,,,,,,,,,,,,,,,,,,,,,,,,,,,,,,,,,,,,,,
2024-05-06 09:06:56,2024-05-06 09:06:56,2,,100,0,1,2024-05-06 09:06:56,R_dm8GbbCnM5j8EF8,,,,,,,test,,2,,,,,,,,,,,,,,,,,,,,,,,,,,,,,,,,,,,,,,,,,
2024-05-06 09:06:56,2024-05-06 09:06:56,2,,100,0,1,2024-05-06 09:06:56,R_6WEDjc8Lyxnj2Yu,,,,,,,test,,2,,,,,,,,,,,,,,,,,,,,,,,,,,,,,,,,,,,,,,,,,
2024-05-06 09:06:56,2024-05-06 09:06:56,2,,100,0,1,2024-05-06 09:06:56,R_0DSyGJ8Jz2WVugS,,,,,,,test,,1,1,1,,,,,,,,,,,,,,,,,,,,,,,,,,,,,,,,,,,,,,,
2024-05-06 09:06:57,2024-05-06 09:06:57,2,,100,0,1,2024-05-06 09:06:57,R_6m9bOKOCvjs4pFk,,,,,,,test,,1,2,2,55,14,84,21,40,,,,,,,,,,1.77,2.37,6,11,4,22,5,9,66,13,3,2,1,13,4,"Luctus mattis dolorem volutpat maecenas sem est pede euismod, quis.",Wisi pellentesque! Arcu ligula duis ridiculus ullamcorper! Orci maecenas accusamus suscipit felis.,7,,FL_40,Q241|av_trust_2|av_trust_3|av_trust_5|av_trust_4|av_trust_1,,,Q90|vB_mnfctr_sue|vB_driver_sue|vA_sue,Q71|avoid|vB_cntrfctl|vA_cntrfctl
2024-05-06 09:06:57,2024-05-06 09:06:57,2,,100,0,1,2024-05-06 09:06:57,R_cT0B32WQ0I0Dwj4,,,,,,,test,,1,2,2,5,56,44,14,3,3.29,7.7,7.54,34,17,50,52,67,12,,,,,,,,,,,1,2,2,14,1,,Egestas? Wisi convallis fermentum ligula duis ultrices odio ante accusamus! Purus quis velit temporibus.,3,,FL_39,Q241|av_trust_2|av_trust_3|av_trust_1|av_trust_4|av_trust_5,Q116|vB_mnfctr_sue_AV|vA_sue_AV,Q122|vB_cntrfctl_AV|vA_cntrfctl_AV|avoid_AV,,
2024-05-06 09:06:57,2024-05-06 09:06:57,2,,100,0,1,2024-05-06 09:06:57,R_bgsTIRBNTWKgcfQ,,,,,,,test,,2,,,,,,,,,,,,,,,,,,,,,,,,,,,,,,,,,,,,,,,,,
2024-05-06 09:06:58,2024-05-06 09:06:58,2,,100,0,1,2024-05-06 09:06:58,R_1XQMU020psf5lLE,,,,,,,test,,2,,,,,,,,,,,,,,,,,,,,,,,,,,,,,,,,,,,,,,,,,
2024-05-06 09:06:58,2024-05-06 09:06:58,2,,100,0,1,2024-05-06 09:06:58,R_78wfBwDfSd8NmMm,,,,,,,test,,1,3,2,,,,,,,,,,,,,,,,,,,,,,,,,,,,,,,,,,,,,,,
2024-05-06 09:06:58,2024-05-06 09:06:58,2,,100,0,1,2024-05-06 09:06:58,R_9sKGwwam1ZavVdk,,,,,,,test,,1,2,2,10,42,27,37,7,4.47,9.56,5.18,50,93,70,17,38,27,,,,,,,,,,,3,1,2,64,3,,Fusce? Proin elementum praesent interdum risus eu ultrices suspendisse curabitur morbi.,6,,FL_39,Q241|av_trust_2|av_trust_1|av_trust_3|av_trust_4|av_trust_5,Q116|vB_mnfctr_sue_AV|vA_sue_AV,Q122|avoid_AV|vB_cntrfctl_AV|vA_cntrfctl_AV,,
2024-05-06 09:06:58,2024-05-06 09:06:59,2,,100,1,1,2024-05-06 09:06:59,R_7VuAAmCiTvlvH6e,,,,,,,test,,1,2,2,34,83,61,83,89,,,,,,,,,,0.64,1.65,9.26,18,62,70,8,4,89,51,1,1,2,86,2,,Sodales integer culpa quis iaculis vulputate laoreet tempor. Ipsum molestie.,2,,FL_40,Q241|av_trust_3|av_trust_2|av_trust_1|av_trust_4|av_trust_5,,,Q90|vB_mnfctr_sue|vA_sue|vB_driver_sue,Q71|vB_cntrfctl|avoid|vA_cntrfctl
2024-05-06 09:06:59,2024-05-06 09:06:59,2,,100,0,1,2024-05-06 09:06:59,R_3pEwPXVI7nNJuPc,,,,,,,test,,2,,,,,,,,,,,,,,,,,,,,,,,,,,,,,,,,,,,,,,,,,
2024-05-06 09:06:59,2024-05-06 09:06:59,2,,100,0,1,2024-05-06 09:06:59,R_6YBSNi2RWj7PCCy,,,,,,,test,,1,1,1,,,,,,,,,,,,,,,,,,,,,,,,,,,,,,,,,,,,,,,
2024-05-06 09:06:59,2024-05-06 09:06:59,2,,100,0,1,2024-05-06 09:07:00,R_3ISfbrKJbIkPseG,,,,,,,test,,2,,,,,,,,,,,,,,,,,,,,,,,,,,,,,,,,,,,,,,,,,
2024-05-06 09:07:00,2024-05-06 09:07:00,2,,100,0,1,2024-05-06 09:07:00,R_cO4YXgex100Jt2u,,,,,,,test,,1,3,1,,,,,,,,,,,,,,,,,,,,,,,,,,,,,,,,,,,,,,,
2024-05-06 09:07:00,2024-05-06 09:07:00,2,,100,0,1,2024-05-06 09:07:00,R_cwNGvSNp2zM9qaW,,,,,,,test,,2,,,,,,,,,,,,,,,,,,,,,,,,,,,,,,,,,,,,,,,,,
2024-05-06 09:07:00,2024-05-06 09:07:00,2,,100,0,1,2024-05-06 09:07:00,R_6nbT8iIKDplM2F0,,,,,,,test,,2,,,,,,,,,,,,,,,,,,,,,,,,,,,,,,,,,,,,,,,,,
2024-05-06 09:07:01,2024-05-06 09:07:01,2,,100,0,1,2024-05-06 09:07:01,R_0dII5hRIVtSBbTg,,,,,,,test,,1,2,2,4,32,80,3,89,,,,,,,,,,3.61,9.33,4.19,8,7,87,42,0,68,16,3,1,1,40,1,,Molestie. Egestas facilisi ipsum nulla vel tempor tortor? Fringilla aliquet.,8,Eleifend cras tincidunt eu ab urna enim? Velit posuere curabitur quam volutpat scelerisque sit curabitur.,FL_40,Q241|av_trust_2|av_trust_5|av_trust_4|av_trust_3|av_trust_1,,,Q90|vB_driver_sue|vB_mnfctr_sue|vA_sue,Q71|avoid|vB_cntrfctl|vA_cntrfctl
2024-05-06 09:07:01,2024-05-06 09:07:01,2,,100,0,1,2024-05-06 09:07:01,R_8wYFR4YsAHmqDDE,,,,,,,test,,1,1,2,,,,,,,,,,,,,,,,,,,,,,,,,,,,,,,,,,,,,,,
2024-05-06 09:07:01,2024-05-06 09:07:02,2,,100,1,1,2024-05-06 09:07:02,R_cA6qKp04Ul1DoMK,,,,,,,test,,1,2,2,97,92,60,52,0,3.27,8.47,3.43,10,64,53,44,57,96,,,,,,,,,,,1,1,1,85,1,,Odio turpis fermentum ut orci molestie convallis praesent. Porttitor venenatis.,6,,FL_39,Q241|av_trust_4|av_trust_1|av_trust_2|av_trust_3|av_trust_5,Q116|vA_sue_AV|vB_mnfctr_sue_AV,Q122|vB_cntrfctl_AV|avoid_AV|vA_cntrfctl_AV,,
2024-05-06 09:07:02,2024-05-06 09:07:02,2,,100,0,1,2024-05-06 09:07:02,R_czFHlwEUwpsGBz8,,,,,,,test,,2,,,,,,,,,,,,,,,,,,,,,,,,,,,,,,,,,,,,,,,,,
2024-05-06 09:07:02,2024-05-06 09:07:02,2,,100,0,1,2024-05-06 09:07:02,R_a41RG1MEg8Hk15s,,,,,,,test,,2,,,,,,,,,,,,,,,,,,,,,,,,,,,,,,,,,,,,,,,,,
2024-05-06 09:07:02,2024-05-06 09:07:02,2,,100,0,1,2024-05-06 09:07:02,R_3mXFexmig3EVszA,,,,,,,test,,1,1,1,,,,,,,,,,,,,,,,,,,,,,,,,,,,,,,,,,,,,,,
2024-05-06 09:07:03,2024-05-06 09:07:03,2,,100,0,1,2024-05-06 09:07:03,R_5BdEA0hOPfdF1ci,,,,,,,test,,2,,,,,,,,,,,,,,,,,,,,,,,,,,,,,,,,,,,,,,,,,
2024-05-06 09:07:03,2024-05-06 09:07:03,2,,100,0,1,2024-05-06 09:07:03,R_cxdEDAQe9Oco5KK,,,,,,,test,,1,1,1,,,,,,,,,,,,,,,,,,,,,,,,,,,,,,,,,,,,,,,
2024-05-06 09:07:03,2024-05-06 09:07:03,2,,100,0,1,2024-05-06 09:07:03,R_bvJBKi5RVslhr3U,,,,,,,test,,1,1,2,,,,,,,,,,,,,,,,,,,,,,,,,,,,,,,,,,,,,,,
2024-05-06 09:07:03,2024-05-06 09:07:03,2,,100,0,1,2024-05-06 09:07:04,R_8qvQlxtPv7GdzhA,,,,,,,test,,1,1,2,,,,,,,,,,,,,,,,,,,,,,,,,,,,,,,,,,,,,,,
2024-05-06 09:07:04,2024-05-06 09:07:04,2,,100,0,1,2024-05-06 09:07:04,R_50VxckcDk7fPVau,,,,,,,test,,2,,,,,,,,,,,,,,,,,,,,,,,,,,,,,,,,,,,,,,,,,
2024-05-06 09:07:04,2024-05-06 09:07:04,2,,100,0,1,2024-05-06 09:07:04,R_2s0iMWf8o8QUquW,,,,,,,test,,1,4,1,,,,,,,,,,,,,,,,,,,,,,,,,,,,,,,,,,,,,,,
2024-05-06 09:07:04,2024-05-06 09:07:04,2,,100,0,1,2024-05-06 09:07:04,R_bvy6L64X5ilNU9g,,,,,,,test,,2,,,,,,,,,,,,,,,,,,,,,,,,,,,,,,,,,,,,,,,,,
2024-05-06 09:07:04,2024-05-06 09:07:04,2,,100,0,1,2024-05-06 09:07:05,R_0fvHzW2qPMgCxq6,,,,,,,test,,1,3,2,,,,,,,,,,,,,,,,,,,,,,,,,,,,,,,,,,,,,,,
2024-05-06 09:07:05,2024-05-06 09:07:05,2,,100,0,1,2024-05-06 09:07:05,R_8kvMYzDQvLKNKuO,,,,,,,test,,2,,,,,,,,,,,,,,,,,,,,,,,,,,,,,,,,,,,,,,,,,
2024-05-06 09:07:05,2024-05-06 09:07:05,2,,100,0,1,2024-05-06 09:07:05,R_eCF11PcY55VthEG,,,,,,,test,,1,4,1,,,,,,,,,,,,,,,,,,,,,,,,,,,,,,,,,,,,,,,
2024-05-06 09:07:05,2024-05-06 09:07:05,2,,100,0,1,2024-05-06 09:07:05,R_bjBnxf6PrX9zR54,,,,,,,test,,2,,,,,,,,,,,,,,,,,,,,,,,,,,,,,,,,,,,,,,,,,
2024-05-06 09:07:05,2024-05-06 09:07:06,2,,100,1,1,2024-05-06 09:07:06,R_5uw5rFKK1Uoe4Fo,,,,,,,test,,1,1,2,,,,,,,,,,,,,,,,,,,,,,,,,,,,,,,,,,,,,,,
2024-05-06 09:07:06,2024-05-06 09:07:06,2,,100,0,1,2024-05-06 09:07:06,R_exL6GJ0f2a7iRNk,,,,,,,test,,1,3,1,,,,,,,,,,,,,,,,,,,,,,,,,,,,,,,,,,,,,,,
2024-05-06 09:07:06,2024-05-06 09:07:06,2,,100,0,1,2024-05-06 09:07:06,R_er4vpG7gAYhf1pY,,,,,,,test,,1,4,1,,,,,,,,,,,,,,,,,,,,,,,,,,,,,,,,,,,,,,,
2024-05-06 09:07:06,2024-05-06 09:07:06,2,,100,0,1,2024-05-06 09:07:07,R_3DbAm2n4KP944Ae,,,,,,,test,,1,4,1,,,,,,,,,,,,,,,,,,,,,,,,,,,,,,,,,,,,,,,
2024-05-06 09:07:07,2024-05-06 09:07:07,2,,100,0,1,2024-05-06 09:07:07,R_4PhLKC0pvcd2grs,,,,,,,test,,2,,,,,,,,,,,,,,,,,,,,,,,,,,,,,,,,,,,,,,,,,
2024-05-06 09:07:07,2024-05-06 09:07:07,2,,100,0,1,2024-05-06 09:07:07,R_3f83QXNboNK1IuW,,,,,,,test,,2,,,,,,,,,,,,,,,,,,,,,,,,,,,,,,,,,,,,,,,,,
2024-05-06 09:07:07,2024-05-06 09:07:07,2,,100,0,1,2024-05-06 09:07:07,R_86oOjzBJLqEIdp4,,,,,,,test,,2,,,,,,,,,,,,,,,,,,,,,,,,,,,,,,,,,,,,,,,,,
2024-05-06 09:07:07,2024-05-06 09:07:07,2,,100,0,1,2024-05-06 09:07:08,R_0TffpkI69gGHlzg,,,,,,,test,,2,,,,,,,,,,,,,,,,,,,,,,,,,,,,,,,,,,,,,,,,,
2024-05-06 09:07:08,2024-05-06 09:07:08,2,,100,0,1,2024-05-06 09:07:08,R_787oYD01xHyNO2G,,,,,,,test,,1,4,1,,,,,,,,,,,,,,,,,,,,,,,,,,,,,,,,,,,,,,,
2024-05-06 09:07:08,2024-05-06 09:07:08,2,,100,0,1,2024-05-06 09:07:08,R_9sNgAHotgGRTE7Y,,,,,,,test,,2,,,,,,,,,,,,,,,,,,,,,,,,,,,,,,,,,,,,,,,,,
2024-05-06 09:07:08,2024-05-06 09:07:08,2,,100,0,1,2024-05-06 09:07:08,R_0j5yLZ5uMZ8XgcS,,,,,,,test,,1,1,1,,,,,,,,,,,,,,,,,,,,,,,,,,,,,,,,,,,,,,,
2024-05-06 09:07:08,2024-05-06 09:07:09,2,,100,1,1,2024-05-06 09:07:09,R_4ZoMw4E04nhpI5o,,,,,,,test,,1,2,2,95,83,28,6,18,,,,,,,,,,8.31,9.95,8.77,29,28,66,87,32,48,93,1,2,1,40,4,Bibendum neque felis vestibulum ipsum bibendum sapien nibh atque gravida consequat fusce.,Risus blandit? Cras vulputate malesuada platea tempor aenean rutrum ridiculus placerat.,2,,FL_40,Q241|av_trust_5|av_trust_4|av_trust_3|av_trust_1|av_trust_2,,,Q90|vB_driver_sue|vA_sue|vB_mnfctr_sue,Q71|vB_cntrfctl|avoid|vA_cntrfctl
2024-05-06 09:07:09,2024-05-06 09:07:09,2,,100,0,1,2024-05-06 09:07:09,R_dnWc2U8L2RIx6WG,,,,,,,test,,2,,,,,,,,,,,,,,,,,,,,,,,,,,,,,,,,,,,,,,,,,
2024-05-06 09:07:10,2024-05-06 09:07:10,2,,100,0,1,2024-05-06 09:07:10,R_5ArwszEznrL6QJg,,,,,,,test,,1,1,2,,,,,,,,,,,,,,,,,,,,,,,,,,,,,,,,,,,,,,,
2024-05-06 09:07:10,2024-05-06 09:07:10,2,,100,0,1,2024-05-06 09:07:10,R_6fAK39UM8G32TQi,,,,,,,test,,2,,,,,,,,,,,,,,,,,,,,,,,,,,,,,,,,,,,,,,,,,
2024-05-06 09:07:10,2024-05-06 09:07:10,2,,100,0,1,2024-05-06 09:07:10,R_9QCr1yAppA0NrKu,,,,,,,test,,2,,,,,,,,,,,,,,,,,,,,,,,,,,,,,,,,,,,,,,,,,
2024-05-06 09:07:10,2024-05-06 09:07:10,2,,100,0,1,2024-05-06 09:07:11,R_3eq7s5Gw68CHbfg,,,,,,,test,,2,,,,,,,,,,,,,,,,,,,,,,,,,,,,,,,,,,,,,,,,,
