StartDate,EndDate,Status,IPAddress,Progress,Duration (in seconds),Finished,RecordedDate,ResponseId,RecipientLastName,RecipientFirstName,RecipientEmail,ExternalReference,LocationLatitude,LocationLongitude,DistributionChannel,UserLanguage,consent_q,att1,att2,Q88_First Click,Q88_Last Click,Q88_Page Submit,Q88_Click Count,Q84_First Click,Q84_Last Click,Q84_Page Submit,Q84_Click Count,vA_sue_AV_1,vB_mf_sue_AV_1,vA_cntf_AV_1,vB_cntf_AV_1,avoid_AV_1,Q179_First Click,Q179_Last Click,Q179_Page Submit,Q179_Click Count,Q181_First Click,Q181_Last Click,Q181_Page Submit,Q181_Click Count,intv_check_AV,vA_sue_AV_intv_1,vB_mf_sue_AV_intv_1,vA_cntf_AV_intv_1,vB_cntf_AV_intv_1,avoid_AV_intv_1,Q87_First Click,Q87_Last Click,Q87_Page Submit,Q87_Click Count,Q82_First Click,Q82_Last Click,Q82_Page Submit,Q82_Click Count,vA_sue_1,vB_driver_sue_1,vB_mf_sue_1,vA_cntf_1,vB_cntf_1,avoid_1,Q184_First Click,Q184_Last Click,Q184_Page Submit,Q184_Click Count,Q186_First Click,Q186_Last Click,Q186_Page Submit,Q186_Click Count,intv_check,vA_sue_intv_1,vB_sue_intv_1,vB_mf_sue_intv_1,vA_cntf_intv_1,vB_cntf_intv_1,avoid_intv_1,comp1,comp_accident,ai_familiarity_1,gender,gender_4_TEXT,age,edu,edu_8_TEXT,Q151_First Click,Q151_Last Click,Q151_Page Submit,Q151_Click Count,FL_4_DO,FL_92_DO,FL_98_DO,questions_1_AV_DO,questions_2_AV_DO,questions_1_AV_intv_DO,questions_2_AV_intv_DO,questions_1_DO,questions_2_DO,questions_1_intv_DO,questions_2_intv_DO
Start Date,End Date,Response Type,IP Address,Progress,Duration (in seconds),Finished,Recorded Date,Response ID,Recipient Last Name,Recipient First Name,Recipient Email,External Data Reference,Location Latitude,Location Longitude,Distribution Channel,User Language,Do you consent,This is an attention check. John is taller than Paul. Who is shorter?,"What color is grass?



The fresh, uncut grass, not leaves or hay. Please make sure to select purple, so that we know you're paying attention.",Timing - First Click,Timing - Last Click,Timing - Page Submit,Timing - Click Count,Timing - First Click,Timing - Last Click,Timing - Page Submit,Timing - Click Count,"Please rate the extent to which you agree with the following statement (0=completely disagree, 100=completely agree):

 
How much do you agree: It would be reasonable to sue the driver of Vehicle A to cover the costs of the serious injuries sustained by the occupant of Vehicle B. - 1","Please rate the extent to which you agree with the following statement (0=completely disagree, 100=completely agree):

 
How much do you agree: It would be reasonable to sue the manufacturer of Vehicle B to cover the costs of the serious injuries sustained by the occupant of Vehicle B. - 1","Please rate the extent to which you agree with the following statement (0=completely disagree, 100=completely agree):


How much do you agree: When it comes to thinking about how the injury could have been avoided, it is relevant to consider what Vehicle A could have done differently. - 1","Please rate the extent to which you agree with the following statement (0=completely disagree, 100=completely agree):



How much do you agree: When it comes to thinking about how the injury could have been avoided, it is relevant to consider what Vehicle B could have done differently. - 1","Please rate the extent to which you agree with the following statement (0=completely disagree, 100=completely agree):



How much do you agree: Vehicle B could have done more to avoid the accident. - 1",Timing - First Click,Timing - Last Click,Timing - Page Submit,Timing - Click Count,Timing - First Click,Timing - Last Click,Timing - Page Submit,Timing - Click Count,"From the options below, please select the two traffic violations which Vehicle A committed:","Please rate the extent to which you agree with the following statement (0=completely disagree, 100=completely agree):

 
How much do you agree: It would be reasonable to sue the driver of Vehicle A to cover the costs of the serious injuries sustained by the occupant of Vehicle B. - 1","Please rate the extent to which you agree with the following statement (0=completely disagree, 100=completely agree):

 
How much do you agree: It would be reasonable to sue the manufacturer of Vehicle B to cover the costs of the serious injuries sustained by the occupant of Vehicle B. - 1","Please rate the extent to which you agree with the following statement (0=completely disagree, 100=completely agree):



How much do you agree: When it comes to thinking about how the injury could have been avoided, it is relevant to consider what Vehicle A could have done differently. - 1","Please rate the extent to which you agree with the following statement (0=completely disagree, 100=completely agree):



How much do you agree: When it comes to thinking about how the injury could have been avoided, it is relevant to consider what Vehicle B could have done differently. - 1","Please rate the extent to which you agree with the following statement (0=completely disagree, 100=completely agree):



How much do you agree: Vehicle B could have done more to avoid the accident. - 1",Timing - First Click,Timing - Last Click,Timing - Page Submit,Timing - Click Count,Timing - First Click,Timing - Last Click,Timing - Page Submit,Timing - Click Count,"Please rate the extent to which you agree with the following statement (0=completely disagree, 100=completely agree):

 
How much do you agree: It would be reasonable to sue the driver of Vehicle A to cover the costs of the serious injuries sustained by the occupant of Vehicle B. - 1","Please rate the extent to which you agree with the following statement (0=completely disagree, 100=completely agree):

How much do you agree: It would be reasonable to sue the driver of Vehicle B to cover the costs of the serious injuries sustained by the occupant of Vehicle B. - 1","Please rate the extent to which you agree with the following statement (0=completely disagree, 100=completely agree):

How much do you agree: It would be reasonable to sue the manufacturer of Vehicle B to cover the costs of the serious injuries sustained by the occupant of Vehicle B. - 1","Please rate the extent to which you agree with the following statement (0=completely disagree, 100=completely agree):

How much do you agree: When it comes to thinking about how the injury could have been avoided, it is relevant to consider what Vehicle A could have done differently. - 1","Please rate the extent to which you agree with the following statement (0=completely disagree, 100=completely agree):



How much do you agree: When it comes to thinking about how the injury could have been avoided, it is relevant to consider what Vehicle B could have done differently. - 1","Please rate the extent to which you agree with the following statement (0=completely disagree, 100=completely agree):

How much do you agree: Vehicle B could have done more to avoid the accident. - 1",Timing - First Click,Timing - Last Click,Timing - Page Submit,Timing - Click Count,Timing - First Click,Timing - Last Click,Timing - Page Submit,Timing - Click Count,"From the options below, please select the two traffic violations which Vehicle A committed:","Please rate the extent to which you agree with the following statement (0=completely disagree, 100=completely agree):

 
How much do you agree: It would be reasonable to sue the driver of Vehicle A to cover the costs of the serious injuries sustained by the occupant of Vehicle B. - 1","Please rate the extent to which you agree with the following statement (0=completely disagree, 100=completely agree):

 
How much do you agree: It would be reasonable to sue the driver of Vehicle B to cover the costs of the serious injuries sustained by the occupant of Vehicle B. - 1","Please rate the extent to which you agree with the following statement (0=completely disagree, 100=completely agree):

 
How much do you agree: It would be reasonable to sue the manufacturer of Vehicle B to cover the costs of the serious injuries sustained by the occupant of Vehicle B. - 1","Please rate the extent to which you agree with the following statement (0=completely disagree, 100=completely agree):



How much do you agree: When it comes to thinking about how the injury could have been avoided, it is relevant to consider what Vehicle A could have done differently. - 1","Please rate the extent to which you agree with the following statement (0=completely disagree, 100=completely agree):



How much do you agree: When it comes to thinking about how the injury could have been avoided, it is relevant to consider what Vehicle B could have done differently. - 1","Please rate the extent to which you agree with the following statement (0=completely disagree, 100=completely agree):



How much do you agree: Vehicle B could have done more to avoid the accident. - 1",Which of the following was true about Vehicle B?,Which of the following was true about the video?,"Before this survey, how familiar were you with autonomous vehicle accident prevention algorithms?",What is your gender? - Selected Choice,What is your gender? - Other (please specify) - Text,What is your age (in years)?,What is the highest level of education you have completed? - Selected Choice,What is the highest level of education you have completed? - Other (please specify) - Text,Timing - First Click,Timing - Last Click,Timing - Page Submit,Timing - Click Count,FL_4 - Block Randomizer - Display Order,FL_92 - Block Randomizer - Display Order,FL_98 - Block Randomizer - Display Order,questions_1_AV - Display Order,questions_2_AV - Display Order,questions_1_AV_intv - Display Order,questions_2_AV_intv - Display Order,questions_1 - Display Order,questions_2 - Display Order,questions_1_intv - Display Order,questions_2_intv - Display Order
"{""ImportId"":""startDate"",""timeZone"":""America/Denver""}","{""ImportId"":""endDate"",""timeZone"":""America/Denver""}","{""ImportId"":""status""}","{""ImportId"":""ipAddress""}","{""ImportId"":""progress""}","{""ImportId"":""duration""}","{""ImportId"":""finished""}","{""ImportId"":""recordedDate"",""timeZone"":""America/Denver""}","{""ImportId"":""_recordId""}","{""ImportId"":""recipientLastName""}","{""ImportId"":""recipientFirstName""}","{""ImportId"":""recipientEmail""}","{""ImportId"":""externalDataReference""}","{""ImportId"":""locationLatitude""}","{""ImportId"":""locationLongitude""}","{""ImportId"":""distributionChannel""}","{""ImportId"":""userLanguage""}","{""ImportId"":""QID60""}","{""ImportId"":""QID30""}","{""ImportId"":""QID31""}","{""ImportId"":""QID106_FIRST_CLICK""}","{""ImportId"":""QID106_LAST_CLICK""}","{""ImportId"":""QID106_PAGE_SUBMIT""}","{""ImportId"":""QID106_CLICK_COUNT""}","{""ImportId"":""QID102_FIRST_CLICK""}","{""ImportId"":""QID102_LAST_CLICK""}","{""ImportId"":""QID102_PAGE_SUBMIT""}","{""ImportId"":""QID102_CLICK_COUNT""}","{""ImportId"":""QID138_1""}","{""ImportId"":""QID137_1""}","{""ImportId"":""QID187_1""}","{""ImportId"":""QID188_1""}","{""ImportId"":""QID172_1""}","{""ImportId"":""QID179_FIRST_CLICK""}","{""ImportId"":""QID179_LAST_CLICK""}","{""ImportId"":""QID179_PAGE_SUBMIT""}","{""ImportId"":""QID179_CLICK_COUNT""}","{""ImportId"":""QID181_FIRST_CLICK""}","{""ImportId"":""QID181_LAST_CLICK""}","{""ImportId"":""QID181_PAGE_SUBMIT""}","{""ImportId"":""QID181_CLICK_COUNT""}","{""ImportId"":""QID197""}","{""ImportId"":""QID156_1""}","{""ImportId"":""QID157_1""}","{""ImportId"":""QID189_1""}","{""ImportId"":""QID190_1""}","{""ImportId"":""QID173_1""}","{""ImportId"":""QID105_FIRST_CLICK""}","{""ImportId"":""QID105_LAST_CLICK""}","{""ImportId"":""QID105_PAGE_SUBMIT""}","{""ImportId"":""QID105_CLICK_COUNT""}","{""ImportId"":""QID100_FIRST_CLICK""}","{""ImportId"":""QID100_LAST_CLICK""}","{""ImportId"":""QID100_PAGE_SUBMIT""}","{""ImportId"":""QID100_CLICK_COUNT""}","{""ImportId"":""QID139_1""}","{""ImportId"":""QID140_1""}","{""ImportId"":""QID141_1""}","{""ImportId"":""QID191_1""}","{""ImportId"":""QID192_1""}","{""ImportId"":""QID174_1""}","{""ImportId"":""QID184_FIRST_CLICK""}","{""ImportId"":""QID184_LAST_CLICK""}","{""ImportId"":""QID184_PAGE_SUBMIT""}","{""ImportId"":""QID184_CLICK_COUNT""}","{""ImportId"":""QID186_FIRST_CLICK""}","{""ImportId"":""QID186_LAST_CLICK""}","{""ImportId"":""QID186_PAGE_SUBMIT""}","{""ImportId"":""QID186_CLICK_COUNT""}","{""ImportId"":""QID199""}","{""ImportId"":""QID165_1""}","{""ImportId"":""QID171_1""}","{""ImportId"":""QID166_1""}","{""ImportId"":""QID193_1""}","{""ImportId"":""QID194_1""}","{""ImportId"":""QID175_1""}","{""ImportId"":""QID111""}","{""ImportId"":""QID96""}","{""ImportId"":""QID59_1""}","{""ImportId"":""QID12""}","{""ImportId"":""QID12_4_TEXT""}","{""ImportId"":""QID14_TEXT""}","{""ImportId"":""QID15""}","{""ImportId"":""QID15_8_TEXT""}","{""ImportId"":""QID151_FIRST_CLICK""}","{""ImportId"":""QID151_LAST_CLICK""}","{""ImportId"":""QID151_PAGE_SUBMIT""}","{""ImportId"":""QID151_CLICK_COUNT""}","{""ImportId"":""FL_4_DO""}","{""ImportId"":""FL_92_DO""}","{""ImportId"":""FL_98_DO""}","{""ImportId"":""BL_9v5jJo3sYsvnnW6_DO""}","{""ImportId"":""BL_43jZUoIM0dGNdPw_DO""}","{""ImportId"":""BL_3ltGmWeTFlSsIcK_DO""}","{""ImportId"":""BL_8ughXyapElVrMJE_DO""}","{""ImportId"":""BL_9GfzF27Xb7bM06i_DO""}","{""ImportId"":""BL_7O2TnwoTMaIzhJ4_DO""}","{""ImportId"":""BL_54RNZgc2hzd5s5U_DO""}","{""ImportId"":""BL_9z97j07fOvTxuyG_DO""}"
2024-06-12 14:19:40,2024-06-12 14:19:40,2,,100,0,1,2024-06-12 14:19:40,R_8phjPgye5kCB6Xc,,,,,,,test,,2,,,,,,,,,,,,,,,,,,,,,,,,,,,,,,,,,,,,,,,,,,,,,,,,,,,,,,,,,,,,,,,,,,,,,,,,,,,,,,,,,
2024-06-12 14:19:40,2024-06-12 14:19:40,2,,100,0,1,2024-06-12 14:19:40,R_3fb4ZaOg1mjnZmC,,,,,,,test,,1,4,2,,,,,,,,,,,,,,,,,,,,,,,,,,,,,,,,,,,,,,,,,,,,,,,,,,,,,,,,,,,,,,,,,,,,,,,,,,,,,,,
2024-06-12 14:19:40,2024-06-12 14:19:41,2,,100,1,1,2024-06-12 14:19:41,R_8pmhsLFLQIz9ayq,,,,,,,test,,1,2,2,,,,,,,,,,,,,,,,,,,,,,,,,,,,,,,,,,,,,,,,,,7.68,9.97,8.32,3,4.8,8.14,5.06,6,"2,3",96,8,49,19,91,8,1,1,71,3,,Mattis orci erat. Diam facilisis. Gravida sapien quam neque magnis at? Eros vulputate mattis.,3,,,,,,FL_40,,FL_100,,,,,,,Q164|vA_sue_intv|vB_mf_sue_intv|vB_sue_intv,Q167|avoid_intv|vA_cntf_intv|vB_cntf_intv
2024-06-12 14:19:41,2024-06-12 14:19:41,2,,100,0,1,2024-06-12 14:19:41,R_e4LNL5pk9Tgr3wi,,,,,,,test,,2,,,,,,,,,,,,,,,,,,,,,,,,,,,,,,,,,,,,,,,,,,,,,,,,,,,,,,,,,,,,,,,,,,,,,,,,,,,,,,,,,
2024-06-12 14:19:41,2024-06-12 14:19:41,2,,100,0,1,2024-06-12 14:19:41,R_2lSpoxzfq4yBSgS,,,,,,,test,,2,,,,,,,,,,,,,,,,,,,,,,,,,,,,,,,,,,,,,,,,,,,,,,,,,,,,,,,,,,,,,,,,,,,,,,,,,,,,,,,,,
2024-06-12 14:19:41,2024-06-12 14:19:41,2,,100,0,1,2024-06-12 14:19:42,R_6l125BkeNzOH2Ie,,,,,,,test,,1,1,1,,,,,,,,,,,,,,,,,,,,,,,,,,,,,,,,,,,,,,,,,,,,,,,,,,,,,,,,,,,,,,,,,,,,,,,,,,,,,,,
2024-06-12 14:19:42,2024-06-12 14:19:42,2,,100,0,1,2024-06-12 14:19:42,R_9FDmfCcIDMusLoq,,,,,,,test,,2,,,,,,,,,,,,,,,,,,,,,,,,,,,,,,,,,,,,,,,,,,,,,,,,,,,,,,,,,,,,,,,,,,,,,,,,,,,,,,,,,
2024-06-12 14:19:42,2024-06-12 14:19:42,2,,100,0,1,2024-06-12 14:19:42,R_bHgm7bvsJCyT65M,,,,,,,test,,1,3,2,,,,,,,,,,,,,,,,,,,,,,,,,,,,,,,,,,,,,,,,,,,,,,,,,,,,,,,,,,,,,,,,,,,,,,,,,,,,,,,
2024-06-12 14:19:42,2024-06-12 14:19:42,2,,100,0,1,2024-06-12 14:19:42,R_dgNLPGzEWqU5ISa,,,,,,,test,,2,,,,,,,,,,,,,,,,,,,,,,,,,,,,,,,,,,,,,,,,,,,,,,,,,,,,,,,,,,,,,,,,,,,,,,,,,,,,,,,,,
2024-06-12 14:19:42,2024-06-12 14:19:42,2,,100,0,1,2024-06-12 14:19:42,R_dpruY2vAaV4atQa,,,,,,,test,,2,,,,,,,,,,,,,,,,,,,,,,,,,,,,,,,,,,,,,,,,,,,,,,,,,,,,,,,,,,,,,,,,,,,,,,,,,,,,,,,,,
2024-06-12 14:19:42,2024-06-12 14:19:42,2,,100,0,1,2024-06-12 14:19:43,R_897TBRJMbcD4vqe,,,,,,,test,,2,,,,,,,,,,,,,,,,,,,,,,,,,,,,,,,,,,,,,,,,,,,,,,,,,,,,,,,,,,,,,,,,,,,,,,,,,,,,,,,,,
2024-06-12 14:19:43,2024-06-12 14:19:43,2,,100,0,1,2024-06-12 14:19:43,R_ezm00hrZz1OwgRg,,,,,,,test,,1,2,1,,,,,,,,,,,,,,,,,,,,,,,,,,,,,,,,,,,,,,,,,,,,,,,,,,,,,,,,,,,,,,,,,,,,,,,,,,,,,,,
2024-06-12 14:19:43,2024-06-12 14:19:43,2,,100,0,1,2024-06-12 14:19:43,R_bHiMzGC13cy16Hc,,,,,,,test,,2,,,,,,,,,,,,,,,,,,,,,,,,,,,,,,,,,,,,,,,,,,,,,,,,,,,,,,,,,,,,,,,,,,,,,,,,,,,,,,,,,
2024-06-12 14:19:43,2024-06-12 14:19:43,2,,100,0,1,2024-06-12 14:19:43,R_2b3kB4yegb7FNZk,,,,,,,test,,2,,,,,,,,,,,,,,,,,,,,,,,,,,,,,,,,,,,,,,,,,,,,,,,,,,,,,,,,,,,,,,,,,,,,,,,,,,,,,,,,,
2024-06-12 14:19:43,2024-06-12 14:19:43,2,,100,0,1,2024-06-12 14:19:44,R_3sYGS9iVZMXcnB4,,,,,,,test,,1,1,1,,,,,,,,,,,,,,,,,,,,,,,,,,,,,,,,,,,,,,,,,,,,,,,,,,,,,,,,,,,,,,,,,,,,,,,,,,,,,,,
2024-06-12 14:19:44,2024-06-12 14:19:44,2,,100,0,1,2024-06-12 14:19:44,R_2nUNIAYEkPYfQrA,,,,,,,test,,2,,,,,,,,,,,,,,,,,,,,,,,,,,,,,,,,,,,,,,,,,,,,,,,,,,,,,,,,,,,,,,,,,,,,,,,,,,,,,,,,,
2024-06-12 14:19:44,2024-06-12 14:19:44,2,,100,0,1,2024-06-12 14:19:44,R_9B3JokE3AyAFb8i,,,,,,,test,,1,2,1,,,,,,,,,,,,,,,,,,,,,,,,,,,,,,,,,,,,,,,,,,,,,,,,,,,,,,,,,,,,,,,,,,,,,,,,,,,,,,,
2024-06-12 14:19:44,2024-06-12 14:19:44,2,,100,0,1,2024-06-12 14:19:44,R_a2wYYqF4bg1H1Nc,,,,,,,test,,2,,,,,,,,,,,,,,,,,,,,,,,,,,,,,,,,,,,,,,,,,,,,,,,,,,,,,,,,,,,,,,,,,,,,,,,,,,,,,,,,,
2024-06-12 14:19:44,2024-06-12 14:19:44,2,,100,0,1,2024-06-12 14:19:44,R_b4lMBAcdZoVRaDA,,,,,,,test,,2,,,,,,,,,,,,,,,,,,,,,,,,,,,,,,,,,,,,,,,,,,,,,,,,,,,,,,,,,,,,,,,,,,,,,,,,,,,,,,,,,
2024-06-12 14:19:45,2024-06-12 14:19:45,2,,100,0,1,2024-06-12 14:19:45,R_8BMdxwHxTnZGh5c,,,,,,,test,,1,1,2,,,,,,,,,,,,,,,,,,,,,,,,,,,,,,,,,,,,,,,,,,,,,,,,,,,,,,,,,,,,,,,,,,,,,,,,,,,,,,,
2024-06-12 14:19:45,2024-06-12 14:19:45,2,,100,0,1,2024-06-12 14:19:45,R_3Qqxgv2jRuJlet0,,,,,,,test,,1,3,1,,,,,,,,,,,,,,,,,,,,,,,,,,,,,,,,,,,,,,,,,,,,,,,,,,,,,,,,,,,,,,,,,,,,,,,,,,,,,,,
2024-06-12 14:19:45,2024-06-12 14:19:45,2,,100,0,1,2024-06-12 14:19:45,R_7ZFh5kEuN2ZtlxI,,,,,,,test,,2,,,,,,,,,,,,,,,,,,,,,,,,,,,,,,,,,,,,,,,,,,,,,,,,,,,,,,,,,,,,,,,,,,,,,,,,,,,,,,,,,
2024-06-12 14:19:45,2024-06-12 14:19:46,2,,100,1,1,2024-06-12 14:19:46,R_abH0knYKCZ0s3CC,,,,,,,test,,1,2,2,8.19,9.12,9.82,42,7.51,9.69,9.28,15,8,76,9,87,63,,,,,,,,,,,,,,,,,,,,,,,,,,,,,,,,,,,,,,,,,,,,1,2,53,1,,"Nonummy! Pede purus dapibus fermentum, ab. Wisi! Quis fermentum? Rhoncus augue eu ligula ut? Consectetuer.",3,,,,,,FL_39,FL_93,,Q116|vB_mf_sue_AV|vA_sue_AV,Q122|vA_cntf_AV|vB_cntf_AV|avoid_AV,,,,,,
2024-06-12 14:19:46,2024-06-12 14:19:46,2,,100,0,1,2024-06-12 14:19:46,R_5uUuH8SUky4KDlA,,,,,,,test,,1,1,1,,,,,,,,,,,,,,,,,,,,,,,,,,,,,,,,,,,,,,,,,,,,,,,,,,,,,,,,,,,,,,,,,,,,,,,,,,,,,,,
2024-06-12 14:19:46,2024-06-12 14:19:46,2,,100,0,1,2024-06-12 14:19:46,R_ahs88j3fQgGqKdU,,,,,,,test,,2,,,,,,,,,,,,,,,,,,,,,,,,,,,,,,,,,,,,,,,,,,,,,,,,,,,,,,,,,,,,,,,,,,,,,,,,,,,,,,,,,
2024-06-12 14:19:46,2024-06-12 14:19:46,2,,100,0,1,2024-06-12 14:19:46,R_3Jkdo3G32LvwfJQ,,,,,,,test,,1,4,2,,,,,,,,,,,,,,,,,,,,,,,,,,,,,,,,,,,,,,,,,,,,,,,,,,,,,,,,,,,,,,,,,,,,,,,,,,,,,,,
2024-06-12 14:19:47,2024-06-12 14:19:47,2,,100,0,1,2024-06-12 14:19:47,R_ewWXiDqt17519JQ,,,,,,,test,,1,1,1,,,,,,,,,,,,,,,,,,,,,,,,,,,,,,,,,,,,,,,,,,,,,,,,,,,,,,,,,,,,,,,,,,,,,,,,,,,,,,,
2024-06-12 14:19:47,2024-06-12 14:19:47,2,,100,0,1,2024-06-12 14:19:47,R_9vunX9fFiZQFl30,,,,,,,test,,2,,,,,,,,,,,,,,,,,,,,,,,,,,,,,,,,,,,,,,,,,,,,,,,,,,,,,,,,,,,,,,,,,,,,,,,,,,,,,,,,,
2024-06-12 14:19:47,2024-06-12 14:19:47,2,,100,0,1,2024-06-12 14:19:47,R_3s1fRz8QX5IaWAS,,,,,,,test,,1,1,2,,,,,,,,,,,,,,,,,,,,,,,,,,,,,,,,,,,,,,,,,,,,,,,,,,,,,,,,,,,,,,,,,,,,,,,,,,,,,,,
2024-06-12 14:19:47,2024-06-12 14:19:47,2,,100,0,1,2024-06-12 14:19:47,R_6LsK2NQYJXXHlfU,,,,,,,test,,2,,,,,,,,,,,,,,,,,,,,,,,,,,,,,,,,,,,,,,,,,,,,,,,,,,,,,,,,,,,,,,,,,,,,,,,,,,,,,,,,,
2024-06-12 14:19:47,2024-06-12 14:19:47,2,,100,0,1,2024-06-12 14:19:48,R_0IXdcqgknBHQtYW,,,,,,,test,,1,4,1,,,,,,,,,,,,,,,,,,,,,,,,,,,,,,,,,,,,,,,,,,,,,,,,,,,,,,,,,,,,,,,,,,,,,,,,,,,,,,,
2024-06-12 14:19:48,2024-06-12 14:19:48,2,,100,0,1,2024-06-12 14:19:48,R_eLQpUIk0ypf6psq,,,,,,,test,,1,1,2,,,,,,,,,,,,,,,,,,,,,,,,,,,,,,,,,,,,,,,,,,,,,,,,,,,,,,,,,,,,,,,,,,,,,,,,,,,,,,,
2024-06-12 14:19:48,2024-06-12 14:19:48,2,,100,0,1,2024-06-12 14:19:48,R_aV7L3LrHtkSwBxQ,,,,,,,test,,2,,,,,,,,,,,,,,,,,,,,,,,,,,,,,,,,,,,,,,,,,,,,,,,,,,,,,,,,,,,,,,,,,,,,,,,,,,,,,,,,,
2024-06-12 14:19:48,2024-06-12 14:19:48,2,,100,0,1,2024-06-12 14:19:48,R_4UifnViPA4yXWKi,,,,,,,test,,1,2,2,,,,,,,,,,,,,,,,,,,,,,,,,,,,6.23,9.26,7.13,12,5.55,8.49,9.87,38,17,64,4,8,16,35,,,,,,,,,,,,,,,,1,1,65,4,Duis ultrices. Ullamcorper tempus magnis dui nec ante duis eros duis.,Cras. Sapien porttitor temporibus mattis interdum sollicitudin tellus fringilla vulputate lacus elit.,2,,,,,,FL_40,,FL_99,,,,,Q90|vB_mf_sue|vA_sue|vB_driver_sue,Q71|avoid|vB_cntf|vA_cntf,,
2024-06-12 14:19:49,2024-06-12 14:19:49,2,,100,0,1,2024-06-12 14:19:49,R_006smwY9mW0CDpI,,,,,,,test,,1,2,1,,,,,,,,,,,,,,,,,,,,,,,,,,,,,,,,,,,,,,,,,,,,,,,,,,,,,,,,,,,,,,,,,,,,,,,,,,,,,,,
2024-06-12 14:19:49,2024-06-12 14:19:49,2,,100,0,1,2024-06-12 14:19:49,R_dmSzqtxAiqdDPUO,,,,,,,test,,1,4,2,,,,,,,,,,,,,,,,,,,,,,,,,,,,,,,,,,,,,,,,,,,,,,,,,,,,,,,,,,,,,,,,,,,,,,,,,,,,,,,
2024-06-12 14:19:49,2024-06-12 14:19:49,2,,100,0,1,2024-06-12 14:19:49,R_01TMoshMkOCgYwm,,,,,,,test,,1,3,1,,,,,,,,,,,,,,,,,,,,,,,,,,,,,,,,,,,,,,,,,,,,,,,,,,,,,,,,,,,,,,,,,,,,,,,,,,,,,,,
2024-06-12 14:19:49,2024-06-12 14:19:49,2,,100,0,1,2024-06-12 14:19:49,R_e9enO7Lxu2E5qZw,,,,,,,test,,2,,,,,,,,,,,,,,,,,,,,,,,,,,,,,,,,,,,,,,,,,,,,,,,,,,,,,,,,,,,,,,,,,,,,,,,,,,,,,,,,,
2024-06-12 14:19:49,2024-06-12 14:19:49,2,,100,0,1,2024-06-12 14:19:50,R_24Q6nsFfFUHUl5I,,,,,,,test,,1,2,1,,,,,,,,,,,,,,,,,,,,,,,,,,,,,,,,,,,,,,,,,,,,,,,,,,,,,,,,,,,,,,,,,,,,,,,,,,,,,,,
2024-06-12 14:19:50,2024-06-12 14:19:50,2,,100,0,1,2024-06-12 14:19:50,R_efYIFVSRigsEWsS,,,,,,,test,,2,,,,,,,,,,,,,,,,,,,,,,,,,,,,,,,,,,,,,,,,,,,,,,,,,,,,,,,,,,,,,,,,,,,,,,,,,,,,,,,,,
2024-06-12 14:19:50,2024-06-12 14:19:50,2,,100,0,1,2024-06-12 14:19:50,R_0p6vJI0l4Idc7MW,,,,,,,test,,1,3,1,,,,,,,,,,,,,,,,,,,,,,,,,,,,,,,,,,,,,,,,,,,,,,,,,,,,,,,,,,,,,,,,,,,,,,,,,,,,,,,
2024-06-12 14:19:50,2024-06-12 14:19:50,2,,100,0,1,2024-06-12 14:19:50,R_eeNtKORFWya84dg,,,,,,,test,,1,2,1,,,,,,,,,,,,,,,,,,,,,,,,,,,,,,,,,,,,,,,,,,,,,,,,,,,,,,,,,,,,,,,,,,,,,,,,,,,,,,,
2024-06-12 14:19:50,2024-06-12 14:19:50,2,,100,0,1,2024-06-12 14:19:51,R_38Kyz6RTS0AfqGa,,,,,,,test,,2,,,,,,,,,,,,,,,,,,,,,,,,,,,,,,,,,,,,,,,,,,,,,,,,,,,,,,,,,,,,,,,,,,,,,,,,,,,,,,,,,
2024-06-12 14:19:51,2024-06-12 14:19:51,2,,100,0,1,2024-06-12 14:19:51,R_41I1vHp6Kb7clka,,,,,,,test,,2,,,,,,,,,,,,,,,,,,,,,,,,,,,,,,,,,,,,,,,,,,,,,,,,,,,,,,,,,,,,,,,,,,,,,,,,,,,,,,,,,
2024-06-12 14:19:51,2024-06-12 14:19:51,2,,100,0,1,2024-06-12 14:19:51,R_7VeczTBWCpx2b3w,,,,,,,test,,1,4,1,,,,,,,,,,,,,,,,,,,,,,,,,,,,,,,,,,,,,,,,,,,,,,,,,,,,,,,,,,,,,,,,,,,,,,,,,,,,,,,
2024-06-12 14:19:51,2024-06-12 14:19:51,2,,100,0,1,2024-06-12 14:19:51,R_eEFrl6RQGYVwvP0,,,,,,,test,,2,,,,,,,,,,,,,,,,,,,,,,,,,,,,,,,,,,,,,,,,,,,,,,,,,,,,,,,,,,,,,,,,,,,,,,,,,,,,,,,,,
2024-06-12 14:19:51,2024-06-12 14:19:51,2,,100,0,1,2024-06-12 14:19:51,R_aXCZHgOdU6JT8Lc,,,,,,,test,,1,3,1,,,,,,,,,,,,,,,,,,,,,,,,,,,,,,,,,,,,,,,,,,,,,,,,,,,,,,,,,,,,,,,,,,,,,,,,,,,,,,,
2024-06-12 14:19:51,2024-06-12 14:19:52,2,,100,1,1,2024-06-12 14:19:52,R_0DjpTVEjU7plvdY,,,,,,,test,,1,3,2,,,,,,,,,,,,,,,,,,,,,,,,,,,,,,,,,,,,,,,,,,,,,,,,,,,,,,,,,,,,,,,,,,,,,,,,,,,,,,,
2024-06-12 14:19:52,2024-06-12 14:19:52,2,,100,0,1,2024-06-12 14:19:52,R_51qdPiN8dfMv8k6,,,,,,,test,,2,,,,,,,,,,,,,,,,,,,,,,,,,,,,,,,,,,,,,,,,,,,,,,,,,,,,,,,,,,,,,,,,,,,,,,,,,,,,,,,,,
2024-06-12 14:19:52,2024-06-12 14:19:52,2,,100,0,1,2024-06-12 14:19:52,R_cCLJMee7gqs3qp8,,,,,,,test,,1,2,1,,,,,,,,,,,,,,,,,,,,,,,,,,,,,,,,,,,,,,,,,,,,,,,,,,,,,,,,,,,,,,,,,,,,,,,,,,,,,,,
2024-06-12 14:19:52,2024-06-12 14:19:52,2,,100,0,1,2024-06-12 14:19:52,R_cx9gP2rUyL1df3E,,,,,,,test,,1,4,1,,,,,,,,,,,,,,,,,,,,,,,,,,,,,,,,,,,,,,,,,,,,,,,,,,,,,,,,,,,,,,,,,,,,,,,,,,,,,,,
2024-06-12 14:19:52,2024-06-12 14:19:52,2,,100,0,1,2024-06-12 14:19:53,R_bvEkqQ8565GM2R8,,,,,,,test,,1,3,1,,,,,,,,,,,,,,,,,,,,,,,,,,,,,,,,,,,,,,,,,,,,,,,,,,,,,,,,,,,,,,,,,,,,,,,,,,,,,,,
2024-06-12 14:19:53,2024-06-12 14:19:53,2,,100,0,1,2024-06-12 14:19:53,R_1Yz41HsOMZ2NalM,,,,,,,test,,2,,,,,,,,,,,,,,,,,,,,,,,,,,,,,,,,,,,,,,,,,,,,,,,,,,,,,,,,,,,,,,,,,,,,,,,,,,,,,,,,,
2024-06-12 14:19:53,2024-06-12 14:19:53,2,,100,0,1,2024-06-12 14:19:53,R_4UvpFEAtWqybleC,,,,,,,test,,1,3,2,,,,,,,,,,,,,,,,,,,,,,,,,,,,,,,,,,,,,,,,,,,,,,,,,,,,,,,,,,,,,,,,,,,,,,,,,,,,,,,
2024-06-12 14:19:53,2024-06-12 14:19:53,2,,100,0,1,2024-06-12 14:19:53,R_aXzxcFlCmB3hZJ4,,,,,,,test,,2,,,,,,,,,,,,,,,,,,,,,,,,,,,,,,,,,,,,,,,,,,,,,,,,,,,,,,,,,,,,,,,,,,,,,,,,,,,,,,,,,
2024-06-12 14:19:53,2024-06-12 14:19:53,2,,100,0,1,2024-06-12 14:19:54,R_1FHs0AAeix2Irk2,,,,,,,test,,1,4,2,,,,,,,,,,,,,,,,,,,,,,,,,,,,,,,,,,,,,,,,,,,,,,,,,,,,,,,,,,,,,,,,,,,,,,,,,,,,,,,
2024-06-12 14:19:54,2024-06-12 14:19:54,2,,100,0,1,2024-06-12 14:19:54,R_7Vh6ZxP4mA47Cbs,,,,,,,test,,2,,,,,,,,,,,,,,,,,,,,,,,,,,,,,,,,,,,,,,,,,,,,,,,,,,,,,,,,,,,,,,,,,,,,,,,,,,,,,,,,,
2024-06-12 14:19:54,2024-06-12 14:19:54,2,,100,0,1,2024-06-12 14:19:54,R_6gvD0B0zmznpfwy,,,,,,,test,,1,1,1,,,,,,,,,,,,,,,,,,,,,,,,,,,,,,,,,,,,,,,,,,,,,,,,,,,,,,,,,,,,,,,,,,,,,,,,,,,,,,,
2024-06-12 14:19:54,2024-06-12 14:19:54,2,,100,0,1,2024-06-12 14:19:54,R_abFsCUsru6SnxFc,,,,,,,test,,1,1,1,,,,,,,,,,,,,,,,,,,,,,,,,,,,,,,,,,,,,,,,,,,,,,,,,,,,,,,,,,,,,,,,,,,,,,,,,,,,,,,
2024-06-12 14:19:54,2024-06-12 14:19:54,2,,100,0,1,2024-06-12 14:19:54,R_4UfQJXb5ahkLnme,,,,,,,test,,2,,,,,,,,,,,,,,,,,,,,,,,,,,,,,,,,,,,,,,,,,,,,,,,,,,,,,,,,,,,,,,,,,,,,,,,,,,,,,,,,,
2024-06-12 14:19:54,2024-06-12 14:19:55,2,,100,1,1,2024-06-12 14:19:55,R_9KsCxr6muiTnsNw,,,,,,,test,,1,2,2,3.92,7.82,4.36,5,5.11,6.23,7.91,9,43,40,79,96,81,,,,,,,,,,,,,,,,,,,,,,,,,,,,,,,,,,,,,,,,,,,,1,1,4,3,,"Integer sapien! Quis? At risus augue vestibulum eleifend tempus porta, placerat! Consectetuer culpa interdum.",6,,,,,,FL_39,FL_93,,Q116|vA_sue_AV|vB_mf_sue_AV,Q122|vB_cntf_AV|vA_cntf_AV|avoid_AV,,,,,,
2024-06-12 14:19:55,2024-06-12 14:19:55,2,,100,0,1,2024-06-12 14:19:55,R_6fnlwwIMcIOzydM,,,,,,,test,,1,1,1,,,,,,,,,,,,,,,,,,,,,,,,,,,,,,,,,,,,,,,,,,,,,,,,,,,,,,,,,,,,,,,,,,,,,,,,,,,,,,,
2024-06-12 14:19:55,2024-06-12 14:19:55,2,,100,0,1,2024-06-12 14:19:55,R_0iD1vo3FDZDf0s6,,,,,,,test,,2,,,,,,,,,,,,,,,,,,,,,,,,,,,,,,,,,,,,,,,,,,,,,,,,,,,,,,,,,,,,,,,,,,,,,,,,,,,,,,,,,
2024-06-12 14:19:55,2024-06-12 14:19:56,2,,100,1,1,2024-06-12 14:19:56,R_40yY7vRFoTRErlQ,,,,,,,test,,1,3,2,,,,,,,,,,,,,,,,,,,,,,,,,,,,,,,,,,,,,,,,,,,,,,,,,,,,,,,,,,,,,,,,,,,,,,,,,,,,,,,
2024-06-12 14:19:56,2024-06-12 14:19:56,2,,100,0,1,2024-06-12 14:19:56,R_1YwLRxoLvELq18i,,,,,,,test,,1,2,1,,,,,,,,,,,,,,,,,,,,,,,,,,,,,,,,,,,,,,,,,,,,,,,,,,,,,,,,,,,,,,,,,,,,,,,,,,,,,,,
2024-06-12 14:19:56,2024-06-12 14:19:56,2,,100,0,1,2024-06-12 14:19:56,R_9vsn7TQjFGZHKIe,,,,,,,test,,2,,,,,,,,,,,,,,,,,,,,,,,,,,,,,,,,,,,,,,,,,,,,,,,,,,,,,,,,,,,,,,,,,,,,,,,,,,,,,,,,,
2024-06-12 14:19:56,2024-06-12 14:19:56,2,,100,0,1,2024-06-12 14:19:56,R_6xtwc5XobZyhfPo,,,,,,,test,,2,,,,,,,,,,,,,,,,,,,,,,,,,,,,,,,,,,,,,,,,,,,,,,,,,,,,,,,,,,,,,,,,,,,,,,,,,,,,,,,,,
2024-06-12 14:19:56,2024-06-12 14:19:56,2,,100,0,1,2024-06-12 14:19:56,R_eu2VLsOKtt61pRQ,,,,,,,test,,2,,,,,,,,,,,,,,,,,,,,,,,,,,,,,,,,,,,,,,,,,,,,,,,,,,,,,,,,,,,,,,,,,,,,,,,,,,,,,,,,,
2024-06-12 14:19:57,2024-06-12 14:19:57,2,,100,0,1,2024-06-12 14:19:57,R_6gLDs8x0kY4h58G,,,,,,,test,,1,2,1,,,,,,,,,,,,,,,,,,,,,,,,,,,,,,,,,,,,,,,,,,,,,,,,,,,,,,,,,,,,,,,,,,,,,,,,,,,,,,,
2024-06-12 14:19:57,2024-06-12 14:19:57,2,,100,0,1,2024-06-12 14:19:57,R_e8lYeji7RhYyqvI,,,,,,,test,,2,,,,,,,,,,,,,,,,,,,,,,,,,,,,,,,,,,,,,,,,,,,,,,,,,,,,,,,,,,,,,,,,,,,,,,,,,,,,,,,,,
2024-06-12 14:19:57,2024-06-12 14:19:57,2,,100,0,1,2024-06-12 14:19:57,R_3m9XOIjURcfMnIO,,,,,,,test,,1,2,2,,,,,,,,,,,,,,,,,,,,,,,,,,,,5.64,8.68,9.49,3,0.49,1.14,3.55,41,78,46,64,27,63,68,,,,,,,,,,,,,,,,2,1,67,1,,"Aliquam! Quam odio, fringilla pellentesque atque in viverra eu est. Consectetuer etiam? Vehicula.",3,,,,,,FL_40,,FL_99,,,,,Q90|vA_sue|vB_driver_sue|vB_mf_sue,Q71|vB_cntf|vA_cntf|avoid,,
2024-06-12 14:19:58,2024-06-12 14:19:58,2,,100,0,1,2024-06-12 14:19:58,R_5AO8Ml9sNucko1E,,,,,,,test,,2,,,,,,,,,,,,,,,,,,,,,,,,,,,,,,,,,,,,,,,,,,,,,,,,,,,,,,,,,,,,,,,,,,,,,,,,,,,,,,,,,
2024-06-12 14:19:58,2024-06-12 14:19:58,2,,100,0,1,2024-06-12 14:19:58,R_9M0UzRi2uAdprwO,,,,,,,test,,1,3,1,,,,,,,,,,,,,,,,,,,,,,,,,,,,,,,,,,,,,,,,,,,,,,,,,,,,,,,,,,,,,,,,,,,,,,,,,,,,,,,
2024-06-12 14:19:58,2024-06-12 14:19:58,2,,100,0,1,2024-06-12 14:19:58,R_4VqdV7wH1kaDl1I,,,,,,,test,,1,3,2,,,,,,,,,,,,,,,,,,,,,,,,,,,,,,,,,,,,,,,,,,,,,,,,,,,,,,,,,,,,,,,,,,,,,,,,,,,,,,,
2024-06-12 14:19:58,2024-06-12 14:19:58,2,,100,0,1,2024-06-12 14:19:58,R_6kS9PNy69L8LGGG,,,,,,,test,,2,,,,,,,,,,,,,,,,,,,,,,,,,,,,,,,,,,,,,,,,,,,,,,,,,,,,,,,,,,,,,,,,,,,,,,,,,,,,,,,,,
2024-06-12 14:19:58,2024-06-12 14:19:58,2,,100,0,1,2024-06-12 14:19:59,R_2tvq6d9xb1bd9bM,,,,,,,test,,2,,,,,,,,,,,,,,,,,,,,,,,,,,,,,,,,,,,,,,,,,,,,,,,,,,,,,,,,,,,,,,,,,,,,,,,,,,,,,,,,,
2024-06-12 14:19:59,2024-06-12 14:19:59,2,,100,0,1,2024-06-12 14:19:59,R_b2cY0I0MoUtIkYu,,,,,,,test,,1,1,1,,,,,,,,,,,,,,,,,,,,,,,,,,,,,,,,,,,,,,,,,,,,,,,,,,,,,,,,,,,,,,,,,,,,,,,,,,,,,,,
2024-06-12 14:19:59,2024-06-12 14:19:59,2,,100,0,1,2024-06-12 14:19:59,R_5hysdzcITBWYVvw,,,,,,,test,,1,4,1,,,,,,,,,,,,,,,,,,,,,,,,,,,,,,,,,,,,,,,,,,,,,,,,,,,,,,,,,,,,,,,,,,,,,,,,,,,,,,,
2024-06-12 14:19:59,2024-06-12 14:19:59,2,,100,0,1,2024-06-12 14:19:59,R_85NFd2dfyAOwOgu,,,,,,,test,,1,1,2,,,,,,,,,,,,,,,,,,,,,,,,,,,,,,,,,,,,,,,,,,,,,,,,,,,,,,,,,,,,,,,,,,,,,,,,,,,,,,,
2024-06-12 14:19:59,2024-06-12 14:19:59,2,,100,0,1,2024-06-12 14:20:00,R_2hMdrAfFJrS1gmq,,,,,,,test,,2,,,,,,,,,,,,,,,,,,,,,,,,,,,,,,,,,,,,,,,,,,,,,,,,,,,,,,,,,,,,,,,,,,,,,,,,,,,,,,,,,
2024-06-12 14:20:00,2024-06-12 14:20:00,2,,100,0,1,2024-06-12 14:20:00,R_5hioeELhe5z2kiW,,,,,,,test,,2,,,,,,,,,,,,,,,,,,,,,,,,,,,,,,,,,,,,,,,,,,,,,,,,,,,,,,,,,,,,,,,,,,,,,,,,,,,,,,,,,
2024-06-12 14:20:00,2024-06-12 14:20:00,2,,100,0,1,2024-06-12 14:20:00,R_eLqfwbXqNedslQa,,,,,,,test,,2,,,,,,,,,,,,,,,,,,,,,,,,,,,,,,,,,,,,,,,,,,,,,,,,,,,,,,,,,,,,,,,,,,,,,,,,,,,,,,,,,
2024-06-12 14:20:00,2024-06-12 14:20:00,2,,100,0,1,2024-06-12 14:20:00,R_87lixR0CgNOKmuW,,,,,,,test,,2,,,,,,,,,,,,,,,,,,,,,,,,,,,,,,,,,,,,,,,,,,,,,,,,,,,,,,,,,,,,,,,,,,,,,,,,,,,,,,,,,
2024-06-12 14:20:00,2024-06-12 14:20:00,2,,100,0,1,2024-06-12 14:20:01,R_8HcFONcn0NR7KtM,,,,,,,test,,2,,,,,,,,,,,,,,,,,,,,,,,,,,,,,,,,,,,,,,,,,,,,,,,,,,,,,,,,,,,,,,,,,,,,,,,,,,,,,,,,,
2024-06-12 14:20:01,2024-06-12 14:20:01,2,,100,0,1,2024-06-12 14:20:01,R_6FK5L1o6wsDJKxE,,,,,,,test,,2,,,,,,,,,,,,,,,,,,,,,,,,,,,,,,,,,,,,,,,,,,,,,,,,,,,,,,,,,,,,,,,,,,,,,,,,,,,,,,,,,
2024-06-12 14:20:01,2024-06-12 14:20:01,2,,100,0,1,2024-06-12 14:20:01,R_89fiWDSYeWc1YuW,,,,,,,test,,1,1,2,,,,,,,,,,,,,,,,,,,,,,,,,,,,,,,,,,,,,,,,,,,,,,,,,,,,,,,,,,,,,,,,,,,,,,,,,,,,,,,
2024-06-12 14:20:01,2024-06-12 14:20:01,2,,100,0,1,2024-06-12 14:20:01,R_41PkDr9SdyAGsx8,,,,,,,test,,2,,,,,,,,,,,,,,,,,,,,,,,,,,,,,,,,,,,,,,,,,,,,,,,,,,,,,,,,,,,,,,,,,,,,,,,,,,,,,,,,,
2024-06-12 14:20:01,2024-06-12 14:20:01,2,,100,0,1,2024-06-12 14:20:02,R_0rAnTEq35ERwjoW,,,,,,,test,,1,1,1,,,,,,,,,,,,,,,,,,,,,,,,,,,,,,,,,,,,,,,,,,,,,,,,,,,,,,,,,,,,,,,,,,,,,,,,,,,,,,,
2024-06-12 14:20:02,2024-06-12 14:20:02,2,,100,0,1,2024-06-12 14:20:02,R_cZJMZPHKG6FpbzU,,,,,,,test,,2,,,,,,,,,,,,,,,,,,,,,,,,,,,,,,,,,,,,,,,,,,,,,,,,,,,,,,,,,,,,,,,,,,,,,,,,,,,,,,,,,
2024-06-12 14:20:02,2024-06-12 14:20:02,2,,100,0,1,2024-06-12 14:20:02,R_3l1ruJzsteIJb1A,,,,,,,test,,2,,,,,,,,,,,,,,,,,,,,,,,,,,,,,,,,,,,,,,,,,,,,,,,,,,,,,,,,,,,,,,,,,,,,,,,,,,,,,,,,,
2024-06-12 14:20:02,2024-06-12 14:20:02,2,,100,0,1,2024-06-12 14:20:02,R_efl0vcv9xIVxCRM,,,,,,,test,,2,,,,,,,,,,,,,,,,,,,,,,,,,,,,,,,,,,,,,,,,,,,,,,,,,,,,,,,,,,,,,,,,,,,,,,,,,,,,,,,,,
2024-06-12 14:20:02,2024-06-12 14:20:02,2,,100,0,1,2024-06-12 14:20:02,R_dhZozuc2ys926V0,,,,,,,test,,2,,,,,,,,,,,,,,,,,,,,,,,,,,,,,,,,,,,,,,,,,,,,,,,,,,,,,,,,,,,,,,,,,,,,,,,,,,,,,,,,,
2024-06-12 14:20:02,2024-06-12 14:20:02,2,,100,0,1,2024-06-12 14:20:03,R_1NBovMHbWDFpqgS,,,,,,,test,,1,4,1,,,,,,,,,,,,,,,,,,,,,,,,,,,,,,,,,,,,,,,,,,,,,,,,,,,,,,,,,,,,,,,,,,,,,,,,,,,,,,,
2024-06-12 14:20:03,2024-06-12 14:20:03,2,,100,0,1,2024-06-12 14:20:03,R_0rlLx9uDwFATlFY,,,,,,,test,,2,,,,,,,,,,,,,,,,,,,,,,,,,,,,,,,,,,,,,,,,,,,,,,,,,,,,,,,,,,,,,,,,,,,,,,,,,,,,,,,,,
2024-06-12 14:20:03,2024-06-12 14:20:03,2,,100,0,1,2024-06-12 14:20:03,R_0jLBFYi9yHSR0kS,,,,,,,test,,1,1,2,,,,,,,,,,,,,,,,,,,,,,,,,,,,,,,,,,,,,,,,,,,,,,,,,,,,,,,,,,,,,,,,,,,,,,,,,,,,,,,
2024-06-12 14:20:03,2024-06-12 14:20:03,2,,100,0,1,2024-06-12 14:20:03,R_9yi8B6wtmJEcSxg,,,,,,,test,,2,,,,,,,,,,,,,,,,,,,,,,,,,,,,,,,,,,,,,,,,,,,,,,,,,,,,,,,,,,,,,,,,,,,,,,,,,,,,,,,,,
2024-06-12 14:20:03,2024-06-12 14:20:04,2,,100,1,1,2024-06-12 14:20:04,R_8J7lnLNbK06N5Pw,,,,,,,test,,1,2,2,,,,,,,,,,,,,,7.7,9.67,9.79,23,3.5,6.86,4.67,13,"1,2",42,58,83,20,28,,,,,,,,,,,,,,,,,,,,,,,,,,,,,,2,2,69,4,"Faucibus magna nulla tempor leo platea, platea accusamus nec venenatis nec sodales dignissim orci.","Culpa vel? Justo porttitor fermentum porttitor enim, quam in porttitor rutrum non tempora purus.",3,,,,,,FL_39,FL_94,,,,Q155|vB_mf_sue_AV_intv|vA_sue_AV_intv,Q158|vA_cntf_AV_intv|vB_cntf_AV_intv|avoid_AV_intv,,,,
2024-06-12 14:20:04,2024-06-12 14:20:04,2,,100,0,1,2024-06-12 14:20:04,R_ekyer4ppgt036XY,,,,,,,test,,1,4,1,,,,,,,,,,,,,,,,,,,,,,,,,,,,,,,,,,,,,,,,,,,,,,,,,,,,,,,,,,,,,,,,,,,,,,,,,,,,,,,
2024-06-12 14:20:04,2024-06-12 14:20:04,2,,100,0,1,2024-06-12 14:20:04,R_5nGpy0IgvfYO6WO,,,,,,,test,,1,4,1,,,,,,,,,,,,,,,,,,,,,,,,,,,,,,,,,,,,,,,,,,,,,,,,,,,,,,,,,,,,,,,,,,,,,,,,,,,,,,,
2024-06-12 14:20:05,2024-06-12 14:20:05,2,,100,0,1,2024-06-12 14:20:05,R_8pGihC37Ac0IgiG,,,,,,,test,,2,,,,,,,,,,,,,,,,,,,,,,,,,,,,,,,,,,,,,,,,,,,,,,,,,,,,,,,,,,,,,,,,,,,,,,,,,,,,,,,,,
2024-06-12 14:20:05,2024-06-12 14:20:05,2,,100,0,1,2024-06-12 14:20:05,R_0w8G4OGK5YS32dM,,,,,,,test,,2,,,,,,,,,,,,,,,,,,,,,,,,,,,,,,,,,,,,,,,,,,,,,,,,,,,,,,,,,,,,,,,,,,,,,,,,,,,,,,,,,
2024-06-12 14:20:05,2024-06-12 14:20:05,2,,100,0,1,2024-06-12 14:20:05,R_cBZ3CvjRm3yHvv0,,,,,,,test,,2,,,,,,,,,,,,,,,,,,,,,,,,,,,,,,,,,,,,,,,,,,,,,,,,,,,,,,,,,,,,,,,,,,,,,,,,,,,,,,,,,
2024-06-12 14:20:05,2024-06-12 14:20:05,2,,100,0,1,2024-06-12 14:20:05,R_40LmZ58jKcUrRie,,,,,,,test,,2,,,,,,,,,,,,,,,,,,,,,,,,,,,,,,,,,,,,,,,,,,,,,,,,,,,,,,,,,,,,,,,,,,,,,,,,,,,,,,,,,
2024-06-12 14:20:05,2024-06-12 14:20:05,2,,100,0,1,2024-06-12 14:20:06,R_5p3FPKNTyvKfmXY,,,,,,,test,,1,3,2,,,,,,,,,,,,,,,,,,,,,,,,,,,,,,,,,,,,,,,,,,,,,,,,,,,,,,,,,,,,,,,,,,,,,,,,,,,,,,,
2024-06-12 14:20:06,2024-06-12 14:20:06,2,,100,0,1,2024-06-12 14:20:06,R_0BzaZ7PPTNKe5fw,,,,,,,test,,1,3,1,,,,,,,,,,,,,,,,,,,,,,,,,,,,,,,,,,,,,,,,,,,,,,,,,,,,,,,,,,,,,,,,,,,,,,,,,,,,,,,
2024-06-12 14:20:06,2024-06-12 14:20:06,2,,100,0,1,2024-06-12 14:20:06,R_ewwITikQ58uCIQK,,,,,,,test,,1,3,2,,,,,,,,,,,,,,,,,,,,,,,,,,,,,,,,,,,,,,,,,,,,,,,,,,,,,,,,,,,,,,,,,,,,,,,,,,,,,,,
2024-06-12 14:20:06,2024-06-12 14:20:06,2,,100,0,1,2024-06-12 14:20:06,R_esbdDQ4jtaVMBOC,,,,,,,test,,1,3,2,,,,,,,,,,,,,,,,,,,,,,,,,,,,,,,,,,,,,,,,,,,,,,,,,,,,,,,,,,,,,,,,,,,,,,,,,,,,,,,
2024-06-12 14:20:06,2024-06-12 14:20:06,2,,100,0,1,2024-06-12 14:20:07,R_en6pNQxMtpXn3hA,,,,,,,test,,1,4,1,,,,,,,,,,,,,,,,,,,,,,,,,,,,,,,,,,,,,,,,,,,,,,,,,,,,,,,,,,,,,,,,,,,,,,,,,,,,,,,
2024-06-12 14:20:07,2024-06-12 14:20:07,2,,100,0,1,2024-06-12 14:20:07,R_dgrZapuQNxgnQpw,,,,,,,test,,1,1,2,,,,,,,,,,,,,,,,,,,,,,,,,,,,,,,,,,,,,,,,,,,,,,,,,,,,,,,,,,,,,,,,,,,,,,,,,,,,,,,
2024-06-12 14:20:07,2024-06-12 14:20:07,2,,100,0,1,2024-06-12 14:20:07,R_3Isal375loz7f5Y,,,,,,,test,,2,,,,,,,,,,,,,,,,,,,,,,,,,,,,,,,,,,,,,,,,,,,,,,,,,,,,,,,,,,,,,,,,,,,,,,,,,,,,,,,,,
2024-06-12 14:20:07,2024-06-12 14:20:07,2,,100,0,1,2024-06-12 14:20:07,R_2hHnkRnwmSwE9Iq,,,,,,,test,,1,4,1,,,,,,,,,,,,,,,,,,,,,,,,,,,,,,,,,,,,,,,,,,,,,,,,,,,,,,,,,,,,,,,,,,,,,,,,,,,,,,,
2024-06-12 14:20:07,2024-06-12 14:20:07,2,,100,0,1,2024-06-12 14:20:07,R_03BXjuvnFEa8ZCu,,,,,,,test,,2,,,,,,,,,,,,,,,,,,,,,,,,,,,,,,,,,,,,,,,,,,,,,,,,,,,,,,,,,,,,,,,,,,,,,,,,,,,,,,,,,
2024-06-12 14:20:08,2024-06-12 14:20:08,2,,100,0,1,2024-06-12 14:20:08,R_bxbnYDe7P9cevqK,,,,,,,test,,2,,,,,,,,,,,,,,,,,,,,,,,,,,,,,,,,,,,,,,,,,,,,,,,,,,,,,,,,,,,,,,,,,,,,,,,,,,,,,,,,,
2024-06-12 14:20:08,2024-06-12 14:20:08,2,,100,0,1,2024-06-12 14:20:08,R_cVoZEkmJJH8h8F0,,,,,,,test,,1,1,1,,,,,,,,,,,,,,,,,,,,,,,,,,,,,,,,,,,,,,,,,,,,,,,,,,,,,,,,,,,,,,,,,,,,,,,,,,,,,,,
2024-06-12 14:20:08,2024-06-12 14:20:08,2,,100,0,1,2024-06-12 14:20:08,R_5myLAq0TH0w8Ijs,,,,,,,test,,2,,,,,,,,,,,,,,,,,,,,,,,,,,,,,,,,,,,,,,,,,,,,,,,,,,,,,,,,,,,,,,,,,,,,,,,,,,,,,,,,,
2024-06-12 14:20:08,2024-06-12 14:20:09,2,,100,1,1,2024-06-12 14:20:09,R_bgzF9Ke2WZE0iUK,,,,,,,test,,1,2,2,,,,,,,,,,,,,,,,,,,,,,,,,,,,,,,,,,,,,,,,,,3.53,9.62,3.88,14,0.79,6.16,1.26,16,"2,3",31,71,4,84,21,99,1,1,36,4,Dictumst etiam arcu tortor nonummy ridiculus! Tempus lacus pretium consequat accusamus.,"Blandit vitae nunc consectetuer pellentesque. Aliquam, ligula egestas quam sodales ipsum id, diam.",2,,,,,,FL_40,,FL_100,,,,,,,Q164|vB_sue_intv|vA_sue_intv|vB_mf_sue_intv,Q167|avoid_intv|vA_cntf_intv|vB_cntf_intv
2024-06-12 14:20:09,2024-06-12 14:20:09,2,,100,0,1,2024-06-12 14:20:09,R_9KYvCNOZ83Rfh0G,,,,,,,test,,1,1,1,,,,,,,,,,,,,,,,,,,,,,,,,,,,,,,,,,,,,,,,,,,,,,,,,,,,,,,,,,,,,,,,,,,,,,,,,,,,,,,
2024-06-12 14:20:09,2024-06-12 14:20:09,2,,100,0,1,2024-06-12 14:20:09,R_9uIgxRNEkuOjuxE,,,,,,,test,,1,4,1,,,,,,,,,,,,,,,,,,,,,,,,,,,,,,,,,,,,,,,,,,,,,,,,,,,,,,,,,,,,,,,,,,,,,,,,,,,,,,,
2024-06-12 14:20:09,2024-06-12 14:20:09,2,,100,0,1,2024-06-12 14:20:10,R_9WusF5IKI7vjrDg,,,,,,,test,,1,2,1,,,,,,,,,,,,,,,,,,,,,,,,,,,,,,,,,,,,,,,,,,,,,,,,,,,,,,,,,,,,,,,,,,,,,,,,,,,,,,,
2024-06-12 14:20:10,2024-06-12 14:20:10,2,,100,0,1,2024-06-12 14:20:10,R_4YLc588bMqp5LkG,,,,,,,test,,2,,,,,,,,,,,,,,,,,,,,,,,,,,,,,,,,,,,,,,,,,,,,,,,,,,,,,,,,,,,,,,,,,,,,,,,,,,,,,,,,,
2024-06-12 14:20:10,2024-06-12 14:20:10,2,,100,0,1,2024-06-12 14:20:10,R_7ZJoQHTBfDPRyoC,,,,,,,test,,2,,,,,,,,,,,,,,,,,,,,,,,,,,,,,,,,,,,,,,,,,,,,,,,,,,,,,,,,,,,,,,,,,,,,,,,,,,,,,,,,,
2024-06-12 14:20:10,2024-06-12 14:20:10,2,,100,0,1,2024-06-12 14:20:10,R_9G2S3NQ9m1uXHQW,,,,,,,test,,2,,,,,,,,,,,,,,,,,,,,,,,,,,,,,,,,,,,,,,,,,,,,,,,,,,,,,,,,,,,,,,,,,,,,,,,,,,,,,,,,,
2024-06-12 14:20:10,2024-06-12 14:20:10,2,,100,0,1,2024-06-12 14:20:10,R_6ipHTLcDoRaa3BQ,,,,,,,test,,2,,,,,,,,,,,,,,,,,,,,,,,,,,,,,,,,,,,,,,,,,,,,,,,,,,,,,,,,,,,,,,,,,,,,,,,,,,,,,,,,,
2024-06-12 14:20:11,2024-06-12 14:20:11,2,,100,0,1,2024-06-12 14:20:11,R_8jhOo8Qp1bjbYlE,,,,,,,test,,1,4,2,,,,,,,,,,,,,,,,,,,,,,,,,,,,,,,,,,,,,,,,,,,,,,,,,,,,,,,,,,,,,,,,,,,,,,,,,,,,,,,
2024-06-12 14:20:11,2024-06-12 14:20:11,2,,100,0,1,2024-06-12 14:20:11,R_71FRCkB8kdA8LGu,,,,,,,test,,2,,,,,,,,,,,,,,,,,,,,,,,,,,,,,,,,,,,,,,,,,,,,,,,,,,,,,,,,,,,,,,,,,,,,,,,,,,,,,,,,,
2024-06-12 14:20:11,2024-06-12 14:20:11,2,,100,0,1,2024-06-12 14:20:11,R_bfsRpRKK8wp7ibs,,,,,,,test,,2,,,,,,,,,,,,,,,,,,,,,,,,,,,,,,,,,,,,,,,,,,,,,,,,,,,,,,,,,,,,,,,,,,,,,,,,,,,,,,,,,
2024-06-12 14:20:11,2024-06-12 14:20:11,2,,100,0,1,2024-06-12 14:20:11,R_eE7G4lJymGFdkYC,,,,,,,test,,1,1,1,,,,,,,,,,,,,,,,,,,,,,,,,,,,,,,,,,,,,,,,,,,,,,,,,,,,,,,,,,,,,,,,,,,,,,,,,,,,,,,
2024-06-12 14:20:12,2024-06-12 14:20:12,2,,100,0,1,2024-06-12 14:20:12,R_8JkiAn2qjcm5T8y,,,,,,,test,,1,4,2,,,,,,,,,,,,,,,,,,,,,,,,,,,,,,,,,,,,,,,,,,,,,,,,,,,,,,,,,,,,,,,,,,,,,,,,,,,,,,,
2024-06-12 14:20:12,2024-06-12 14:20:12,2,,100,0,1,2024-06-12 14:20:12,R_5C5u2Xq2R3P4st0,,,,,,,test,,2,,,,,,,,,,,,,,,,,,,,,,,,,,,,,,,,,,,,,,,,,,,,,,,,,,,,,,,,,,,,,,,,,,,,,,,,,,,,,,,,,
2024-06-12 14:20:12,2024-06-12 14:20:12,2,,100,0,1,2024-06-12 14:20:13,R_50E3Qn7nOEdYptc,,,,,,,test,,1,2,2,1.29,4.19,7.84,27,4.7,5.37,9.52,18,54,93,87,46,42,,,,,,,,,,,,,,,,,,,,,,,,,,,,,,,,,,,,,,,,,,,,2,2,28,2,,"Ac montes magna leo, eleifend justo pellentesque! Magna! Luctus fermentum. Pellentesque dolorem. Nullam ultrices.",2,,,,,,FL_39,FL_93,,Q116|vB_mf_sue_AV|vA_sue_AV,Q122|vB_cntf_AV|vA_cntf_AV|avoid_AV,,,,,,
2024-06-12 14:20:13,2024-06-12 14:20:13,2,,100,0,1,2024-06-12 14:20:13,R_5ALq19EsMhNS8Bg,,,,,,,test,,2,,,,,,,,,,,,,,,,,,,,,,,,,,,,,,,,,,,,,,,,,,,,,,,,,,,,,,,,,,,,,,,,,,,,,,,,,,,,,,,,,
2024-06-12 14:20:13,2024-06-12 14:20:13,2,,100,0,1,2024-06-12 14:20:13,R_b8DOXufjFJ5D8gK,,,,,,,test,,2,,,,,,,,,,,,,,,,,,,,,,,,,,,,,,,,,,,,,,,,,,,,,,,,,,,,,,,,,,,,,,,,,,,,,,,,,,,,,,,,,
2024-06-12 14:20:13,2024-06-12 14:20:13,2,,100,0,1,2024-06-12 14:20:13,R_eOIggSO7BLJFaEC,,,,,,,test,,1,1,1,,,,,,,,,,,,,,,,,,,,,,,,,,,,,,,,,,,,,,,,,,,,,,,,,,,,,,,,,,,,,,,,,,,,,,,,,,,,,,,
2024-06-12 14:20:13,2024-06-12 14:20:13,2,,100,0,1,2024-06-12 14:20:13,R_87Bm5aiiIEqGJme,,,,,,,test,,1,4,2,,,,,,,,,,,,,,,,,,,,,,,,,,,,,,,,,,,,,,,,,,,,,,,,,,,,,,,,,,,,,,,,,,,,,,,,,,,,,,,
2024-06-12 14:20:14,2024-06-12 14:20:14,2,,100,0,1,2024-06-12 14:20:14,R_5o2mgsTQqa0BZ9I,,,,,,,test,,2,,,,,,,,,,,,,,,,,,,,,,,,,,,,,,,,,,,,,,,,,,,,,,,,,,,,,,,,,,,,,,,,,,,,,,,,,,,,,,,,,
2024-06-12 14:20:14,2024-06-12 14:20:14,2,,100,0,1,2024-06-12 14:20:14,R_2aeYycggUG46Wjk,,,,,,,test,,1,4,2,,,,,,,,,,,,,,,,,,,,,,,,,,,,,,,,,,,,,,,,,,,,,,,,,,,,,,,,,,,,,,,,,,,,,,,,,,,,,,,
2024-06-12 14:20:14,2024-06-12 14:20:14,2,,100,0,1,2024-06-12 14:20:14,R_81D1YQ8JOS7cobc,,,,,,,test,,1,2,2,,,,,,,,,,,,,,,,,,,,,,,,,,,,9.49,9.6,9.78,12,3.44,3.91,7.65,47,91,0,29,42,20,26,,,,,,,,,,,,,,,,2,1,84,4,"Tempus maecenas sapien. Natoque quis egestas amet porta ac suspendisse at sem, enim facilisis.",Tincidunt! Platea suscipit! Vestibulum placerat nullam dui! Neque egestas? Iaculis ultrices diam.,6,,,,,,FL_40,,FL_99,,,,,Q90|vA_sue|vB_driver_sue|vB_mf_sue,Q71|avoid|vB_cntf|vA_cntf,,
2024-06-12 14:20:15,2024-06-12 14:20:15,2,,100,0,1,2024-06-12 14:20:15,R_5ySPOCYeMD4zDz8,,,,,,,test,,1,3,2,,,,,,,,,,,,,,,,,,,,,,,,,,,,,,,,,,,,,,,,,,,,,,,,,,,,,,,,,,,,,,,,,,,,,,,,,,,,,,,
2024-06-12 14:20:15,2024-06-12 14:20:15,2,,100,0,1,2024-06-12 14:20:15,R_cwGc58bMSkAWRFQ,,,,,,,test,,1,2,1,,,,,,,,,,,,,,,,,,,,,,,,,,,,,,,,,,,,,,,,,,,,,,,,,,,,,,,,,,,,,,,,,,,,,,,,,,,,,,,
2024-06-12 14:20:15,2024-06-12 14:20:15,2,,100,0,1,2024-06-12 14:20:15,R_8li4xeeSznFwx1Q,,,,,,,test,,2,,,,,,,,,,,,,,,,,,,,,,,,,,,,,,,,,,,,,,,,,,,,,,,,,,,,,,,,,,,,,,,,,,,,,,,,,,,,,,,,,
2024-06-12 14:20:15,2024-06-12 14:20:15,2,,100,0,1,2024-06-12 14:20:15,R_3rg2Mqt3ImOWP6m,,,,,,,test,,2,,,,,,,,,,,,,,,,,,,,,,,,,,,,,,,,,,,,,,,,,,,,,,,,,,,,,,,,,,,,,,,,,,,,,,,,,,,,,,,,,
2024-06-12 14:20:15,2024-06-12 14:20:16,2,,100,1,1,2024-06-12 14:20:16,R_89bi6wsjbnBlgto,,,,,,,test,,1,1,1,,,,,,,,,,,,,,,,,,,,,,,,,,,,,,,,,,,,,,,,,,,,,,,,,,,,,,,,,,,,,,,,,,,,,,,,,,,,,,,
2024-06-12 14:20:16,2024-06-12 14:20:16,2,,100,0,1,2024-06-12 14:20:16,R_4NOcbGBIIS1Twua,,,,,,,test,,1,3,1,,,,,,,,,,,,,,,,,,,,,,,,,,,,,,,,,,,,,,,,,,,,,,,,,,,,,,,,,,,,,,,,,,,,,,,,,,,,,,,
2024-06-12 14:20:16,2024-06-12 14:20:16,2,,100,0,1,2024-06-12 14:20:16,R_b9MVBiqzS9FlUfs,,,,,,,test,,1,2,1,,,,,,,,,,,,,,,,,,,,,,,,,,,,,,,,,,,,,,,,,,,,,,,,,,,,,,,,,,,,,,,,,,,,,,,,,,,,,,,
2024-06-12 14:20:16,2024-06-12 14:20:16,2,,100,0,1,2024-06-12 14:20:16,R_0iVUMxA6LBEQrFc,,,,,,,test,,2,,,,,,,,,,,,,,,,,,,,,,,,,,,,,,,,,,,,,,,,,,,,,,,,,,,,,,,,,,,,,,,,,,,,,,,,,,,,,,,,,
2024-06-12 14:20:16,2024-06-12 14:20:16,2,,100,0,1,2024-06-12 14:20:17,R_0qAPN7JGlYAOMKi,,,,,,,test,,2,,,,,,,,,,,,,,,,,,,,,,,,,,,,,,,,,,,,,,,,,,,,,,,,,,,,,,,,,,,,,,,,,,,,,,,,,,,,,,,,,
2024-06-12 14:20:17,2024-06-12 14:20:17,2,,100,0,1,2024-06-12 14:20:17,R_aWpUIhfMx6IVr26,,,,,,,test,,1,2,2,,,,,,,,,,,,,,1.83,3.6,9.67,0,9.56,9.57,9.98,12,"1,3",28,84,6,30,60,,,,,,,,,,,,,,,,,,,,,,,,,,,,,,2,1,85,4,"Consectetuer dui amet? Imperdiet nec mauris euismod nulla magna. Pede facilisi sed, non.","Primis tempus! Urna primis donec, justo purus magna atque venenatis mi etiam.",1,,,,,,FL_39,FL_94,,,,Q155|vA_sue_AV_intv|vB_mf_sue_AV_intv,Q158|vA_cntf_AV_intv|vB_cntf_AV_intv|avoid_AV_intv,,,,
2024-06-12 14:20:17,2024-06-12 14:20:17,2,,100,0,1,2024-06-12 14:20:17,R_8ueKhFwI4MWoPrM,,,,,,,test,,1,3,2,,,,,,,,,,,,,,,,,,,,,,,,,,,,,,,,,,,,,,,,,,,,,,,,,,,,,,,,,,,,,,,,,,,,,,,,,,,,,,,
2024-06-12 14:20:17,2024-06-12 14:20:17,2,,100,0,1,2024-06-12 14:20:18,R_3n6RDSGQHI1DvMO,,,,,,,test,,2,,,,,,,,,,,,,,,,,,,,,,,,,,,,,,,,,,,,,,,,,,,,,,,,,,,,,,,,,,,,,,,,,,,,,,,,,,,,,,,,,
2024-06-12 14:20:18,2024-06-12 14:20:18,2,,100,0,1,2024-06-12 14:20:18,R_2fPX1h4jAsk0Whw,,,,,,,test,,2,,,,,,,,,,,,,,,,,,,,,,,,,,,,,,,,,,,,,,,,,,,,,,,,,,,,,,,,,,,,,,,,,,,,,,,,,,,,,,,,,
2024-06-12 14:20:18,2024-06-12 14:20:18,2,,100,0,1,2024-06-12 14:20:18,R_51GeSuSzdiXlL4G,,,,,,,test,,2,,,,,,,,,,,,,,,,,,,,,,,,,,,,,,,,,,,,,,,,,,,,,,,,,,,,,,,,,,,,,,,,,,,,,,,,,,,,,,,,,
2024-06-12 14:20:18,2024-06-12 14:20:18,2,,100,0,1,2024-06-12 14:20:18,R_2nniUngaHYg3T9Q,,,,,,,test,,2,,,,,,,,,,,,,,,,,,,,,,,,,,,,,,,,,,,,,,,,,,,,,,,,,,,,,,,,,,,,,,,,,,,,,,,,,,,,,,,,,
2024-06-12 14:20:18,2024-06-12 14:20:18,2,,100,0,1,2024-06-12 14:20:19,R_5nbElkziXsfp9IO,,,,,,,test,,2,,,,,,,,,,,,,,,,,,,,,,,,,,,,,,,,,,,,,,,,,,,,,,,,,,,,,,,,,,,,,,,,,,,,,,,,,,,,,,,,,
2024-06-12 14:20:19,2024-06-12 14:20:19,2,,100,0,1,2024-06-12 14:20:19,R_2mAJ0mCQnZvYcNE,,,,,,,test,,2,,,,,,,,,,,,,,,,,,,,,,,,,,,,,,,,,,,,,,,,,,,,,,,,,,,,,,,,,,,,,,,,,,,,,,,,,,,,,,,,,
2024-06-12 14:20:19,2024-06-12 14:20:19,2,,100,0,1,2024-06-12 14:20:19,R_0fI3p2gOvv8PmlM,,,,,,,test,,2,,,,,,,,,,,,,,,,,,,,,,,,,,,,,,,,,,,,,,,,,,,,,,,,,,,,,,,,,,,,,,,,,,,,,,,,,,,,,,,,,
2024-06-12 14:20:19,2024-06-12 14:20:19,2,,100,0,1,2024-06-12 14:20:19,R_9oaOsLNxIJfsdKu,,,,,,,test,,2,,,,,,,,,,,,,,,,,,,,,,,,,,,,,,,,,,,,,,,,,,,,,,,,,,,,,,,,,,,,,,,,,,,,,,,,,,,,,,,,,
2024-06-12 14:20:19,2024-06-12 14:20:19,2,,100,0,1,2024-06-12 14:20:19,R_6tWocc4Je2Rn2x8,,,,,,,test,,1,2,1,,,,,,,,,,,,,,,,,,,,,,,,,,,,,,,,,,,,,,,,,,,,,,,,,,,,,,,,,,,,,,,,,,,,,,,,,,,,,,,
2024-06-12 14:20:20,2024-06-12 14:20:20,2,,100,0,1,2024-06-12 14:20:20,R_eG0PlUOdhVfCd3o,,,,,,,test,,2,,,,,,,,,,,,,,,,,,,,,,,,,,,,,,,,,,,,,,,,,,,,,,,,,,,,,,,,,,,,,,,,,,,,,,,,,,,,,,,,,
2024-06-12 14:20:20,2024-06-12 14:20:20,2,,100,0,1,2024-06-12 14:20:20,R_2bJMBe8uAKySOAS,,,,,,,test,,1,3,2,,,,,,,,,,,,,,,,,,,,,,,,,,,,,,,,,,,,,,,,,,,,,,,,,,,,,,,,,,,,,,,,,,,,,,,,,,,,,,,
2024-06-12 14:20:20,2024-06-12 14:20:20,2,,100,0,1,2024-06-12 14:20:20,R_1FBvthUSlOJsgGa,,,,,,,test,,1,4,1,,,,,,,,,,,,,,,,,,,,,,,,,,,,,,,,,,,,,,,,,,,,,,,,,,,,,,,,,,,,,,,,,,,,,,,,,,,,,,,
2024-06-12 14:20:20,2024-06-12 14:20:20,2,,100,0,1,2024-06-12 14:20:20,R_9MHs3BeX6mpNmw6,,,,,,,test,,2,,,,,,,,,,,,,,,,,,,,,,,,,,,,,,,,,,,,,,,,,,,,,,,,,,,,,,,,,,,,,,,,,,,,,,,,,,,,,,,,,
2024-06-12 14:20:21,2024-06-12 14:20:21,2,,100,0,1,2024-06-12 14:20:21,R_24QcCFu65sU8NQa,,,,,,,test,,1,2,1,,,,,,,,,,,,,,,,,,,,,,,,,,,,,,,,,,,,,,,,,,,,,,,,,,,,,,,,,,,,,,,,,,,,,,,,,,,,,,,
2024-06-12 14:20:21,2024-06-12 14:20:21,2,,100,0,1,2024-06-12 14:20:21,R_daQ3ql3HtY13aNE,,,,,,,test,,2,,,,,,,,,,,,,,,,,,,,,,,,,,,,,,,,,,,,,,,,,,,,,,,,,,,,,,,,,,,,,,,,,,,,,,,,,,,,,,,,,
2024-06-12 14:20:21,2024-06-12 14:20:21,2,,100,0,1,2024-06-12 14:20:21,R_b7zleRA5WOUpIOy,,,,,,,test,,1,1,1,,,,,,,,,,,,,,,,,,,,,,,,,,,,,,,,,,,,,,,,,,,,,,,,,,,,,,,,,,,,,,,,,,,,,,,,,,,,,,,
2024-06-12 14:20:21,2024-06-12 14:20:21,2,,100,0,1,2024-06-12 14:20:21,R_1zE5mfxYmkOQ3fU,,,,,,,test,,2,,,,,,,,,,,,,,,,,,,,,,,,,,,,,,,,,,,,,,,,,,,,,,,,,,,,,,,,,,,,,,,,,,,,,,,,,,,,,,,,,
2024-06-12 14:20:22,2024-06-12 14:20:22,2,,100,0,1,2024-06-12 14:20:22,R_50UsAZspnaHYr8W,,,,,,,test,,2,,,,,,,,,,,,,,,,,,,,,,,,,,,,,,,,,,,,,,,,,,,,,,,,,,,,,,,,,,,,,,,,,,,,,,,,,,,,,,,,,
2024-06-12 14:20:22,2024-06-12 14:20:22,2,,100,0,1,2024-06-12 14:20:22,R_bIx97wYAZYTnjf0,,,,,,,test,,1,2,1,,,,,,,,,,,,,,,,,,,,,,,,,,,,,,,,,,,,,,,,,,,,,,,,,,,,,,,,,,,,,,,,,,,,,,,,,,,,,,,
2024-06-12 14:20:22,2024-06-12 14:20:22,2,,100,0,1,2024-06-12 14:20:22,R_bx8xtf8kwGmpSC2,,,,,,,test,,2,,,,,,,,,,,,,,,,,,,,,,,,,,,,,,,,,,,,,,,,,,,,,,,,,,,,,,,,,,,,,,,,,,,,,,,,,,,,,,,,,
2024-06-12 14:20:22,2024-06-12 14:20:22,2,,100,0,1,2024-06-12 14:20:22,R_5pZ06htvCYiBUBo,,,,,,,test,,1,2,1,,,,,,,,,,,,,,,,,,,,,,,,,,,,,,,,,,,,,,,,,,,,,,,,,,,,,,,,,,,,,,,,,,,,,,,,,,,,,,,
2024-06-12 14:20:23,2024-06-12 14:20:23,2,,100,0,1,2024-06-12 14:20:23,R_e8WTXQYXvVyLlX0,,,,,,,test,,2,,,,,,,,,,,,,,,,,,,,,,,,,,,,,,,,,,,,,,,,,,,,,,,,,,,,,,,,,,,,,,,,,,,,,,,,,,,,,,,,,
2024-06-12 14:20:23,2024-06-12 14:20:23,2,,100,0,1,2024-06-12 14:20:23,R_ebyDjCeg324cgMC,,,,,,,test,,1,1,1,,,,,,,,,,,,,,,,,,,,,,,,,,,,,,,,,,,,,,,,,,,,,,,,,,,,,,,,,,,,,,,,,,,,,,,,,,,,,,,
2024-06-12 14:20:23,2024-06-12 14:20:23,2,,100,0,1,2024-06-12 14:20:23,R_eyRHAPSrsCbtBu6,,,,,,,test,,2,,,,,,,,,,,,,,,,,,,,,,,,,,,,,,,,,,,,,,,,,,,,,,,,,,,,,,,,,,,,,,,,,,,,,,,,,,,,,,,,,
2024-06-12 14:20:23,2024-06-12 14:20:23,2,,100,0,1,2024-06-12 14:20:23,R_6sSDQIsrZhmUCiO,,,,,,,test,,1,1,2,,,,,,,,,,,,,,,,,,,,,,,,,,,,,,,,,,,,,,,,,,,,,,,,,,,,,,,,,,,,,,,,,,,,,,,,,,,,,,,
2024-06-12 14:20:24,2024-06-12 14:20:24,2,,100,0,1,2024-06-12 14:20:24,R_3lx0NOAU6sH60g6,,,,,,,test,,2,,,,,,,,,,,,,,,,,,,,,,,,,,,,,,,,,,,,,,,,,,,,,,,,,,,,,,,,,,,,,,,,,,,,,,,,,,,,,,,,,
2024-06-12 14:20:24,2024-06-12 14:20:24,2,,100,0,1,2024-06-12 14:20:24,R_9tnA3ZlWk65cvbg,,,,,,,test,,2,,,,,,,,,,,,,,,,,,,,,,,,,,,,,,,,,,,,,,,,,,,,,,,,,,,,,,,,,,,,,,,,,,,,,,,,,,,,,,,,,
2024-06-12 14:20:24,2024-06-12 14:20:24,2,,100,0,1,2024-06-12 14:20:24,R_bjgL8o6o4s9q2cS,,,,,,,test,,2,,,,,,,,,,,,,,,,,,,,,,,,,,,,,,,,,,,,,,,,,,,,,,,,,,,,,,,,,,,,,,,,,,,,,,,,,,,,,,,,,
2024-06-12 14:20:24,2024-06-12 14:20:24,2,,100,0,1,2024-06-12 14:20:24,R_blz7UNc300S6Dtk,,,,,,,test,,2,,,,,,,,,,,,,,,,,,,,,,,,,,,,,,,,,,,,,,,,,,,,,,,,,,,,,,,,,,,,,,,,,,,,,,,,,,,,,,,,,
2024-06-12 14:20:24,2024-06-12 14:20:24,2,,100,0,1,2024-06-12 14:20:25,R_5yEWlQyYvhE3YPk,,,,,,,test,,2,,,,,,,,,,,,,,,,,,,,,,,,,,,,,,,,,,,,,,,,,,,,,,,,,,,,,,,,,,,,,,,,,,,,,,,,,,,,,,,,,
2024-06-12 14:20:25,2024-06-12 14:20:25,2,,100,0,1,2024-06-12 14:20:25,R_55uvZm0jqcdRaYe,,,,,,,test,,2,,,,,,,,,,,,,,,,,,,,,,,,,,,,,,,,,,,,,,,,,,,,,,,,,,,,,,,,,,,,,,,,,,,,,,,,,,,,,,,,,
2024-06-12 14:20:25,2024-06-12 14:20:25,2,,100,0,1,2024-06-12 14:20:25,R_cBahNJp1LV5UDJQ,,,,,,,test,,2,,,,,,,,,,,,,,,,,,,,,,,,,,,,,,,,,,,,,,,,,,,,,,,,,,,,,,,,,,,,,,,,,,,,,,,,,,,,,,,,,
2024-06-12 14:20:25,2024-06-12 14:20:25,2,,100,0,1,2024-06-12 14:20:25,R_cC6P6OwBjYcJLvg,,,,,,,test,,1,1,1,,,,,,,,,,,,,,,,,,,,,,,,,,,,,,,,,,,,,,,,,,,,,,,,,,,,,,,,,,,,,,,,,,,,,,,,,,,,,,,
2024-06-12 14:20:25,2024-06-12 14:20:25,2,,100,0,1,2024-06-12 14:20:26,R_1CehW7vJ2igehMO,,,,,,,test,,1,3,1,,,,,,,,,,,,,,,,,,,,,,,,,,,,,,,,,,,,,,,,,,,,,,,,,,,,,,,,,,,,,,,,,,,,,,,,,,,,,,,
2024-06-12 14:20:26,2024-06-12 14:20:26,2,,100,0,1,2024-06-12 14:20:26,R_2cu0jUAz3b0pDzU,,,,,,,test,,1,4,2,,,,,,,,,,,,,,,,,,,,,,,,,,,,,,,,,,,,,,,,,,,,,,,,,,,,,,,,,,,,,,,,,,,,,,,,,,,,,,,
2024-06-12 14:20:26,2024-06-12 14:20:26,2,,100,0,1,2024-06-12 14:20:26,R_eDI29A2kQZS5SNo,,,,,,,test,,2,,,,,,,,,,,,,,,,,,,,,,,,,,,,,,,,,,,,,,,,,,,,,,,,,,,,,,,,,,,,,,,,,,,,,,,,,,,,,,,,,
2024-06-12 14:20:26,2024-06-12 14:20:26,2,,100,0,1,2024-06-12 14:20:26,R_24vHvWm7rFzf4Ls,,,,,,,test,,2,,,,,,,,,,,,,,,,,,,,,,,,,,,,,,,,,,,,,,,,,,,,,,,,,,,,,,,,,,,,,,,,,,,,,,,,,,,,,,,,,
2024-06-12 14:20:26,2024-06-12 14:20:26,2,,100,0,1,2024-06-12 14:20:26,R_6GaOj5ExP3n6xEi,,,,,,,test,,2,,,,,,,,,,,,,,,,,,,,,,,,,,,,,,,,,,,,,,,,,,,,,,,,,,,,,,,,,,,,,,,,,,,,,,,,,,,,,,,,,
2024-06-12 14:20:26,2024-06-12 14:20:26,2,,100,0,1,2024-06-12 14:20:27,R_01V7dQyHv73dmES,,,,,,,test,,2,,,,,,,,,,,,,,,,,,,,,,,,,,,,,,,,,,,,,,,,,,,,,,,,,,,,,,,,,,,,,,,,,,,,,,,,,,,,,,,,,
2024-06-12 14:20:27,2024-06-12 14:20:27,2,,100,0,1,2024-06-12 14:20:27,R_0qxXOx3bRbs9lKm,,,,,,,test,,2,,,,,,,,,,,,,,,,,,,,,,,,,,,,,,,,,,,,,,,,,,,,,,,,,,,,,,,,,,,,,,,,,,,,,,,,,,,,,,,,,
2024-06-12 14:20:27,2024-06-12 14:20:27,2,,100,0,1,2024-06-12 14:20:27,R_0SRVoGElUyaKevY,,,,,,,test,,1,4,2,,,,,,,,,,,,,,,,,,,,,,,,,,,,,,,,,,,,,,,,,,,,,,,,,,,,,,,,,,,,,,,,,,,,,,,,,,,,,,,
2024-06-12 14:20:27,2024-06-12 14:20:27,2,,100,0,1,2024-06-12 14:20:27,R_6sYz8F886uGH2qa,,,,,,,test,,1,1,2,,,,,,,,,,,,,,,,,,,,,,,,,,,,,,,,,,,,,,,,,,,,,,,,,,,,,,,,,,,,,,,,,,,,,,,,,,,,,,,
2024-06-12 14:20:27,2024-06-12 14:20:28,2,,100,1,1,2024-06-12 14:20:28,R_3aeHEPqTeuHmJXE,,,,,,,test,,1,2,2,,,,,,,,,,,,,,3.04,3.86,5.38,9,7.38,9.54,9.61,41,"1,3",4,2,64,64,56,,,,,,,,,,,,,,,,,,,,,,,,,,,,,,1,1,34,3,,"Potenti aliquet! Molestie ante ante augue accusamus, scelerisque dolorem mauris? Blandit! Sollicitudin ipsum etiam ab.",7,,,,,,FL_39,FL_94,,,,Q155|vB_mf_sue_AV_intv|vA_sue_AV_intv,Q158|vA_cntf_AV_intv|avoid_AV_intv|vB_cntf_AV_intv,,,,
2024-06-12 14:20:28,2024-06-12 14:20:28,2,,100,0,1,2024-06-12 14:20:28,R_3WyQKmTM6YMhItU,,,,,,,test,,1,1,2,,,,,,,,,,,,,,,,,,,,,,,,,,,,,,,,,,,,,,,,,,,,,,,,,,,,,,,,,,,,,,,,,,,,,,,,,,,,,,,
2024-06-12 14:20:28,2024-06-12 14:20:28,2,,100,0,1,2024-06-12 14:20:29,R_bd3O9kLAhBjS15c,,,,,,,test,,1,4,2,,,,,,,,,,,,,,,,,,,,,,,,,,,,,,,,,,,,,,,,,,,,,,,,,,,,,,,,,,,,,,,,,,,,,,,,,,,,,,,
2024-06-12 14:20:29,2024-06-12 14:20:29,2,,100,0,1,2024-06-12 14:20:29,R_6G4txeA6uuV150a,,,,,,,test,,2,,,,,,,,,,,,,,,,,,,,,,,,,,,,,,,,,,,,,,,,,,,,,,,,,,,,,,,,,,,,,,,,,,,,,,,,,,,,,,,,,
2024-06-12 14:20:29,2024-06-12 14:20:29,2,,100,0,1,2024-06-12 14:20:29,R_74INrFvKxzUjcPk,,,,,,,test,,1,1,1,,,,,,,,,,,,,,,,,,,,,,,,,,,,,,,,,,,,,,,,,,,,,,,,,,,,,,,,,,,,,,,,,,,,,,,,,,,,,,,
2024-06-12 14:20:29,2024-06-12 14:20:29,2,,100,0,1,2024-06-12 14:20:29,R_3pKNkumZ5ptjtJQ,,,,,,,test,,1,1,1,,,,,,,,,,,,,,,,,,,,,,,,,,,,,,,,,,,,,,,,,,,,,,,,,,,,,,,,,,,,,,,,,,,,,,,,,,,,,,,
2024-06-12 14:20:29,2024-06-12 14:20:29,2,,100,0,1,2024-06-12 14:20:30,R_57j24ry8ryka9V4,,,,,,,test,,2,,,,,,,,,,,,,,,,,,,,,,,,,,,,,,,,,,,,,,,,,,,,,,,,,,,,,,,,,,,,,,,,,,,,,,,,,,,,,,,,,
2024-06-12 14:20:30,2024-06-12 14:20:30,2,,100,0,1,2024-06-12 14:20:30,R_0kTTu1eAPTBkAya,,,,,,,test,,1,2,2,,,,,,,,,,,,,,,,,,,,,,,,,,,,2.89,4.43,8.52,42,4.75,7.85,6.54,43,46,5,96,87,73,60,,,,,,,,,,,,,,,,1,2,18,4,Sodales? Eu eu lectus nibh facilisis? Dignissim scelerisque imperdiet morbi aliquam.,"Consequat iaculis velit ut aliquam! Massa, nunc tincidunt ac atque vehicula.",1,,,,,,FL_40,,FL_99,,,,,Q90|vA_sue|vB_driver_sue|vB_mf_sue,Q71|vB_cntf|avoid|vA_cntf,,
2024-06-12 14:20:30,2024-06-12 14:20:30,2,,100,0,1,2024-06-12 14:20:30,R_8djHA7t10UbG6uG,,,,,,,test,,2,,,,,,,,,,,,,,,,,,,,,,,,,,,,,,,,,,,,,,,,,,,,,,,,,,,,,,,,,,,,,,,,,,,,,,,,,,,,,,,,,
2024-06-12 14:20:30,2024-06-12 14:20:30,2,,100,0,1,2024-06-12 14:20:30,R_3IY6CcBSYZ3GxQa,,,,,,,test,,2,,,,,,,,,,,,,,,,,,,,,,,,,,,,,,,,,,,,,,,,,,,,,,,,,,,,,,,,,,,,,,,,,,,,,,,,,,,,,,,,,
2024-06-12 14:20:31,2024-06-12 14:20:31,2,,100,0,1,2024-06-12 14:20:31,R_aUXIaDM7LW2s8x8,,,,,,,test,,1,1,1,,,,,,,,,,,,,,,,,,,,,,,,,,,,,,,,,,,,,,,,,,,,,,,,,,,,,,,,,,,,,,,,,,,,,,,,,,,,,,,
2024-06-12 14:20:31,2024-06-12 14:20:31,2,,100,0,1,2024-06-12 14:20:31,R_0weckbVQNNMXYOi,,,,,,,test,,1,4,1,,,,,,,,,,,,,,,,,,,,,,,,,,,,,,,,,,,,,,,,,,,,,,,,,,,,,,,,,,,,,,,,,,,,,,,,,,,,,,,
2024-06-12 14:20:31,2024-06-12 14:20:31,2,,100,0,1,2024-06-12 14:20:31,R_8kLWng9hZHBXXj8,,,,,,,test,,1,1,2,,,,,,,,,,,,,,,,,,,,,,,,,,,,,,,,,,,,,,,,,,,,,,,,,,,,,,,,,,,,,,,,,,,,,,,,,,,,,,,
2024-06-12 14:20:31,2024-06-12 14:20:31,2,,100,0,1,2024-06-12 14:20:32,R_5vtUMqOIDKExcEe,,,,,,,test,,1,2,1,,,,,,,,,,,,,,,,,,,,,,,,,,,,,,,,,,,,,,,,,,,,,,,,,,,,,,,,,,,,,,,,,,,,,,,,,,,,,,,
2024-06-12 14:20:32,2024-06-12 14:20:32,2,,100,0,1,2024-06-12 14:20:32,R_1U3sbpXKPl8NYdU,,,,,,,test,,2,,,,,,,,,,,,,,,,,,,,,,,,,,,,,,,,,,,,,,,,,,,,,,,,,,,,,,,,,,,,,,,,,,,,,,,,,,,,,,,,,
2024-06-12 14:20:32,2024-06-12 14:20:32,2,,100,0,1,2024-06-12 14:20:32,R_1GGnxkiP0KTi4Ie,,,,,,,test,,2,,,,,,,,,,,,,,,,,,,,,,,,,,,,,,,,,,,,,,,,,,,,,,,,,,,,,,,,,,,,,,,,,,,,,,,,,,,,,,,,,
2024-06-12 14:20:32,2024-06-12 14:20:32,2,,100,0,1,2024-06-12 14:20:32,R_0DLdOnKl2kyDnf0,,,,,,,test,,2,,,,,,,,,,,,,,,,,,,,,,,,,,,,,,,,,,,,,,,,,,,,,,,,,,,,,,,,,,,,,,,,,,,,,,,,,,,,,,,,,
2024-06-12 14:20:32,2024-06-12 14:20:33,2,,100,1,1,2024-06-12 14:20:33,R_b8SLBwqoDdlst1A,,,,,,,test,,1,2,2,4.34,7.05,9.92,44,4.88,9.11,9.32,27,28,36,77,94,2,,,,,,,,,,,,,,,,,,,,,,,,,,,,,,,,,,,,,,,,,,,,1,2,66,4,Ultrices dui. Augue est sem venenatis culpa? Wisi per laoreet. Aliquet ullamcorper.,"Gravida bibendum tellus ab arcu lorem consequat tellus ridiculus suspendisse sapien, egestas felis elit temporibus.",5,,,,,,FL_39,FL_93,,Q116|vB_mf_sue_AV|vA_sue_AV,Q122|vB_cntf_AV|avoid_AV|vA_cntf_AV,,,,,,
2024-06-12 14:20:33,2024-06-12 14:20:33,2,,100,0,1,2024-06-12 14:20:33,R_bJJIO3ILLpA8Lv8,,,,,,,test,,1,3,1,,,,,,,,,,,,,,,,,,,,,,,,,,,,,,,,,,,,,,,,,,,,,,,,,,,,,,,,,,,,,,,,,,,,,,,,,,,,,,,
2024-06-12 14:20:33,2024-06-12 14:20:33,2,,100,0,1,2024-06-12 14:20:34,R_2c0UE02on2OwrKS,,,,,,,test,,1,2,2,,,,,,,,,,,,,,,,,,,,,,,,,,,,4.38,7.51,8.85,5,7.95,8.93,9.65,1,27,59,76,51,87,39,,,,,,,,,,,,,,,,2,2,31,3,,"Molestie felis dolorem ullamcorper mauris elit? Sed, arcu sapien. Consequat venenatis.",4,,,,,,FL_40,,FL_99,,,,,Q90|vA_sue|vB_mf_sue|vB_driver_sue,Q71|avoid|vA_cntf|vB_cntf,,
2024-06-12 14:20:34,2024-06-12 14:20:34,2,,100,0,1,2024-06-12 14:20:34,R_ex7v5PH2roTKWvY,,,,,,,test,,1,2,1,,,,,,,,,,,,,,,,,,,,,,,,,,,,,,,,,,,,,,,,,,,,,,,,,,,,,,,,,,,,,,,,,,,,,,,,,,,,,,,
2024-06-12 14:20:34,2024-06-12 14:20:34,2,,100,0,1,2024-06-12 14:20:34,R_eli8HLYPlmLmYGa,,,,,,,test,,2,,,,,,,,,,,,,,,,,,,,,,,,,,,,,,,,,,,,,,,,,,,,,,,,,,,,,,,,,,,,,,,,,,,,,,,,,,,,,,,,,
2024-06-12 14:20:34,2024-06-12 14:20:34,2,,100,0,1,2024-06-12 14:20:34,R_e2MRWuksjPGpZ54,,,,,,,test,,1,1,2,,,,,,,,,,,,,,,,,,,,,,,,,,,,,,,,,,,,,,,,,,,,,,,,,,,,,,,,,,,,,,,,,,,,,,,,,,,,,,,
2024-06-12 14:20:34,2024-06-12 14:20:34,2,,100,0,1,2024-06-12 14:20:35,R_e2kOqoPZ6DjZQpw,,,,,,,test,,1,1,1,,,,,,,,,,,,,,,,,,,,,,,,,,,,,,,,,,,,,,,,,,,,,,,,,,,,,,,,,,,,,,,,,,,,,,,,,,,,,,,
2024-06-12 14:20:35,2024-06-12 14:20:35,2,,100,0,1,2024-06-12 14:20:35,R_8bJEfwAN9adnRRA,,,,,,,test,,2,,,,,,,,,,,,,,,,,,,,,,,,,,,,,,,,,,,,,,,,,,,,,,,,,,,,,,,,,,,,,,,,,,,,,,,,,,,,,,,,,
2024-06-12 14:20:35,2024-06-12 14:20:35,2,,100,0,1,2024-06-12 14:20:35,R_6QBRO1jIydDAeB8,,,,,,,test,,1,3,2,,,,,,,,,,,,,,,,,,,,,,,,,,,,,,,,,,,,,,,,,,,,,,,,,,,,,,,,,,,,,,,,,,,,,,,,,,,,,,,
2024-06-12 14:20:35,2024-06-12 14:20:35,2,,100,0,1,2024-06-12 14:20:35,R_a9mlYyT9Ke0oX42,,,,,,,test,,2,,,,,,,,,,,,,,,,,,,,,,,,,,,,,,,,,,,,,,,,,,,,,,,,,,,,,,,,,,,,,,,,,,,,,,,,,,,,,,,,,
2024-06-12 14:20:35,2024-06-12 14:20:35,2,,100,0,1,2024-06-12 14:20:36,R_etxUD1poSY7frZY,,,,,,,test,,1,2,1,,,,,,,,,,,,,,,,,,,,,,,,,,,,,,,,,,,,,,,,,,,,,,,,,,,,,,,,,,,,,,,,,,,,,,,,,,,,,,,
2024-06-12 14:20:36,2024-06-12 14:20:36,2,,100,0,1,2024-06-12 14:20:36,R_dhEYIaN6ojfxx9I,,,,,,,test,,1,1,1,,,,,,,,,,,,,,,,,,,,,,,,,,,,,,,,,,,,,,,,,,,,,,,,,,,,,,,,,,,,,,,,,,,,,,,,,,,,,,,
2024-06-12 14:20:36,2024-06-12 14:20:36,2,,100,0,1,2024-06-12 14:20:36,R_cUc3LrE4GfaCrsy,,,,,,,test,,2,,,,,,,,,,,,,,,,,,,,,,,,,,,,,,,,,,,,,,,,,,,,,,,,,,,,,,,,,,,,,,,,,,,,,,,,,,,,,,,,,
2024-06-12 14:20:36,2024-06-12 14:20:36,2,,100,0,1,2024-06-12 14:20:36,R_07lX5ddhRiI1Zdk,,,,,,,test,,1,4,2,,,,,,,,,,,,,,,,,,,,,,,,,,,,,,,,,,,,,,,,,,,,,,,,,,,,,,,,,,,,,,,,,,,,,,,,,,,,,,,
2024-06-12 14:20:36,2024-06-12 14:20:36,2,,100,0,1,2024-06-12 14:20:37,R_dgUqNIzlaG3EcDk,,,,,,,test,,2,,,,,,,,,,,,,,,,,,,,,,,,,,,,,,,,,,,,,,,,,,,,,,,,,,,,,,,,,,,,,,,,,,,,,,,,,,,,,,,,,
2024-06-12 14:20:37,2024-06-12 14:20:37,2,,100,0,1,2024-06-12 14:20:37,R_9H9nVWipZxxXuWa,,,,,,,test,,1,1,2,,,,,,,,,,,,,,,,,,,,,,,,,,,,,,,,,,,,,,,,,,,,,,,,,,,,,,,,,,,,,,,,,,,,,,,,,,,,,,,
2024-06-12 14:20:37,2024-06-12 14:20:37,2,,100,0,1,2024-06-12 14:20:37,R_0Vubf1wwgrRczKC,,,,,,,test,,2,,,,,,,,,,,,,,,,,,,,,,,,,,,,,,,,,,,,,,,,,,,,,,,,,,,,,,,,,,,,,,,,,,,,,,,,,,,,,,,,,
2024-06-12 14:20:37,2024-06-12 14:20:37,2,,100,0,1,2024-06-12 14:20:38,R_7ZKRXQupuyveU5g,,,,,,,test,,1,2,2,5.22,7.15,9.08,39,3.37,9.31,4.7,20,73,39,43,28,73,,,,,,,,,,,,,,,,,,,,,,,,,,,,,,,,,,,,,,,,,,,,2,2,67,4,"Maecenas integer etiam facilisi aliquet aliquet! Luctus imperdiet, commodo? Quam morbi. Eros arcu vehicula suspendisse.",Temporibus. Potenti. Eget faucibus pharetra vel sem viverra ab aliquam.,3,,,,,,FL_39,FL_93,,Q116|vA_sue_AV|vB_mf_sue_AV,Q122|avoid_AV|vB_cntf_AV|vA_cntf_AV,,,,,,
2024-06-12 14:20:38,2024-06-12 14:20:38,2,,100,0,1,2024-06-12 14:20:38,R_bgbdYzycphiMBkW,,,,,,,test,,2,,,,,,,,,,,,,,,,,,,,,,,,,,,,,,,,,,,,,,,,,,,,,,,,,,,,,,,,,,,,,,,,,,,,,,,,,,,,,,,,,
2024-06-12 14:20:38,2024-06-12 14:20:38,2,,100,0,1,2024-06-12 14:20:38,R_4Zu9mnphZwSkzP0,,,,,,,test,,1,3,2,,,,,,,,,,,,,,,,,,,,,,,,,,,,,,,,,,,,,,,,,,,,,,,,,,,,,,,,,,,,,,,,,,,,,,,,,,,,,,,
2024-06-12 14:20:38,2024-06-12 14:20:38,2,,100,0,1,2024-06-12 14:20:38,R_9yH0CSVEHXwRmOW,,,,,,,test,,1,1,1,,,,,,,,,,,,,,,,,,,,,,,,,,,,,,,,,,,,,,,,,,,,,,,,,,,,,,,,,,,,,,,,,,,,,,,,,,,,,,,
2024-06-12 14:20:38,2024-06-12 14:20:38,2,,100,0,1,2024-06-12 14:20:39,R_9o5EjyKHWV60Geq,,,,,,,test,,2,,,,,,,,,,,,,,,,,,,,,,,,,,,,,,,,,,,,,,,,,,,,,,,,,,,,,,,,,,,,,,,,,,,,,,,,,,,,,,,,,
2024-06-12 14:20:39,2024-06-12 14:20:39,2,,100,0,1,2024-06-12 14:20:39,R_bkDXDVGAiNdnVkO,,,,,,,test,,1,4,2,,,,,,,,,,,,,,,,,,,,,,,,,,,,,,,,,,,,,,,,,,,,,,,,,,,,,,,,,,,,,,,,,,,,,,,,,,,,,,,
2024-06-12 14:20:39,2024-06-12 14:20:39,2,,100,0,1,2024-06-12 14:20:39,R_3Uz4mpch69ChL82,,,,,,,test,,1,2,2,,,,,,,,,,,,,,,,,,,,,,,,,,,,,,,,,,,,,,,,,,7.63,8.48,8.72,11,0.87,8.86,9.74,7,"3,4",85,8,63,31,43,29,1,1,18,2,,Sed suscipit quis orci purus! Quis? Maecenas purus ullamcorper purus tempora.,3,,,,,,FL_40,,FL_100,,,,,,,Q164|vB_mf_sue_intv|vA_sue_intv|vB_sue_intv,Q167|vA_cntf_intv|vB_cntf_intv|avoid_intv
2024-06-12 14:20:39,2024-06-12 14:20:39,2,,100,0,1,2024-06-12 14:20:40,R_bNk0OgueCxYZoQS,,,,,,,test,,2,,,,,,,,,,,,,,,,,,,,,,,,,,,,,,,,,,,,,,,,,,,,,,,,,,,,,,,,,,,,,,,,,,,,,,,,,,,,,,,,,
2024-06-12 14:20:40,2024-06-12 14:20:40,2,,100,0,1,2024-06-12 14:20:40,R_5mqW9cm5i8bVmtw,,,,,,,test,,2,,,,,,,,,,,,,,,,,,,,,,,,,,,,,,,,,,,,,,,,,,,,,,,,,,,,,,,,,,,,,,,,,,,,,,,,,,,,,,,,,
2024-06-12 14:20:40,2024-06-12 14:20:40,2,,100,0,1,2024-06-12 14:20:40,R_aa8jnQOWRipJ3pA,,,,,,,test,,2,,,,,,,,,,,,,,,,,,,,,,,,,,,,,,,,,,,,,,,,,,,,,,,,,,,,,,,,,,,,,,,,,,,,,,,,,,,,,,,,,
2024-06-12 14:20:40,2024-06-12 14:20:40,2,,100,0,1,2024-06-12 14:20:40,R_0lACHhz7A9TBwtU,,,,,,,test,,2,,,,,,,,,,,,,,,,,,,,,,,,,,,,,,,,,,,,,,,,,,,,,,,,,,,,,,,,,,,,,,,,,,,,,,,,,,,,,,,,,
2024-06-12 14:20:40,2024-06-12 14:20:41,2,,100,1,1,2024-06-12 14:20:41,R_5AyKQoy1BN2Lls2,,,,,,,test,,1,2,2,,,,,,,,,,,,,,,,,,,,,,,,,,,,2.01,6.73,4.35,35,5.66,7.37,7.9,28,7,61,51,94,72,57,,,,,,,,,,,,,,,,2,2,29,1,,Morbi platea? Lorem aliquet sapien cras egestas eros tempora facilisi.,3,,,,,,FL_40,,FL_99,,,,,Q90|vB_driver_sue|vA_sue|vB_mf_sue,Q71|vB_cntf|avoid|vA_cntf,,
2024-06-12 14:20:41,2024-06-12 14:20:41,2,,100,0,1,2024-06-12 14:20:41,R_0ifQqW7WAW0zuhE,,,,,,,test,,1,1,2,,,,,,,,,,,,,,,,,,,,,,,,,,,,,,,,,,,,,,,,,,,,,,,,,,,,,,,,,,,,,,,,,,,,,,,,,,,,,,,
2024-06-12 14:20:41,2024-06-12 14:20:41,2,,100,0,1,2024-06-12 14:20:41,R_0uKgCRrudvVcQkK,,,,,,,test,,1,1,2,,,,,,,,,,,,,,,,,,,,,,,,,,,,,,,,,,,,,,,,,,,,,,,,,,,,,,,,,,,,,,,,,,,,,,,,,,,,,,,
2024-06-12 14:20:42,2024-06-12 14:20:42,2,,100,0,1,2024-06-12 14:20:42,R_cSJc1Dg9N2ikDIy,,,,,,,test,,1,3,2,,,,,,,,,,,,,,,,,,,,,,,,,,,,,,,,,,,,,,,,,,,,,,,,,,,,,,,,,,,,,,,,,,,,,,,,,,,,,,,
2024-06-12 14:20:42,2024-06-12 14:20:42,2,,100,0,1,2024-06-12 14:20:42,R_3ELApQeaIafNwjA,,,,,,,test,,2,,,,,,,,,,,,,,,,,,,,,,,,,,,,,,,,,,,,,,,,,,,,,,,,,,,,,,,,,,,,,,,,,,,,,,,,,,,,,,,,,
2024-06-12 14:20:42,2024-06-12 14:20:42,2,,100,0,1,2024-06-12 14:20:42,R_896M4Ba2MhTwFuK,,,,,,,test,,1,1,1,,,,,,,,,,,,,,,,,,,,,,,,,,,,,,,,,,,,,,,,,,,,,,,,,,,,,,,,,,,,,,,,,,,,,,,,,,,,,,,
2024-06-12 14:20:42,2024-06-12 14:20:42,2,,100,0,1,2024-06-12 14:20:43,R_37ynrftJfkzsroq,,,,,,,test,,1,1,1,,,,,,,,,,,,,,,,,,,,,,,,,,,,,,,,,,,,,,,,,,,,,,,,,,,,,,,,,,,,,,,,,,,,,,,,,,,,,,,
2024-06-12 14:20:43,2024-06-12 14:20:43,2,,100,0,1,2024-06-12 14:20:43,R_0i9NCh2sR2ZLALs,,,,,,,test,,2,,,,,,,,,,,,,,,,,,,,,,,,,,,,,,,,,,,,,,,,,,,,,,,,,,,,,,,,,,,,,,,,,,,,,,,,,,,,,,,,,
2024-06-12 14:20:43,2024-06-12 14:20:43,2,,100,0,1,2024-06-12 14:20:43,R_3Cp0ANgBj3UpIxw,,,,,,,test,,2,,,,,,,,,,,,,,,,,,,,,,,,,,,,,,,,,,,,,,,,,,,,,,,,,,,,,,,,,,,,,,,,,,,,,,,,,,,,,,,,,
2024-06-12 14:20:43,2024-06-12 14:20:43,2,,100,0,1,2024-06-12 14:20:43,R_2t72aPWlCJVY39s,,,,,,,test,,1,1,2,,,,,,,,,,,,,,,,,,,,,,,,,,,,,,,,,,,,,,,,,,,,,,,,,,,,,,,,,,,,,,,,,,,,,,,,,,,,,,,
2024-06-12 14:20:43,2024-06-12 14:20:43,2,,100,0,1,2024-06-12 14:20:44,R_86Tauz7zxeIwA8C,,,,,,,test,,1,4,2,,,,,,,,,,,,,,,,,,,,,,,,,,,,,,,,,,,,,,,,,,,,,,,,,,,,,,,,,,,,,,,,,,,,,,,,,,,,,,,
2024-06-12 14:20:44,2024-06-12 14:20:44,2,,100,0,1,2024-06-12 14:20:44,R_23rmZLVe3XbWu6W,,,,,,,test,,2,,,,,,,,,,,,,,,,,,,,,,,,,,,,,,,,,,,,,,,,,,,,,,,,,,,,,,,,,,,,,,,,,,,,,,,,,,,,,,,,,
2024-06-12 14:20:44,2024-06-12 14:20:44,2,,100,0,1,2024-06-12 14:20:44,R_5tk8Yg1sBmD6QMS,,,,,,,test,,1,1,1,,,,,,,,,,,,,,,,,,,,,,,,,,,,,,,,,,,,,,,,,,,,,,,,,,,,,,,,,,,,,,,,,,,,,,,,,,,,,,,
2024-06-12 14:20:44,2024-06-12 14:20:44,2,,100,0,1,2024-06-12 14:20:44,R_6SyZRzLTETecSXA,,,,,,,test,,2,,,,,,,,,,,,,,,,,,,,,,,,,,,,,,,,,,,,,,,,,,,,,,,,,,,,,,,,,,,,,,,,,,,,,,,,,,,,,,,,,
2024-06-12 14:20:44,2024-06-12 14:20:45,2,,100,1,1,2024-06-12 14:20:45,R_9YmqBI6fDtep1vE,,,,,,,test,,1,2,2,,,,,,,,,,,,,,9.54,9.93,9.58,27,6.03,9.81,6.44,12,"2,3",99,26,94,32,51,,,,,,,,,,,,,,,,,,,,,,,,,,,,,,2,1,80,2,,Nullam dictumst morbi elit fusce vivamus ut scelerisque natoque gravida erat metus felis nibh.,1,,,,,,FL_39,FL_94,,,,Q155|vA_sue_AV_intv|vB_mf_sue_AV_intv,Q158|vA_cntf_AV_intv|avoid_AV_intv|vB_cntf_AV_intv,,,,
2024-06-12 14:20:45,2024-06-12 14:20:45,2,,100,0,1,2024-06-12 14:20:45,R_bOdrridsChDTrAG,,,,,,,test,,1,1,1,,,,,,,,,,,,,,,,,,,,,,,,,,,,,,,,,,,,,,,,,,,,,,,,,,,,,,,,,,,,,,,,,,,,,,,,,,,,,,,
2024-06-12 14:20:45,2024-06-12 14:20:45,2,,100,0,1,2024-06-12 14:20:45,R_7VZeBglCzhCnUpM,,,,,,,test,,2,,,,,,,,,,,,,,,,,,,,,,,,,,,,,,,,,,,,,,,,,,,,,,,,,,,,,,,,,,,,,,,,,,,,,,,,,,,,,,,,,
2024-06-12 14:20:46,2024-06-12 14:20:46,2,,100,0,1,2024-06-12 14:20:46,R_4INO5Tc33O1n7VA,,,,,,,test,,1,4,2,,,,,,,,,,,,,,,,,,,,,,,,,,,,,,,,,,,,,,,,,,,,,,,,,,,,,,,,,,,,,,,,,,,,,,,,,,,,,,,
2024-06-12 14:20:46,2024-06-12 14:20:46,2,,100,0,1,2024-06-12 14:20:46,R_0rcrkqmY4clLDPo,,,,,,,test,,2,,,,,,,,,,,,,,,,,,,,,,,,,,,,,,,,,,,,,,,,,,,,,,,,,,,,,,,,,,,,,,,,,,,,,,,,,,,,,,,,,
2024-06-12 14:20:46,2024-06-12 14:20:46,2,,100,0,1,2024-06-12 14:20:46,R_bsyvtweV8NJLe1U,,,,,,,test,,1,4,1,,,,,,,,,,,,,,,,,,,,,,,,,,,,,,,,,,,,,,,,,,,,,,,,,,,,,,,,,,,,,,,,,,,,,,,,,,,,,,,
2024-06-12 14:20:46,2024-06-12 14:20:47,2,,100,1,1,2024-06-12 14:20:47,R_0Jl1mY5mvXUvchM,,,,,,,test,,1,2,2,,,,,,,,,,,,,,6.63,9.44,7.87,14,4.21,4.96,4.3,16,"2,3",4,85,51,75,71,,,,,,,,,,,,,,,,,,,,,,,,,,,,,,2,1,14,1,,"Dignissim, fusce egestas id wisi sodales potenti facilisis mattis a metus. Nibh tellus.",2,,,,,,FL_39,FL_94,,,,Q155|vA_sue_AV_intv|vB_mf_sue_AV_intv,Q158|avoid_AV_intv|vB_cntf_AV_intv|vA_cntf_AV_intv,,,,
2024-06-12 14:20:47,2024-06-12 14:20:47,2,,100,0,1,2024-06-12 14:20:47,R_5AYFlWmThizVQDY,,,,,,,test,,2,,,,,,,,,,,,,,,,,,,,,,,,,,,,,,,,,,,,,,,,,,,,,,,,,,,,,,,,,,,,,,,,,,,,,,,,,,,,,,,,,
2024-06-12 14:20:47,2024-06-12 14:20:47,2,,100,0,1,2024-06-12 14:20:47,R_87GWnsfeEXzYsJw,,,,,,,test,,2,,,,,,,,,,,,,,,,,,,,,,,,,,,,,,,,,,,,,,,,,,,,,,,,,,,,,,,,,,,,,,,,,,,,,,,,,,,,,,,,,
2024-06-12 14:20:47,2024-06-12 14:20:47,2,,100,0,1,2024-06-12 14:20:48,R_9tpMwVSoiwM3FGK,,,,,,,test,,2,,,,,,,,,,,,,,,,,,,,,,,,,,,,,,,,,,,,,,,,,,,,,,,,,,,,,,,,,,,,,,,,,,,,,,,,,,,,,,,,,
2024-06-12 14:20:48,2024-06-12 14:20:48,2,,100,0,1,2024-06-12 14:20:48,R_00Mr8odSvIuY1ts,,,,,,,test,,2,,,,,,,,,,,,,,,,,,,,,,,,,,,,,,,,,,,,,,,,,,,,,,,,,,,,,,,,,,,,,,,,,,,,,,,,,,,,,,,,,
2024-06-12 14:20:48,2024-06-12 14:20:48,2,,100,0,1,2024-06-12 14:20:48,R_5go6NGDhwIERb1A,,,,,,,test,,1,3,1,,,,,,,,,,,,,,,,,,,,,,,,,,,,,,,,,,,,,,,,,,,,,,,,,,,,,,,,,,,,,,,,,,,,,,,,,,,,,,,
2024-06-12 14:20:48,2024-06-12 14:20:48,2,,100,0,1,2024-06-12 14:20:48,R_eJpC8F40nWrF61E,,,,,,,test,,1,3,2,,,,,,,,,,,,,,,,,,,,,,,,,,,,,,,,,,,,,,,,,,,,,,,,,,,,,,,,,,,,,,,,,,,,,,,,,,,,,,,
2024-06-12 14:20:48,2024-06-12 14:20:48,2,,100,0,1,2024-06-12 14:20:49,R_bxxqfxLIKHWuRAa,,,,,,,test,,2,,,,,,,,,,,,,,,,,,,,,,,,,,,,,,,,,,,,,,,,,,,,,,,,,,,,,,,,,,,,,,,,,,,,,,,,,,,,,,,,,
2024-06-12 14:20:49,2024-06-12 14:20:49,2,,100,0,1,2024-06-12 14:20:49,R_ezmkw0clgAbDU0e,,,,,,,test,,2,,,,,,,,,,,,,,,,,,,,,,,,,,,,,,,,,,,,,,,,,,,,,,,,,,,,,,,,,,,,,,,,,,,,,,,,,,,,,,,,,
2024-06-12 14:20:49,2024-06-12 14:20:49,2,,100,0,1,2024-06-12 14:20:49,R_3drVteIWr7kZrEi,,,,,,,test,,2,,,,,,,,,,,,,,,,,,,,,,,,,,,,,,,,,,,,,,,,,,,,,,,,,,,,,,,,,,,,,,,,,,,,,,,,,,,,,,,,,
2024-06-12 14:20:49,2024-06-12 14:20:49,2,,100,0,1,2024-06-12 14:20:49,R_3JmBW7MQQvwNxpY,,,,,,,test,,1,4,2,,,,,,,,,,,,,,,,,,,,,,,,,,,,,,,,,,,,,,,,,,,,,,,,,,,,,,,,,,,,,,,,,,,,,,,,,,,,,,,
2024-06-12 14:20:49,2024-06-12 14:20:49,2,,100,0,1,2024-06-12 14:20:50,R_bkY9BJ0X9W6VvfM,,,,,,,test,,1,1,2,,,,,,,,,,,,,,,,,,,,,,,,,,,,,,,,,,,,,,,,,,,,,,,,,,,,,,,,,,,,,,,,,,,,,,,,,,,,,,,
2024-06-12 14:20:50,2024-06-12 14:20:50,2,,100,0,1,2024-06-12 14:20:50,R_4VjnVE4tK8VRHMO,,,,,,,test,,1,4,2,,,,,,,,,,,,,,,,,,,,,,,,,,,,,,,,,,,,,,,,,,,,,,,,,,,,,,,,,,,,,,,,,,,,,,,,,,,,,,,
2024-06-12 14:20:50,2024-06-12 14:20:50,2,,100,0,1,2024-06-12 14:20:50,R_efy6S3ycuAxDb9Q,,,,,,,test,,2,,,,,,,,,,,,,,,,,,,,,,,,,,,,,,,,,,,,,,,,,,,,,,,,,,,,,,,,,,,,,,,,,,,,,,,,,,,,,,,,,
2024-06-12 14:20:50,2024-06-12 14:20:50,2,,100,0,1,2024-06-12 14:20:50,R_dd0O9SPyhl7AbX0,,,,,,,test,,1,2,1,,,,,,,,,,,,,,,,,,,,,,,,,,,,,,,,,,,,,,,,,,,,,,,,,,,,,,,,,,,,,,,,,,,,,,,,,,,,,,,
2024-06-12 14:20:51,2024-06-12 14:20:51,2,,100,0,1,2024-06-12 14:20:51,R_42amMEmGIqdryWq,,,,,,,test,,1,1,1,,,,,,,,,,,,,,,,,,,,,,,,,,,,,,,,,,,,,,,,,,,,,,,,,,,,,,,,,,,,,,,,,,,,,,,,,,,,,,,
2024-06-12 14:20:51,2024-06-12 14:20:51,2,,100,0,1,2024-06-12 14:20:51,R_0kdxjDV9JnnxUdo,,,,,,,test,,1,4,2,,,,,,,,,,,,,,,,,,,,,,,,,,,,,,,,,,,,,,,,,,,,,,,,,,,,,,,,,,,,,,,,,,,,,,,,,,,,,,,
2024-06-12 14:20:51,2024-06-12 14:20:51,2,,100,0,1,2024-06-12 14:20:51,R_eK8YHh3pcrWsK3k,,,,,,,test,,1,3,2,,,,,,,,,,,,,,,,,,,,,,,,,,,,,,,,,,,,,,,,,,,,,,,,,,,,,,,,,,,,,,,,,,,,,,,,,,,,,,,
2024-06-12 14:20:51,2024-06-12 14:20:52,2,,100,1,1,2024-06-12 14:20:52,R_6uq14He4ssMC6sS,,,,,,,test,,1,2,2,,,,,,,,,,,,,,,,,,,,,,,,,,,,,,,,,,,,,,,,,,5.96,9.88,7.19,40,3.58,4.11,5.14,23,"3,4",66,45,3,4,84,52,2,1,40,4,Mattis! Risus tortor sapien? Dictumst dignissim imperdiet quam massa ligula accumsan? In ligula dolorem diam.,"Dui sem lorem sollicitudin malesuada augue culpa pretium, placerat? Sodales massa nonummy.",1,,,,,,FL_40,,FL_100,,,,,,,Q164|vB_sue_intv|vA_sue_intv|vB_mf_sue_intv,Q167|vA_cntf_intv|avoid_intv|vB_cntf_intv
2024-06-12 14:20:52,2024-06-12 14:20:52,2,,100,0,1,2024-06-12 14:20:52,R_dm5TyJLJhiDXTH8,,,,,,,test,,1,3,1,,,,,,,,,,,,,,,,,,,,,,,,,,,,,,,,,,,,,,,,,,,,,,,,,,,,,,,,,,,,,,,,,,,,,,,,,,,,,,,
2024-06-12 14:20:52,2024-06-12 14:20:52,2,,100,0,1,2024-06-12 14:20:52,R_6zMbXmiKPqLMW6q,,,,,,,test,,2,,,,,,,,,,,,,,,,,,,,,,,,,,,,,,,,,,,,,,,,,,,,,,,,,,,,,,,,,,,,,,,,,,,,,,,,,,,,,,,,,
2024-06-12 14:20:53,2024-06-12 14:20:53,2,,100,0,1,2024-06-12 14:20:53,R_1XHOn0VN1W2FVtA,,,,,,,test,,2,,,,,,,,,,,,,,,,,,,,,,,,,,,,,,,,,,,,,,,,,,,,,,,,,,,,,,,,,,,,,,,,,,,,,,,,,,,,,,,,,
2024-06-12 14:20:53,2024-06-12 14:20:53,2,,100,0,1,2024-06-12 14:20:53,R_doL79WKdPvnhRGu,,,,,,,test,,1,2,1,,,,,,,,,,,,,,,,,,,,,,,,,,,,,,,,,,,,,,,,,,,,,,,,,,,,,,,,,,,,,,,,,,,,,,,,,,,,,,,
2024-06-12 14:20:53,2024-06-12 14:20:53,2,,100,0,1,2024-06-12 14:20:53,R_ebWO6rp0HuT2VcW,,,,,,,test,,1,1,2,,,,,,,,,,,,,,,,,,,,,,,,,,,,,,,,,,,,,,,,,,,,,,,,,,,,,,,,,,,,,,,,,,,,,,,,,,,,,,,
2024-06-12 14:20:53,2024-06-12 14:20:53,2,,100,0,1,2024-06-12 14:20:54,R_ezzATQwlXcq4Qm2,,,,,,,test,,2,,,,,,,,,,,,,,,,,,,,,,,,,,,,,,,,,,,,,,,,,,,,,,,,,,,,,,,,,,,,,,,,,,,,,,,,,,,,,,,,,
2024-06-12 14:20:54,2024-06-12 14:20:54,2,,100,0,1,2024-06-12 14:20:54,R_3CNH9DOtAnV8rFs,,,,,,,test,,2,,,,,,,,,,,,,,,,,,,,,,,,,,,,,,,,,,,,,,,,,,,,,,,,,,,,,,,,,,,,,,,,,,,,,,,,,,,,,,,,,
2024-06-12 14:20:54,2024-06-12 14:20:54,2,,100,0,1,2024-06-12 14:20:54,R_eG1v7IavBRkWpim,,,,,,,test,,1,1,2,,,,,,,,,,,,,,,,,,,,,,,,,,,,,,,,,,,,,,,,,,,,,,,,,,,,,,,,,,,,,,,,,,,,,,,,,,,,,,,
2024-06-12 14:20:54,2024-06-12 14:20:54,2,,100,0,1,2024-06-12 14:20:54,R_9obKUMdlavMHPAq,,,,,,,test,,2,,,,,,,,,,,,,,,,,,,,,,,,,,,,,,,,,,,,,,,,,,,,,,,,,,,,,,,,,,,,,,,,,,,,,,,,,,,,,,,,,
2024-06-12 14:20:54,2024-06-12 14:20:54,2,,100,0,1,2024-06-12 14:20:55,R_6fnm8anBynCww9U,,,,,,,test,,1,2,1,,,,,,,,,,,,,,,,,,,,,,,,,,,,,,,,,,,,,,,,,,,,,,,,,,,,,,,,,,,,,,,,,,,,,,,,,,,,,,,
2024-06-12 14:20:55,2024-06-12 14:20:55,2,,100,0,1,2024-06-12 14:20:55,R_0AK9JdUnVZjg4zc,,,,,,,test,,1,4,2,,,,,,,,,,,,,,,,,,,,,,,,,,,,,,,,,,,,,,,,,,,,,,,,,,,,,,,,,,,,,,,,,,,,,,,,,,,,,,,
2024-06-12 14:20:55,2024-06-12 14:20:55,2,,100,0,1,2024-06-12 14:20:55,R_2i6U0JVAB703Wlw,,,,,,,test,,2,,,,,,,,,,,,,,,,,,,,,,,,,,,,,,,,,,,,,,,,,,,,,,,,,,,,,,,,,,,,,,,,,,,,,,,,,,,,,,,,,
2024-06-12 14:20:55,2024-06-12 14:20:55,2,,100,0,1,2024-06-12 14:20:55,R_0JHZMcZ3QYsvX70,,,,,,,test,,1,1,2,,,,,,,,,,,,,,,,,,,,,,,,,,,,,,,,,,,,,,,,,,,,,,,,,,,,,,,,,,,,,,,,,,,,,,,,,,,,,,,
2024-06-12 14:20:55,2024-06-12 14:20:55,2,,100,0,1,2024-06-12 14:20:56,R_b7bJPkVMuoLWXwq,,,,,,,test,,2,,,,,,,,,,,,,,,,,,,,,,,,,,,,,,,,,,,,,,,,,,,,,,,,,,,,,,,,,,,,,,,,,,,,,,,,,,,,,,,,,
2024-06-12 14:20:56,2024-06-12 14:20:56,2,,100,0,1,2024-06-12 14:20:56,R_25CqUpyjyv1e7iK,,,,,,,test,,1,3,1,,,,,,,,,,,,,,,,,,,,,,,,,,,,,,,,,,,,,,,,,,,,,,,,,,,,,,,,,,,,,,,,,,,,,,,,,,,,,,,
2024-06-12 14:20:56,2024-06-12 14:20:56,2,,100,0,1,2024-06-12 14:20:56,R_cZRz1Bqtp5xUpvg,,,,,,,test,,1,2,1,,,,,,,,,,,,,,,,,,,,,,,,,,,,,,,,,,,,,,,,,,,,,,,,,,,,,,,,,,,,,,,,,,,,,,,,,,,,,,,
2024-06-12 14:20:56,2024-06-12 14:20:56,2,,100,0,1,2024-06-12 14:20:56,R_ehCOxTOarH43xT8,,,,,,,test,,2,,,,,,,,,,,,,,,,,,,,,,,,,,,,,,,,,,,,,,,,,,,,,,,,,,,,,,,,,,,,,,,,,,,,,,,,,,,,,,,,,
2024-06-12 14:20:57,2024-06-12 14:20:57,2,,100,0,1,2024-06-12 14:20:57,R_2bIdVozuD316yzA,,,,,,,test,,2,,,,,,,,,,,,,,,,,,,,,,,,,,,,,,,,,,,,,,,,,,,,,,,,,,,,,,,,,,,,,,,,,,,,,,,,,,,,,,,,,
2024-06-12 14:20:57,2024-06-12 14:20:57,2,,100,0,1,2024-06-12 14:20:57,R_eyMSB1V469wDwbk,,,,,,,test,,1,1,2,,,,,,,,,,,,,,,,,,,,,,,,,,,,,,,,,,,,,,,,,,,,,,,,,,,,,,,,,,,,,,,,,,,,,,,,,,,,,,,
2024-06-12 14:20:57,2024-06-12 14:20:57,2,,100,0,1,2024-06-12 14:20:57,R_5mOrX8xksA8KHFY,,,,,,,test,,1,1,1,,,,,,,,,,,,,,,,,,,,,,,,,,,,,,,,,,,,,,,,,,,,,,,,,,,,,,,,,,,,,,,,,,,,,,,,,,,,,,,
2024-06-12 14:20:57,2024-06-12 14:20:57,2,,100,0,1,2024-06-12 14:20:58,R_2nITGjQyCVa8IoC,,,,,,,test,,1,3,2,,,,,,,,,,,,,,,,,,,,,,,,,,,,,,,,,,,,,,,,,,,,,,,,,,,,,,,,,,,,,,,,,,,,,,,,,,,,,,,
2024-06-12 14:20:58,2024-06-12 14:20:58,2,,100,0,1,2024-06-12 14:20:58,R_3Oe2pbmyJuIhgXA,,,,,,,test,,2,,,,,,,,,,,,,,,,,,,,,,,,,,,,,,,,,,,,,,,,,,,,,,,,,,,,,,,,,,,,,,,,,,,,,,,,,,,,,,,,,
2024-06-12 14:20:58,2024-06-12 14:20:58,2,,100,0,1,2024-06-12 14:20:58,R_bkB27nWjJ4CqsBM,,,,,,,test,,2,,,,,,,,,,,,,,,,,,,,,,,,,,,,,,,,,,,,,,,,,,,,,,,,,,,,,,,,,,,,,,,,,,,,,,,,,,,,,,,,,
2024-06-12 14:20:58,2024-06-12 14:20:58,2,,100,0,1,2024-06-12 14:20:58,R_6fFdd5F2z3jbuMm,,,,,,,test,,1,2,2,,,,,,,,,,,,,,,,,,,,,,,,,,,,,,,,,,,,,,,,,,9.63,9.8,9.63,40,0.77,2.88,8.08,47,"2,3",5,24,24,66,67,33,2,1,39,1,,Pede iaculis enim quam dignissim ac fringilla. Laoreet elementum. Phasellus cursus mattis leo! Ac. Nullam.,8,"Integer sagittis? Porttitor per, massa! Vulputate fermentum rutrum facilisis sed. Platea nonummy sodales nullam placerat.",,,,,FL_40,,FL_100,,,,,,,Q164|vA_sue_intv|vB_sue_intv|vB_mf_sue_intv,Q167|vA_cntf_intv|avoid_intv|vB_cntf_intv
2024-06-12 14:20:59,2024-06-12 14:20:59,2,,100,0,1,2024-06-12 14:20:59,R_7aMRR3olBSnSqy2,,,,,,,test,,1,4,2,,,,,,,,,,,,,,,,,,,,,,,,,,,,,,,,,,,,,,,,,,,,,,,,,,,,,,,,,,,,,,,,,,,,,,,,,,,,,,,
2024-06-12 14:20:59,2024-06-12 14:20:59,2,,100,0,1,2024-06-12 14:20:59,R_ctD5dv8NjlK3UWi,,,,,,,test,,2,,,,,,,,,,,,,,,,,,,,,,,,,,,,,,,,,,,,,,,,,,,,,,,,,,,,,,,,,,,,,,,,,,,,,,,,,,,,,,,,,
2024-06-12 14:20:59,2024-06-12 14:20:59,2,,100,0,1,2024-06-12 14:20:59,R_e5UUtjvRyRnttJA,,,,,,,test,,2,,,,,,,,,,,,,,,,,,,,,,,,,,,,,,,,,,,,,,,,,,,,,,,,,,,,,,,,,,,,,,,,,,,,,,,,,,,,,,,,,
2024-06-12 14:20:59,2024-06-12 14:20:59,2,,100,0,1,2024-06-12 14:20:59,R_50FJcxue4rYUKcC,,,,,,,test,,1,4,1,,,,,,,,,,,,,,,,,,,,,,,,,,,,,,,,,,,,,,,,,,,,,,,,,,,,,,,,,,,,,,,,,,,,,,,,,,,,,,,
2024-06-12 14:21:00,2024-06-12 14:21:00,2,,100,0,1,2024-06-12 14:21:00,R_eo3wW0NRBcRZi62,,,,,,,test,,1,2,1,,,,,,,,,,,,,,,,,,,,,,,,,,,,,,,,,,,,,,,,,,,,,,,,,,,,,,,,,,,,,,,,,,,,,,,,,,,,,,,
2024-06-12 14:21:00,2024-06-12 14:21:00,2,,100,0,1,2024-06-12 14:21:00,R_cHmMPT8SbqjXhOK,,,,,,,test,,1,2,1,,,,,,,,,,,,,,,,,,,,,,,,,,,,,,,,,,,,,,,,,,,,,,,,,,,,,,,,,,,,,,,,,,,,,,,,,,,,,,,
2024-06-12 14:21:00,2024-06-12 14:21:00,2,,100,0,1,2024-06-12 14:21:00,R_7PQ8tvFfrZpsVtI,,,,,,,test,,1,3,2,,,,,,,,,,,,,,,,,,,,,,,,,,,,,,,,,,,,,,,,,,,,,,,,,,,,,,,,,,,,,,,,,,,,,,,,,,,,,,,
2024-06-12 14:21:00,2024-06-12 14:21:00,2,,100,0,1,2024-06-12 14:21:01,R_6l3MibgvaLqcxqS,,,,,,,test,,1,4,1,,,,,,,,,,,,,,,,,,,,,,,,,,,,,,,,,,,,,,,,,,,,,,,,,,,,,,,,,,,,,,,,,,,,,,,,,,,,,,,
2024-06-12 14:21:01,2024-06-12 14:21:01,2,,100,0,1,2024-06-12 14:21:01,R_2sLN4QrgRJeKQ6i,,,,,,,test,,1,3,2,,,,,,,,,,,,,,,,,,,,,,,,,,,,,,,,,,,,,,,,,,,,,,,,,,,,,,,,,,,,,,,,,,,,,,,,,,,,,,,
2024-06-12 14:21:01,2024-06-12 14:21:01,2,,100,0,1,2024-06-12 14:21:02,R_bE2L5wKaLXznhdA,,,,,,,test,,1,2,2,2.44,6.07,7.7,6,4.37,7.4,7.65,39,53,48,57,44,79,,,,,,,,,,,,,,,,,,,,,,,,,,,,,,,,,,,,,,,,,,,,2,2,25,2,,"Tortor nunc consectetuer, at molestie? Fermentum ultrices venenatis urna suscipit tempor.",8,Rhoncus mattis ipsum mauris eros mauris pellentesque. Fringilla nulla a per faucibus viverra metus. Purus.,,,,,FL_39,FL_93,,Q116|vA_sue_AV|vB_mf_sue_AV,Q122|avoid_AV|vA_cntf_AV|vB_cntf_AV,,,,,,
2024-06-12 14:21:02,2024-06-12 14:21:02,2,,100,0,1,2024-06-12 14:21:02,R_720dfjVzizGvX0O,,,,,,,test,,2,,,,,,,,,,,,,,,,,,,,,,,,,,,,,,,,,,,,,,,,,,,,,,,,,,,,,,,,,,,,,,,,,,,,,,,,,,,,,,,,,
2024-06-12 14:21:02,2024-06-12 14:21:02,2,,100,0,1,2024-06-12 14:21:02,R_1NyhGMWxstIViKy,,,,,,,test,,1,1,1,,,,,,,,,,,,,,,,,,,,,,,,,,,,,,,,,,,,,,,,,,,,,,,,,,,,,,,,,,,,,,,,,,,,,,,,,,,,,,,
2024-06-12 14:21:02,2024-06-12 14:21:02,2,,100,0,1,2024-06-12 14:21:02,R_8oXkMKgp89sD9T8,,,,,,,test,,2,,,,,,,,,,,,,,,,,,,,,,,,,,,,,,,,,,,,,,,,,,,,,,,,,,,,,,,,,,,,,,,,,,,,,,,,,,,,,,,,,
2024-06-12 14:21:02,2024-06-12 14:21:02,2,,100,0,1,2024-06-12 14:21:03,R_aahBLoGDBEcp0Qm,,,,,,,test,,2,,,,,,,,,,,,,,,,,,,,,,,,,,,,,,,,,,,,,,,,,,,,,,,,,,,,,,,,,,,,,,,,,,,,,,,,,,,,,,,,,
2024-06-12 14:21:03,2024-06-12 14:21:03,2,,100,0,1,2024-06-12 14:21:03,R_4PgEGNTCtyMChX8,,,,,,,test,,1,1,1,,,,,,,,,,,,,,,,,,,,,,,,,,,,,,,,,,,,,,,,,,,,,,,,,,,,,,,,,,,,,,,,,,,,,,,,,,,,,,,
2024-06-12 14:21:03,2024-06-12 14:21:03,2,,100,0,1,2024-06-12 14:21:03,R_6QE7dAZ7kQVknFI,,,,,,,test,,2,,,,,,,,,,,,,,,,,,,,,,,,,,,,,,,,,,,,,,,,,,,,,,,,,,,,,,,,,,,,,,,,,,,,,,,,,,,,,,,,,
2024-06-12 14:21:03,2024-06-12 14:21:04,2,,100,1,1,2024-06-12 14:21:04,R_87lrLeI0ek9HBUa,,,,,,,test,,1,2,2,,,,,,,,,,,,,,,,,,,,,,,,,,,,,,,,,,,,,,,,,,8.49,9.11,8.86,0,2.55,4.01,8.56,45,"2,4",9,52,45,92,61,5,1,1,68,3,,Facilisis malesuada convallis proin auctor odio at ac sapien ante elementum laoreet eget.,5,,,,,,FL_40,,FL_100,,,,,,,Q164|vA_sue_intv|vB_mf_sue_intv|vB_sue_intv,Q167|avoid_intv|vB_cntf_intv|vA_cntf_intv
2024-06-12 14:21:04,2024-06-12 14:21:04,2,,100,0,1,2024-06-12 14:21:04,R_6LqQ52yYVYTL7LM,,,,,,,test,,1,3,2,,,,,,,,,,,,,,,,,,,,,,,,,,,,,,,,,,,,,,,,,,,,,,,,,,,,,,,,,,,,,,,,,,,,,,,,,,,,,,,
2024-06-12 14:21:04,2024-06-12 14:21:05,2,,100,1,1,2024-06-12 14:21:05,R_23TM1tQYAEEiZqS,,,,,,,test,,1,2,2,,,,,,,,,,,,,,4.29,4.41,8.46,35,9.49,9.6,9.71,24,"1,3",31,30,56,6,38,,,,,,,,,,,,,,,,,,,,,,,,,,,,,,2,1,71,1,,Dapibus nullam bibendum posuere curabitur fusce dignissim! Suscipit elementum auctor.,3,,,,,,FL_39,FL_94,,,,Q155|vA_sue_AV_intv|vB_mf_sue_AV_intv,Q158|vA_cntf_AV_intv|avoid_AV_intv|vB_cntf_AV_intv,,,,
2024-06-12 14:21:05,2024-06-12 14:21:05,2,,100,0,1,2024-06-12 14:21:05,R_7Pt8yLvkMG3fK50,,,,,,,test,,1,2,2,,,,,,,,,,,,,,,,,,,,,,,,,,,,,,,,,,,,,,,,,,0.71,1.32,8.49,9,4.4,4.88,9.48,3,"2,4",6,49,17,44,35,68,2,1,50,1,,Ultricies arcu eleifend per in malesuada dapibus sapien vivamus dictumst imperdiet.,2,,,,,,FL_40,,FL_100,,,,,,,Q164|vA_sue_intv|vB_sue_intv|vB_mf_sue_intv,Q167|avoid_intv|vB_cntf_intv|vA_cntf_intv
2024-06-12 14:21:05,2024-06-12 14:21:05,2,,100,0,1,2024-06-12 14:21:05,R_ba4dsFmz197uKiO,,,,,,,test,,2,,,,,,,,,,,,,,,,,,,,,,,,,,,,,,,,,,,,,,,,,,,,,,,,,,,,,,,,,,,,,,,,,,,,,,,,,,,,,,,,,
2024-06-12 14:21:06,2024-06-12 14:21:06,2,,100,0,1,2024-06-12 14:21:06,R_1LnPGniD8y4hUiO,,,,,,,test,,1,4,2,,,,,,,,,,,,,,,,,,,,,,,,,,,,,,,,,,,,,,,,,,,,,,,,,,,,,,,,,,,,,,,,,,,,,,,,,,,,,,,
2024-06-12 14:21:06,2024-06-12 14:21:06,2,,100,0,1,2024-06-12 14:21:06,R_beFV2xGuuH41Eea,,,,,,,test,,2,,,,,,,,,,,,,,,,,,,,,,,,,,,,,,,,,,,,,,,,,,,,,,,,,,,,,,,,,,,,,,,,,,,,,,,,,,,,,,,,,
2024-06-12 14:21:06,2024-06-12 14:21:07,2,,100,1,1,2024-06-12 14:21:07,R_001v3IDR3KMvnam,,,,,,,test,,1,2,2,6.24,7.19,9.62,32,5.83,7.57,7.03,19,44,17,40,20,64,,,,,,,,,,,,,,,,,,,,,,,,,,,,,,,,,,,,,,,,,,,,1,1,29,1,,"Porta sit per. Facilisis arcu vitae venenatis atque curabitur, temporibus nunc dolor euismod.",2,,,,,,FL_39,FL_93,,Q116|vB_mf_sue_AV|vA_sue_AV,Q122|vB_cntf_AV|vA_cntf_AV|avoid_AV,,,,,,
2024-06-12 14:21:07,2024-06-12 14:21:07,2,,100,0,1,2024-06-12 14:21:07,R_eeq2cWAv2mbWhNA,,,,,,,test,,2,,,,,,,,,,,,,,,,,,,,,,,,,,,,,,,,,,,,,,,,,,,,,,,,,,,,,,,,,,,,,,,,,,,,,,,,,,,,,,,,,
2024-06-12 14:21:07,2024-06-12 14:21:07,2,,100,0,1,2024-06-12 14:21:07,R_eQX4YHfxor3h7Lw,,,,,,,test,,1,1,2,,,,,,,,,,,,,,,,,,,,,,,,,,,,,,,,,,,,,,,,,,,,,,,,,,,,,,,,,,,,,,,,,,,,,,,,,,,,,,,
2024-06-12 14:21:07,2024-06-12 14:21:07,2,,100,0,1,2024-06-12 14:21:07,R_8vuj1g4BrZxB8nI,,,,,,,test,,2,,,,,,,,,,,,,,,,,,,,,,,,,,,,,,,,,,,,,,,,,,,,,,,,,,,,,,,,,,,,,,,,,,,,,,,,,,,,,,,,,
2024-06-12 14:21:08,2024-06-12 14:21:08,2,,100,0,1,2024-06-12 14:21:08,R_08jk7tBBhqN9jo2,,,,,,,test,,2,,,,,,,,,,,,,,,,,,,,,,,,,,,,,,,,,,,,,,,,,,,,,,,,,,,,,,,,,,,,,,,,,,,,,,,,,,,,,,,,,
2024-06-12 14:21:08,2024-06-12 14:21:08,2,,100,0,1,2024-06-12 14:21:08,R_0D0OqCOrNPBnc58,,,,,,,test,,2,,,,,,,,,,,,,,,,,,,,,,,,,,,,,,,,,,,,,,,,,,,,,,,,,,,,,,,,,,,,,,,,,,,,,,,,,,,,,,,,,
2024-06-12 14:21:08,2024-06-12 14:21:08,2,,100,0,1,2024-06-12 14:21:08,R_5pErHP6YEq1BQZE,,,,,,,test,,1,2,1,,,,,,,,,,,,,,,,,,,,,,,,,,,,,,,,,,,,,,,,,,,,,,,,,,,,,,,,,,,,,,,,,,,,,,,,,,,,,,,
2024-06-12 14:21:08,2024-06-12 14:21:08,2,,100,0,1,2024-06-12 14:21:09,R_0IXoULLXD0QO2ea,,,,,,,test,,1,4,1,,,,,,,,,,,,,,,,,,,,,,,,,,,,,,,,,,,,,,,,,,,,,,,,,,,,,,,,,,,,,,,,,,,,,,,,,,,,,,,
2024-06-12 14:21:09,2024-06-12 14:21:09,2,,100,0,1,2024-06-12 14:21:09,R_43cCWHJwRc2bhLU,,,,,,,test,,2,,,,,,,,,,,,,,,,,,,,,,,,,,,,,,,,,,,,,,,,,,,,,,,,,,,,,,,,,,,,,,,,,,,,,,,,,,,,,,,,,
2024-06-12 14:21:09,2024-06-12 14:21:09,2,,100,0,1,2024-06-12 14:21:09,R_a5Y2bni9yaNyD8q,,,,,,,test,,2,,,,,,,,,,,,,,,,,,,,,,,,,,,,,,,,,,,,,,,,,,,,,,,,,,,,,,,,,,,,,,,,,,,,,,,,,,,,,,,,,
2024-06-12 14:21:09,2024-06-12 14:21:09,2,,100,0,1,2024-06-12 14:21:10,R_20kcBRqaztT3OK2,,,,,,,test,,1,2,2,,,,,,,,,,,,,,,,,,,,,,,,,,,,,,,,,,,,,,,,,,8.67,9.54,8.88,39,6.47,8.85,8.37,34,"2,3",6,0,29,96,97,46,1,1,7,3,,Suspendisse. Laoreet. Dui tempus neque pellentesque sollicitudin mattis. Elementum egestas. Risus. Augue neque? Eget ante.,4,,,,,,FL_40,,FL_100,,,,,,,Q164|vB_mf_sue_intv|vA_sue_intv|vB_sue_intv,Q167|avoid_intv|vB_cntf_intv|vA_cntf_intv
