StartDate,EndDate,Status,IPAddress,Progress,Duration (in seconds),Finished,RecordedDate,ResponseId,RecipientLastName,RecipientFirstName,RecipientEmail,ExternalReference,LocationLatitude,LocationLongitude,DistributionChannel,UserLanguage,consent_q,att1,att2,Q88_First Click,Q88_Last Click,Q88_Page Submit,Q88_Click Count,Q84_First Click,Q84_Last Click,Q84_Page Submit,Q84_Click Count,vA_liab_AV_cnstr_1,vB_frm_liab_AV_cnstr_1,vA_cntrfctl_AV_cnstr_1,vB_cntrfctl_AV_cnstr_1,avoid_AV_cnstr_1,Q87_First Click,Q87_Last Click,Q87_Page Submit,Q87_Click Count,Q82_First Click,Q82_Last Click,Q82_Page Submit,Q82_Click Count,vA_liab_cnstr_1,vB_drivr_liab_cnstr_1,vB_frm_liab_cnstr_1,vA_cntrfctl_cnstr_1,vB_cntrfctl_cnstr_1,avoid_cnstr_1,Q228_First Click,Q228_Last Click,Q228_Page Submit,Q228_Click Count,Q230_First Click,Q230_Last Click,Q230_Page Submit,Q230_Click Count,vA_liab_AV_1,vB_frm_liab_AV_1,vA_cntrfctl_AV_1,vB_cntrfctl_AV_1,avoid_AV_1,Q240_First Click,Q240_Last Click,Q240_Page Submit,Q240_Click Count,Q242_First Click,Q242_Last Click,Q242_Page Submit,Q242_Click Count,vA_liab_1,vB_drivr_liab_1,vB_frm_liab_1,vA_cntrfctl_1,vB_cntrfctl_1,avoid_1,comp1,comp_accident,ai_familiarity_1,gender,gender_4_TEXT,age,edu,edu_8_TEXT,pol_affiliation_1,driving_ability_1,FL_4_DO,questions_1_AV_cnstr_DO,questions_2_AV_cnstr_DO,questions_1_cnstr_DO,questions_2_cnstr_DO,questions_1_AV_DO,questions_2_AV_DO,questions_1_DO,questions_2_DO,moderators_DO
Start Date,End Date,Response Type,IP Address,Progress,Duration (in seconds),Finished,Recorded Date,Response ID,Recipient Last Name,Recipient First Name,Recipient Email,External Data Reference,Location Latitude,Location Longitude,Distribution Channel,User Language,Do you consent,This is an attention check. John is taller than Paul. Who is shorter?,"What color is grass?



The fresh, uncut grass, not leaves or hay. Please make sure to select purple, so that we know you're paying attention.",Timing - First Click,Timing - Last Click,Timing - Page Submit,Timing - Click Count,Timing - First Click,Timing - Last Click,Timing - Page Submit,Timing - Click Count,"Please rate the extent to which you agree with the following statement (0=completely disagree, 100=completely agree):

 
How much do you agree: The driver of Vehicle A is liable for the serious injuries sustained by the occupant of Vehicle B. - 1","Please rate the extent to which you agree with the following statement (0=completely disagree, 100=completely agree):

How much do you agree: The manufacturer of Vehicle B is liable for the serious injuries sustained by the occupant of Vehicle B. - 1","Please rate the extent to which you agree with the following statement (0=completely disagree, 100=completely agree):

How much do you agree: When it comes to thinking about how the injury could have been avoided, it is relevant to consider what Vehicle A could have done differently. - 1","Please rate the extent to which you agree with the following statement (0=completely disagree, 100=completely agree):

How much do you agree: When it comes to thinking about how the injury could have been avoided, it is relevant to consider what Vehicle B could have done differently. - 1","Please rate the extent to which you agree with the following statement (0=completely disagree, 100=completely agree):

How much do you agree: Vehicle B could have done more to avoid the accident. - 1",Timing - First Click,Timing - Last Click,Timing - Page Submit,Timing - Click Count,Timing - First Click,Timing - Last Click,Timing - Page Submit,Timing - Click Count,"Please rate the extent to which you agree with the following statement (0=completely disagree, 100=completely agree):


How much do you agree: The driver of Vehicle A is liable for the serious injuries sustained by the occupant of Vehicle B. - 1","Please rate the extent to which you agree with the following statement (0=completely disagree, 100=completely agree):

How much do you agree: The driver of Vehicle B is liable for the serious injuries sustained by the occupant of Vehicle B. - 1","Please rate the extent to which you agree with the following statement (0=completely disagree, 100=completely agree):
 

How much do you agree: The manufacturer of Vehicle B is liable for the serious injuries sustained by the occupant of Vehicle B. - 1","Please rate the extent to which you agree with the following statement (0=completely disagree, 100=completely agree):




How much do you agree: When it comes to thinking about how the injury could have been avoided, it is relevant to consider what Vehicle A could have done differently. - 1","Please rate the extent to which you agree with the following statement (0=completely disagree, 100=completely agree):


How much do you agree: When it comes to thinking about how the injury could have been avoided, it is relevant to consider what Vehicle B could have done differently. - 1","Please rate the extent to which you agree with the following statement (0=completely disagree, 100=completely agree):


How much do you agree: Vehicle B could have done more to avoid the accident. - 1",Timing - First Click,Timing - Last Click,Timing - Page Submit,Timing - Click Count,Timing - First Click,Timing - Last Click,Timing - Page Submit,Timing - Click Count,"Please rate the extent to which you agree with the following statement (0=completely disagree, 100=completely agree):

 
How much do you agree: The driver of Vehicle A is liable for the serious injuries sustained by the occupant of Vehicle B. - 1","Please rate the extent to which you agree with the following statement (0=completely disagree, 100=completely agree):

How much do you agree: The manufacturer of Vehicle B is liable for the serious injuries sustained by the occupant of Vehicle B. - 1","Please rate the extent to which you agree with the following statement (0=completely disagree, 100=completely agree):

How much do you agree: When it comes to thinking about how the injury could have been avoided, it is relevant to consider what Vehicle A could have done differently. - 1","Please rate the extent to which you agree with the following statement (0=completely disagree, 100=completely agree):

How much do you agree: When it comes to thinking about how the injury could have been avoided, it is relevant to consider what Vehicle B could have done differently. - 1","Please rate the extent to which you agree with the following statement (0=completely disagree, 100=completely agree):

How much do you agree: Vehicle B could have done more to avoid the accident. - 1",Timing - First Click,Timing - Last Click,Timing - Page Submit,Timing - Click Count,Timing - First Click,Timing - Last Click,Timing - Page Submit,Timing - Click Count,"Please rate the extent to which you agree with the following statement (0=completely disagree, 100=completely agree):


How much do you agree: The driver of Vehicle A is liable for the serious injuries sustained by the occupant of Vehicle B. - 1","Please rate the extent to which you agree with the following statement (0=completely disagree, 100=completely agree):

How much do you agree: The driver of Vehicle B is liable for the serious injuries sustained by the occupant of Vehicle B. - 1","Please rate the extent to which you agree with the following statement (0=completely disagree, 100=completely agree):
 

How much do you agree: The manufacturer of Vehicle B is liable for the serious injuries sustained by the occupant of Vehicle B. - 1","Please rate the extent to which you agree with the following statement (0=completely disagree, 100=completely agree):




How much do you agree: When it comes to thinking about how the injury could have been avoided, it is relevant to consider what Vehicle A could have done differently. - 1","Please rate the extent to which you agree with the following statement (0=completely disagree, 100=completely agree):


How much do you agree: When it comes to thinking about how the injury could have been avoided, it is relevant to consider what Vehicle B could have done differently. - 1","Please rate the extent to which you agree with the following statement (0=completely disagree, 100=completely agree):


How much do you agree: Vehicle B could have done more to avoid the accident. - 1",Which of the following was true about Vehicle B?,Which of the following was true about the video?,"Before this survey, how familiar were you with autonomous vehicle accident prevention algorithms?",What is your gender? - Selected Choice,What is your gender? - Other (please specify) - Text,What is your age (in years)?,What is the highest level of education you have completed? - Selected Choice,What is the highest level of education you have completed? - Other (please specify) - Text,"What is your political affiliation? (0=Highly liberal, 50=Neither liberal nor conservative, 100=Highly conservative):","The following question is about fully autonomous self-driving cars, which are cars that are driven by a computer algorithm, and whose human occupants have no control of the vehicle.

Please rate the extent to which you agree with the following statement: 

How much do you agree: I am definitely a safer driver than a self-driving car.",FL_4 - Block Randomizer - Display Order,questions_1_AV_cnstr - Display Order,questions_2_AV_cnstr - Display Order,questions_1_cnstr - Display Order,questions_2_cnstr - Display Order,questions_1_AV - Display Order,questions_2_AV - Display Order,questions_1 - Display Order,questions_2 - Display Order,moderators - Display Order
"{""ImportId"":""startDate"",""timeZone"":""America/Denver""}","{""ImportId"":""endDate"",""timeZone"":""America/Denver""}","{""ImportId"":""status""}","{""ImportId"":""ipAddress""}","{""ImportId"":""progress""}","{""ImportId"":""duration""}","{""ImportId"":""finished""}","{""ImportId"":""recordedDate"",""timeZone"":""America/Denver""}","{""ImportId"":""_recordId""}","{""ImportId"":""recipientLastName""}","{""ImportId"":""recipientFirstName""}","{""ImportId"":""recipientEmail""}","{""ImportId"":""externalDataReference""}","{""ImportId"":""locationLatitude""}","{""ImportId"":""locationLongitude""}","{""ImportId"":""distributionChannel""}","{""ImportId"":""userLanguage""}","{""ImportId"":""QID60""}","{""ImportId"":""QID30""}","{""ImportId"":""QID31""}","{""ImportId"":""QID199_FIRST_CLICK""}","{""ImportId"":""QID199_LAST_CLICK""}","{""ImportId"":""QID199_PAGE_SUBMIT""}","{""ImportId"":""QID199_CLICK_COUNT""}","{""ImportId"":""QID201_FIRST_CLICK""}","{""ImportId"":""QID201_LAST_CLICK""}","{""ImportId"":""QID201_PAGE_SUBMIT""}","{""ImportId"":""QID201_CLICK_COUNT""}","{""ImportId"":""QID203_1""}","{""ImportId"":""QID204_1""}","{""ImportId"":""QID208_1""}","{""ImportId"":""QID209_1""}","{""ImportId"":""QID211_1""}","{""ImportId"":""QID214_FIRST_CLICK""}","{""ImportId"":""QID214_LAST_CLICK""}","{""ImportId"":""QID214_PAGE_SUBMIT""}","{""ImportId"":""QID214_CLICK_COUNT""}","{""ImportId"":""QID216_FIRST_CLICK""}","{""ImportId"":""QID216_LAST_CLICK""}","{""ImportId"":""QID216_PAGE_SUBMIT""}","{""ImportId"":""QID216_CLICK_COUNT""}","{""ImportId"":""QID166_1""}","{""ImportId"":""QID167_1""}","{""ImportId"":""QID168_1""}","{""ImportId"":""QID170_1""}","{""ImportId"":""QID171_1""}","{""ImportId"":""QID172_1""}","{""ImportId"":""QID228_FIRST_CLICK""}","{""ImportId"":""QID228_LAST_CLICK""}","{""ImportId"":""QID228_PAGE_SUBMIT""}","{""ImportId"":""QID228_CLICK_COUNT""}","{""ImportId"":""QID230_FIRST_CLICK""}","{""ImportId"":""QID230_LAST_CLICK""}","{""ImportId"":""QID230_PAGE_SUBMIT""}","{""ImportId"":""QID230_CLICK_COUNT""}","{""ImportId"":""QID232_1""}","{""ImportId"":""QID233_1""}","{""ImportId"":""QID235_1""}","{""ImportId"":""QID236_1""}","{""ImportId"":""QID237_1""}","{""ImportId"":""QID240_FIRST_CLICK""}","{""ImportId"":""QID240_LAST_CLICK""}","{""ImportId"":""QID240_PAGE_SUBMIT""}","{""ImportId"":""QID240_CLICK_COUNT""}","{""ImportId"":""QID242_FIRST_CLICK""}","{""ImportId"":""QID242_LAST_CLICK""}","{""ImportId"":""QID242_PAGE_SUBMIT""}","{""ImportId"":""QID242_CLICK_COUNT""}","{""ImportId"":""QID244_1""}","{""ImportId"":""QID245_1""}","{""ImportId"":""QID246_1""}","{""ImportId"":""QID248_1""}","{""ImportId"":""QID249_1""}","{""ImportId"":""QID250_1""}","{""ImportId"":""QID111""}","{""ImportId"":""QID96""}","{""ImportId"":""QID59_1""}","{""ImportId"":""QID12""}","{""ImportId"":""QID12_4_TEXT""}","{""ImportId"":""QID14_TEXT""}","{""ImportId"":""QID15""}","{""ImportId"":""QID15_8_TEXT""}","{""ImportId"":""QID218_1""}","{""ImportId"":""QID219_1""}","{""ImportId"":""FL_4_DO""}","{""ImportId"":""BL_eEi5AkmXDuQVqAK_DO""}","{""ImportId"":""BL_cvGeqPyU6eYO754_DO""}","{""ImportId"":""BL_9GfzF27Xb7bM06i_DO""}","{""ImportId"":""BL_7O2TnwoTMaIzhJ4_DO""}","{""ImportId"":""BL_73QSVZQ8dOSCYOa_DO""}","{""ImportId"":""BL_0BoPCbztLJ68f9s_DO""}","{""ImportId"":""BL_eXswUQ7YPY7H8V0_DO""}","{""ImportId"":""BL_dimQa7pDPVrCVAa_DO""}","{""ImportId"":""BL_afoIdENE1rqnOfk_DO""}"
2023-04-29 11:09:02,2023-04-29 11:09:02,2,,100,0,1,2023-04-29 11:09:03,R_6gIYYDX7bjAjEJU,,,,,,,test,,2,,,,,,,,,,,,,,,,,,,,,,,,,,,,,,,,,,,,,,,,,,,,,,,,,,,,,,,,,,,,,,,,,,,,,,,,,,,,
2023-04-29 11:09:03,2023-04-29 11:09:03,2,,100,0,1,2023-04-29 11:09:03,R_6oiGqr0kYCvmqyy,,,,,,,test,,2,,,,,,,,,,,,,,,,,,,,,,,,,,,,,,,,,,,,,,,,,,,,,,,,,,,,,,,,,,,,,,,,,,,,,,,,,,,,
2023-04-29 11:09:03,2023-04-29 11:09:03,2,,100,0,1,2023-04-29 11:09:03,R_0fhLZteVGzBn6oC,,,,,,,test,,2,,,,,,,,,,,,,,,,,,,,,,,,,,,,,,,,,,,,,,,,,,,,,,,,,,,,,,,,,,,,,,,,,,,,,,,,,,,,
2023-04-29 11:09:03,2023-04-29 11:09:03,2,,100,0,1,2023-04-29 11:09:04,R_8J5dy3EUU6bMhaC,,,,,,,test,,2,,,,,,,,,,,,,,,,,,,,,,,,,,,,,,,,,,,,,,,,,,,,,,,,,,,,,,,,,,,,,,,,,,,,,,,,,,,,
2023-04-29 11:09:04,2023-04-29 11:09:04,2,,100,0,1,2023-04-29 11:09:04,R_e9Th5Rgvd0MCuy2,,,,,,,test,,1,3,2,,,,,,,,,,,,,,,,,,,,,,,,,,,,,,,,,,,,,,,,,,,,,,,,,,,,,,,,,,,,,,,,,,,,,,,,,,
2023-04-29 11:09:04,2023-04-29 11:09:04,2,,100,0,1,2023-04-29 11:09:05,R_bdA821Ab64xS7KC,,,,,,,test,,2,,,,,,,,,,,,,,,,,,,,,,,,,,,,,,,,,,,,,,,,,,,,,,,,,,,,,,,,,,,,,,,,,,,,,,,,,,,,
2023-04-29 11:09:05,2023-04-29 11:09:05,2,,100,0,1,2023-04-29 11:09:05,R_dmV8zEk3jDsgrdk,,,,,,,test,,1,1,2,,,,,,,,,,,,,,,,,,,,,,,,,,,,,,,,,,,,,,,,,,,,,,,,,,,,,,,,,,,,,,,,,,,,,,,,,,
2023-04-29 11:09:05,2023-04-29 11:09:05,2,,100,0,1,2023-04-29 11:09:06,R_bKoQXFPs5cYwkqG,,,,,,,test,,1,2,2,,,,,,,,,,,,,,,,,,,,,,,,,,,,,,,,,,,,,,,,,3.95,6.85,4.37,35,6.91,9.46,7.07,13,43,97,29,25,30,71,2,2,8,4,"Maecenas lacus. At, facilisi culpa. Platea id diam, facilisis vestibulum ut urna gravida? Sit orci.",Quis tempus dictumst lorem rhoncus mattis potenti! Felis amet natoque ultrices. Tortor pede.,2,,,,FL_58,,,,,,,Q243|vA_liab|vB_frm_liab|vB_drivr_liab,Q247|vB_cntrfctl|vA_cntrfctl|avoid,
2023-04-29 11:09:06,2023-04-29 11:09:06,2,,100,0,1,2023-04-29 11:09:06,R_brWqhUfOdeA3pWK,,,,,,,test,,1,4,1,,,,,,,,,,,,,,,,,,,,,,,,,,,,,,,,,,,,,,,,,,,,,,,,,,,,,,,,,,,,,,,,,,,,,,,,,,
2023-04-29 11:09:06,2023-04-29 11:09:06,2,,100,0,1,2023-04-29 11:09:06,R_01gg6sSbp38qc06,,,,,,,test,,2,,,,,,,,,,,,,,,,,,,,,,,,,,,,,,,,,,,,,,,,,,,,,,,,,,,,,,,,,,,,,,,,,,,,,,,,,,,,
2023-04-29 11:09:07,2023-04-29 11:09:07,2,,100,0,1,2023-04-29 11:09:07,R_e4L02thRNaQg87Q,,,,,,,test,,1,4,2,,,,,,,,,,,,,,,,,,,,,,,,,,,,,,,,,,,,,,,,,,,,,,,,,,,,,,,,,,,,,,,,,,,,,,,,,,
2023-04-29 11:09:07,2023-04-29 11:09:07,2,,100,0,1,2023-04-29 11:09:07,R_a9sicXc0M0Wqg50,,,,,,,test,,2,,,,,,,,,,,,,,,,,,,,,,,,,,,,,,,,,,,,,,,,,,,,,,,,,,,,,,,,,,,,,,,,,,,,,,,,,,,,
2023-04-29 11:09:08,2023-04-29 11:09:08,2,,100,0,1,2023-04-29 11:09:08,R_1ZaP9eE1osl8o3s,,,,,,,test,,2,,,,,,,,,,,,,,,,,,,,,,,,,,,,,,,,,,,,,,,,,,,,,,,,,,,,,,,,,,,,,,,,,,,,,,,,,,,,
2023-04-29 11:09:08,2023-04-29 11:09:08,2,,100,0,1,2023-04-29 11:09:08,R_9FXLNENT4jhfaPc,,,,,,,test,,2,,,,,,,,,,,,,,,,,,,,,,,,,,,,,,,,,,,,,,,,,,,,,,,,,,,,,,,,,,,,,,,,,,,,,,,,,,,,
2023-04-29 11:09:08,2023-04-29 11:09:08,2,,100,0,1,2023-04-29 11:09:09,R_b8gones40MzG5X8,,,,,,,test,,2,,,,,,,,,,,,,,,,,,,,,,,,,,,,,,,,,,,,,,,,,,,,,,,,,,,,,,,,,,,,,,,,,,,,,,,,,,,,
2023-04-29 11:09:09,2023-04-29 11:09:09,2,,100,0,1,2023-04-29 11:09:09,R_e4zE1XlPVwUUq1w,,,,,,,test,,1,4,1,,,,,,,,,,,,,,,,,,,,,,,,,,,,,,,,,,,,,,,,,,,,,,,,,,,,,,,,,,,,,,,,,,,,,,,,,,
2023-04-29 11:09:09,2023-04-29 11:09:09,2,,100,0,1,2023-04-29 11:09:10,R_cMB2hV7TDWuDVYO,,,,,,,test,,1,2,2,2.21,8.15,8.91,41,9.61,9.92,9.86,7,38,52,99,42,55,,,,,,,,,,,,,,,,,,,,,,,,,,,,,,,,,,,,,,,,,,1,2,49,4,Commodo pharetra porttitor dolor. Purus cras gravida pellentesque pharetra blandit? Id luctus a bibendum interdum.,Nulla vitae turpis sed natoque scelerisque et tempor sit velit neque fringilla.,4,,,,FL_39,Q116|vA_liab_AV_cnstr|vB_frm_liab_AV_cnstr,Q122|vA_cntrfctl_AV_cnstr|vB_cntrfctl_AV_cnstr|avoid_AV_cnstr,,,,,,,
2023-04-29 11:09:10,2023-04-29 11:09:10,2,,100,0,1,2023-04-29 11:09:10,R_0ihBAF5hOiT0ELk,,,,,,,test,,2,,,,,,,,,,,,,,,,,,,,,,,,,,,,,,,,,,,,,,,,,,,,,,,,,,,,,,,,,,,,,,,,,,,,,,,,,,,,
2023-04-29 11:09:10,2023-04-29 11:09:10,2,,100,0,1,2023-04-29 11:09:10,R_8v5NiBSasNaBD1k,,,,,,,test,,2,,,,,,,,,,,,,,,,,,,,,,,,,,,,,,,,,,,,,,,,,,,,,,,,,,,,,,,,,,,,,,,,,,,,,,,,,,,,
2023-04-29 11:09:11,2023-04-29 11:09:11,2,,100,0,1,2023-04-29 11:09:11,R_3DiSA77Mfz52dqC,,,,,,,test,,2,,,,,,,,,,,,,,,,,,,,,,,,,,,,,,,,,,,,,,,,,,,,,,,,,,,,,,,,,,,,,,,,,,,,,,,,,,,,
2023-04-29 11:09:11,2023-04-29 11:09:11,2,,100,0,1,2023-04-29 11:09:11,R_4YMgmWxnkTOlwYC,,,,,,,test,,2,,,,,,,,,,,,,,,,,,,,,,,,,,,,,,,,,,,,,,,,,,,,,,,,,,,,,,,,,,,,,,,,,,,,,,,,,,,,
2023-04-29 11:09:12,2023-04-29 11:09:12,2,,100,0,1,2023-04-29 11:09:12,R_aWWFNthRaBZrpr0,,,,,,,test,,1,1,2,,,,,,,,,,,,,,,,,,,,,,,,,,,,,,,,,,,,,,,,,,,,,,,,,,,,,,,,,,,,,,,,,,,,,,,,,,
2023-04-29 11:09:12,2023-04-29 11:09:12,2,,100,0,1,2023-04-29 11:09:12,R_4ZuskYaSPepC9Aa,,,,,,,test,,2,,,,,,,,,,,,,,,,,,,,,,,,,,,,,,,,,,,,,,,,,,,,,,,,,,,,,,,,,,,,,,,,,,,,,,,,,,,,
2023-04-29 11:09:12,2023-04-29 11:09:12,2,,100,0,1,2023-04-29 11:09:13,R_bxDZfscOpT6epzo,,,,,,,test,,1,3,1,,,,,,,,,,,,,,,,,,,,,,,,,,,,,,,,,,,,,,,,,,,,,,,,,,,,,,,,,,,,,,,,,,,,,,,,,,
2023-04-29 11:09:13,2023-04-29 11:09:13,2,,100,0,1,2023-04-29 11:09:13,R_7QG3ypBBTNiWU86,,,,,,,test,,1,2,2,,,,,,,,,,,,,,,,,,,,,,,,,,,,7.71,7.96,8.22,11,7.57,9.22,9.34,35,41,23,89,57,30,,,,,,,,,,,,,,,2,2,36,1,,"Suscipit, dignissim maecenas. Integer turpis nunc ut tellus diam malesuada venenatis ridiculus ut commodo.",1,,,,FL_54,,,,,Q231|vB_frm_liab_AV|vA_liab_AV,Q234|vB_cntrfctl_AV|vA_cntrfctl_AV|avoid_AV,,,
2023-04-29 11:09:13,2023-04-29 11:09:13,2,,100,0,1,2023-04-29 11:09:14,R_06gFdq7qnqYn8vs,,,,,,,test,,2,,,,,,,,,,,,,,,,,,,,,,,,,,,,,,,,,,,,,,,,,,,,,,,,,,,,,,,,,,,,,,,,,,,,,,,,,,,,
2023-04-29 11:09:14,2023-04-29 11:09:14,2,,100,0,1,2023-04-29 11:09:14,R_a64ITjiWd0hEnR4,,,,,,,test,,1,3,2,,,,,,,,,,,,,,,,,,,,,,,,,,,,,,,,,,,,,,,,,,,,,,,,,,,,,,,,,,,,,,,,,,,,,,,,,,
2023-04-29 11:09:14,2023-04-29 11:09:14,2,,100,0,1,2023-04-29 11:09:14,R_78spSpjZj3NgKh0,,,,,,,test,,2,,,,,,,,,,,,,,,,,,,,,,,,,,,,,,,,,,,,,,,,,,,,,,,,,,,,,,,,,,,,,,,,,,,,,,,,,,,,
2023-04-29 11:09:15,2023-04-29 11:09:15,2,,100,0,1,2023-04-29 11:09:15,R_bDAWKqfDLJRvArQ,,,,,,,test,,1,1,2,,,,,,,,,,,,,,,,,,,,,,,,,,,,,,,,,,,,,,,,,,,,,,,,,,,,,,,,,,,,,,,,,,,,,,,,,,
2023-04-29 11:09:15,2023-04-29 11:09:15,2,,100,0,1,2023-04-29 11:09:15,R_2adKuDuC6VyqM3s,,,,,,,test,,1,3,1,,,,,,,,,,,,,,,,,,,,,,,,,,,,,,,,,,,,,,,,,,,,,,,,,,,,,,,,,,,,,,,,,,,,,,,,,,
2023-04-29 11:09:15,2023-04-29 11:09:15,2,,100,0,1,2023-04-29 11:09:16,R_cYktx66dH6FFHAq,,,,,,,test,,1,1,1,,,,,,,,,,,,,,,,,,,,,,,,,,,,,,,,,,,,,,,,,,,,,,,,,,,,,,,,,,,,,,,,,,,,,,,,,,
2023-04-29 11:09:16,2023-04-29 11:09:16,2,,100,0,1,2023-04-29 11:09:16,R_dmrMQFrp1wkOfj0,,,,,,,test,,2,,,,,,,,,,,,,,,,,,,,,,,,,,,,,,,,,,,,,,,,,,,,,,,,,,,,,,,,,,,,,,,,,,,,,,,,,,,,
2023-04-29 11:09:16,2023-04-29 11:09:16,2,,100,0,1,2023-04-29 11:09:17,R_9KQ1p0gCDoY1KJM,,,,,,,test,,1,4,2,,,,,,,,,,,,,,,,,,,,,,,,,,,,,,,,,,,,,,,,,,,,,,,,,,,,,,,,,,,,,,,,,,,,,,,,,,
2023-04-29 11:09:17,2023-04-29 11:09:17,2,,100,0,1,2023-04-29 11:09:17,R_5yuX5rzbqYgQehg,,,,,,,test,,2,,,,,,,,,,,,,,,,,,,,,,,,,,,,,,,,,,,,,,,,,,,,,,,,,,,,,,,,,,,,,,,,,,,,,,,,,,,,
2023-04-29 11:09:17,2023-04-29 11:09:17,2,,100,0,1,2023-04-29 11:09:17,R_9sDbJOlUJIZ9UWi,,,,,,,test,,2,,,,,,,,,,,,,,,,,,,,,,,,,,,,,,,,,,,,,,,,,,,,,,,,,,,,,,,,,,,,,,,,,,,,,,,,,,,,
2023-04-29 11:09:18,2023-04-29 11:09:18,2,,100,0,1,2023-04-29 11:09:18,R_25X79O1QKHelfb8,,,,,,,test,,1,1,1,,,,,,,,,,,,,,,,,,,,,,,,,,,,,,,,,,,,,,,,,,,,,,,,,,,,,,,,,,,,,,,,,,,,,,,,,,
2023-04-29 11:09:18,2023-04-29 11:09:18,2,,100,0,1,2023-04-29 11:09:18,R_38xvnPQSQI8PavQ,,,,,,,test,,1,2,1,,,,,,,,,,,,,,,,,,,,,,,,,,,,,,,,,,,,,,,,,,,,,,,,,,,,,,,,,,,,,,,,,,,,,,,,,,
2023-04-29 11:09:18,2023-04-29 11:09:18,2,,100,0,1,2023-04-29 11:09:19,R_4ZKr9g6ChCOpsNw,,,,,,,test,,2,,,,,,,,,,,,,,,,,,,,,,,,,,,,,,,,,,,,,,,,,,,,,,,,,,,,,,,,,,,,,,,,,,,,,,,,,,,,
2023-04-29 11:09:19,2023-04-29 11:09:19,2,,100,0,1,2023-04-29 11:09:19,R_9LcIsKZg4iXkl8O,,,,,,,test,,1,4,1,,,,,,,,,,,,,,,,,,,,,,,,,,,,,,,,,,,,,,,,,,,,,,,,,,,,,,,,,,,,,,,,,,,,,,,,,,
2023-04-29 11:09:19,2023-04-29 11:09:19,2,,100,0,1,2023-04-29 11:09:20,R_aXZ4FkzVVoGNWLA,,,,,,,test,,1,4,2,,,,,,,,,,,,,,,,,,,,,,,,,,,,,,,,,,,,,,,,,,,,,,,,,,,,,,,,,,,,,,,,,,,,,,,,,,
2023-04-29 11:09:20,2023-04-29 11:09:20,2,,100,0,1,2023-04-29 11:09:20,R_b1qu0b7sPgjYLD8,,,,,,,test,,2,,,,,,,,,,,,,,,,,,,,,,,,,,,,,,,,,,,,,,,,,,,,,,,,,,,,,,,,,,,,,,,,,,,,,,,,,,,,
2023-04-29 11:09:20,2023-04-29 11:09:20,2,,100,0,1,2023-04-29 11:09:20,R_eV6x9BileyKISd8,,,,,,,test,,1,4,1,,,,,,,,,,,,,,,,,,,,,,,,,,,,,,,,,,,,,,,,,,,,,,,,,,,,,,,,,,,,,,,,,,,,,,,,,,
2023-04-29 11:09:21,2023-04-29 11:09:21,2,,100,0,1,2023-04-29 11:09:21,R_4JgSNDRNl4ceFJI,,,,,,,test,,2,,,,,,,,,,,,,,,,,,,,,,,,,,,,,,,,,,,,,,,,,,,,,,,,,,,,,,,,,,,,,,,,,,,,,,,,,,,,
2023-04-29 11:09:21,2023-04-29 11:09:21,2,,100,0,1,2023-04-29 11:09:21,R_2fcwm76FHsWcHj0,,,,,,,test,,2,,,,,,,,,,,,,,,,,,,,,,,,,,,,,,,,,,,,,,,,,,,,,,,,,,,,,,,,,,,,,,,,,,,,,,,,,,,,
2023-04-29 11:09:21,2023-04-29 11:09:21,2,,100,0,1,2023-04-29 11:09:22,R_001zBy0xkyuOvOu,,,,,,,test,,2,,,,,,,,,,,,,,,,,,,,,,,,,,,,,,,,,,,,,,,,,,,,,,,,,,,,,,,,,,,,,,,,,,,,,,,,,,,,
2023-04-29 11:09:22,2023-04-29 11:09:22,2,,100,0,1,2023-04-29 11:09:22,R_cBa6kmbwPHSMsLQ,,,,,,,test,,1,4,1,,,,,,,,,,,,,,,,,,,,,,,,,,,,,,,,,,,,,,,,,,,,,,,,,,,,,,,,,,,,,,,,,,,,,,,,,,
2023-04-29 11:09:22,2023-04-29 11:09:22,2,,100,0,1,2023-04-29 11:09:23,R_8iy5J2KU0tcN4LY,,,,,,,test,,1,3,2,,,,,,,,,,,,,,,,,,,,,,,,,,,,,,,,,,,,,,,,,,,,,,,,,,,,,,,,,,,,,,,,,,,,,,,,,,
2023-04-29 11:09:23,2023-04-29 11:09:23,2,,100,0,1,2023-04-29 11:09:23,R_0TxeWorMCbZnUOi,,,,,,,test,,1,3,2,,,,,,,,,,,,,,,,,,,,,,,,,,,,,,,,,,,,,,,,,,,,,,,,,,,,,,,,,,,,,,,,,,,,,,,,,,
2023-04-29 11:09:24,2023-04-29 11:09:24,2,,100,0,1,2023-04-29 11:09:24,R_6hAqPjGfHSdOM7k,,,,,,,test,,2,,,,,,,,,,,,,,,,,,,,,,,,,,,,,,,,,,,,,,,,,,,,,,,,,,,,,,,,,,,,,,,,,,,,,,,,,,,,
2023-04-29 11:09:24,2023-04-29 11:09:24,2,,100,0,1,2023-04-29 11:09:24,R_5iq6cPbAobrEaFw,,,,,,,test,,1,2,1,,,,,,,,,,,,,,,,,,,,,,,,,,,,,,,,,,,,,,,,,,,,,,,,,,,,,,,,,,,,,,,,,,,,,,,,,,
2023-04-29 11:09:24,2023-04-29 11:09:25,2,,100,1,1,2023-04-29 11:09:25,R_eF3u2mSgzuaaLSC,,,,,,,test,,1,4,1,,,,,,,,,,,,,,,,,,,,,,,,,,,,,,,,,,,,,,,,,,,,,,,,,,,,,,,,,,,,,,,,,,,,,,,,,,
2023-04-29 11:09:25,2023-04-29 11:09:25,2,,100,0,1,2023-04-29 11:09:25,R_5jobPzCzwsNkSNw,,,,,,,test,,2,,,,,,,,,,,,,,,,,,,,,,,,,,,,,,,,,,,,,,,,,,,,,,,,,,,,,,,,,,,,,,,,,,,,,,,,,,,,
2023-04-29 11:09:25,2023-04-29 11:09:25,2,,100,0,1,2023-04-29 11:09:26,R_eyBHw0UPSlXxWGG,,,,,,,test,,1,3,2,,,,,,,,,,,,,,,,,,,,,,,,,,,,,,,,,,,,,,,,,,,,,,,,,,,,,,,,,,,,,,,,,,,,,,,,,,
2023-04-29 11:09:26,2023-04-29 11:09:26,2,,100,0,1,2023-04-29 11:09:26,R_bOEgkASFWVIYuxg,,,,,,,test,,2,,,,,,,,,,,,,,,,,,,,,,,,,,,,,,,,,,,,,,,,,,,,,,,,,,,,,,,,,,,,,,,,,,,,,,,,,,,,
2023-04-29 11:09:26,2023-04-29 11:09:26,2,,100,0,1,2023-04-29 11:09:27,R_8GtibIrCOGp8Zfw,,,,,,,test,,2,,,,,,,,,,,,,,,,,,,,,,,,,,,,,,,,,,,,,,,,,,,,,,,,,,,,,,,,,,,,,,,,,,,,,,,,,,,,
2023-04-29 11:09:27,2023-04-29 11:09:27,2,,100,0,1,2023-04-29 11:09:27,R_ebrWylRi8ecBEIC,,,,,,,test,,1,3,2,,,,,,,,,,,,,,,,,,,,,,,,,,,,,,,,,,,,,,,,,,,,,,,,,,,,,,,,,,,,,,,,,,,,,,,,,,
2023-04-29 11:09:27,2023-04-29 11:09:27,2,,100,0,1,2023-04-29 11:09:27,R_80uH1iCrxDko8fA,,,,,,,test,,2,,,,,,,,,,,,,,,,,,,,,,,,,,,,,,,,,,,,,,,,,,,,,,,,,,,,,,,,,,,,,,,,,,,,,,,,,,,,
2023-04-29 11:09:28,2023-04-29 11:09:28,2,,100,0,1,2023-04-29 11:09:28,R_3kELDoTHdrmW4Ci,,,,,,,test,,1,1,2,,,,,,,,,,,,,,,,,,,,,,,,,,,,,,,,,,,,,,,,,,,,,,,,,,,,,,,,,,,,,,,,,,,,,,,,,,
2023-04-29 11:09:28,2023-04-29 11:09:28,2,,100,0,1,2023-04-29 11:09:28,R_d07sCByTNmHK63Q,,,,,,,test,,1,3,1,,,,,,,,,,,,,,,,,,,,,,,,,,,,,,,,,,,,,,,,,,,,,,,,,,,,,,,,,,,,,,,,,,,,,,,,,,
2023-04-29 11:09:29,2023-04-29 11:09:29,2,,100,0,1,2023-04-29 11:09:29,R_bvcu5oCxNsIx0SW,,,,,,,test,,2,,,,,,,,,,,,,,,,,,,,,,,,,,,,,,,,,,,,,,,,,,,,,,,,,,,,,,,,,,,,,,,,,,,,,,,,,,,,
2023-04-29 11:09:29,2023-04-29 11:09:29,2,,100,0,1,2023-04-29 11:09:29,R_cM76ZHppkzSTwoK,,,,,,,test,,2,,,,,,,,,,,,,,,,,,,,,,,,,,,,,,,,,,,,,,,,,,,,,,,,,,,,,,,,,,,,,,,,,,,,,,,,,,,,
2023-04-29 11:09:29,2023-04-29 11:09:29,2,,100,0,1,2023-04-29 11:09:30,R_5bVFKExjH1nNv7g,,,,,,,test,,1,3,1,,,,,,,,,,,,,,,,,,,,,,,,,,,,,,,,,,,,,,,,,,,,,,,,,,,,,,,,,,,,,,,,,,,,,,,,,,
2023-04-29 11:09:30,2023-04-29 11:09:30,2,,100,0,1,2023-04-29 11:09:30,R_7WAIM9ZGHzbeSZ8,,,,,,,test,,1,3,2,,,,,,,,,,,,,,,,,,,,,,,,,,,,,,,,,,,,,,,,,,,,,,,,,,,,,,,,,,,,,,,,,,,,,,,,,,
2023-04-29 11:09:30,2023-04-29 11:09:30,2,,100,0,1,2023-04-29 11:09:31,R_73RP2D2YZeXJzF4,,,,,,,test,,2,,,,,,,,,,,,,,,,,,,,,,,,,,,,,,,,,,,,,,,,,,,,,,,,,,,,,,,,,,,,,,,,,,,,,,,,,,,,
2023-04-29 11:09:31,2023-04-29 11:09:31,2,,100,0,1,2023-04-29 11:09:31,R_0CHDISyUZn7WSH4,,,,,,,test,,1,1,2,,,,,,,,,,,,,,,,,,,,,,,,,,,,,,,,,,,,,,,,,,,,,,,,,,,,,,,,,,,,,,,,,,,,,,,,,,
2023-04-29 11:09:31,2023-04-29 11:09:31,2,,100,0,1,2023-04-29 11:09:32,R_1H5kTBeNQuz79mm,,,,,,,test,,1,2,1,,,,,,,,,,,,,,,,,,,,,,,,,,,,,,,,,,,,,,,,,,,,,,,,,,,,,,,,,,,,,,,,,,,,,,,,,,
2023-04-29 11:09:32,2023-04-29 11:09:32,2,,100,0,1,2023-04-29 11:09:32,R_aVpdrFviBc3eIWa,,,,,,,test,,2,,,,,,,,,,,,,,,,,,,,,,,,,,,,,,,,,,,,,,,,,,,,,,,,,,,,,,,,,,,,,,,,,,,,,,,,,,,,
2023-04-29 11:09:32,2023-04-29 11:09:32,2,,100,0,1,2023-04-29 11:09:32,R_7TywVzHI8zfbvPU,,,,,,,test,,2,,,,,,,,,,,,,,,,,,,,,,,,,,,,,,,,,,,,,,,,,,,,,,,,,,,,,,,,,,,,,,,,,,,,,,,,,,,,
2023-04-29 11:09:33,2023-04-29 11:09:33,2,,100,0,1,2023-04-29 11:09:33,R_3OiZUv99UvqKDMW,,,,,,,test,,2,,,,,,,,,,,,,,,,,,,,,,,,,,,,,,,,,,,,,,,,,,,,,,,,,,,,,,,,,,,,,,,,,,,,,,,,,,,,
2023-04-29 11:09:33,2023-04-29 11:09:33,2,,100,0,1,2023-04-29 11:09:33,R_8ud4ISQiurt2Kb4,,,,,,,test,,2,,,,,,,,,,,,,,,,,,,,,,,,,,,,,,,,,,,,,,,,,,,,,,,,,,,,,,,,,,,,,,,,,,,,,,,,,,,,
2023-04-29 11:09:34,2023-04-29 11:09:34,2,,100,0,1,2023-04-29 11:09:34,R_0oelCCZRVr68Rca,,,,,,,test,,2,,,,,,,,,,,,,,,,,,,,,,,,,,,,,,,,,,,,,,,,,,,,,,,,,,,,,,,,,,,,,,,,,,,,,,,,,,,,
2023-04-29 11:09:34,2023-04-29 11:09:34,2,,100,0,1,2023-04-29 11:09:34,R_9z9u1ELIdk4Wn30,,,,,,,test,,2,,,,,,,,,,,,,,,,,,,,,,,,,,,,,,,,,,,,,,,,,,,,,,,,,,,,,,,,,,,,,,,,,,,,,,,,,,,,
2023-04-29 11:09:34,2023-04-29 11:09:34,2,,100,0,1,2023-04-29 11:09:35,R_38bGOPlbfsm8NDM,,,,,,,test,,1,3,1,,,,,,,,,,,,,,,,,,,,,,,,,,,,,,,,,,,,,,,,,,,,,,,,,,,,,,,,,,,,,,,,,,,,,,,,,,
2023-04-29 11:09:35,2023-04-29 11:09:35,2,,100,0,1,2023-04-29 11:09:35,R_dgtmbhFyM4dR02y,,,,,,,test,,1,4,2,,,,,,,,,,,,,,,,,,,,,,,,,,,,,,,,,,,,,,,,,,,,,,,,,,,,,,,,,,,,,,,,,,,,,,,,,,
2023-04-29 11:09:35,2023-04-29 11:09:35,2,,100,0,1,2023-04-29 11:09:36,R_3F7OAejx2chV1TE,,,,,,,test,,2,,,,,,,,,,,,,,,,,,,,,,,,,,,,,,,,,,,,,,,,,,,,,,,,,,,,,,,,,,,,,,,,,,,,,,,,,,,,
2023-04-29 11:09:36,2023-04-29 11:09:36,2,,100,0,1,2023-04-29 11:09:36,R_4GcdHYEzfcRSL8W,,,,,,,test,,2,,,,,,,,,,,,,,,,,,,,,,,,,,,,,,,,,,,,,,,,,,,,,,,,,,,,,,,,,,,,,,,,,,,,,,,,,,,,
2023-04-29 11:09:36,2023-04-29 11:09:36,2,,100,0,1,2023-04-29 11:09:36,R_eJ5fuvYITWQOTOu,,,,,,,test,,1,3,1,,,,,,,,,,,,,,,,,,,,,,,,,,,,,,,,,,,,,,,,,,,,,,,,,,,,,,,,,,,,,,,,,,,,,,,,,,
2023-04-29 11:09:37,2023-04-29 11:09:37,2,,100,0,1,2023-04-29 11:09:37,R_aXh9zSdHEqYJS7A,,,,,,,test,,1,4,1,,,,,,,,,,,,,,,,,,,,,,,,,,,,,,,,,,,,,,,,,,,,,,,,,,,,,,,,,,,,,,,,,,,,,,,,,,
2023-04-29 11:09:37,2023-04-29 11:09:37,2,,100,0,1,2023-04-29 11:09:37,R_5vavFBExzGCekt0,,,,,,,test,,2,,,,,,,,,,,,,,,,,,,,,,,,,,,,,,,,,,,,,,,,,,,,,,,,,,,,,,,,,,,,,,,,,,,,,,,,,,,,
2023-04-29 11:09:37,2023-04-29 11:09:37,2,,100,0,1,2023-04-29 11:09:38,R_3O5UQEHWIYiJ542,,,,,,,test,,1,2,1,,,,,,,,,,,,,,,,,,,,,,,,,,,,,,,,,,,,,,,,,,,,,,,,,,,,,,,,,,,,,,,,,,,,,,,,,,
2023-04-29 11:09:38,2023-04-29 11:09:38,2,,100,0,1,2023-04-29 11:09:38,R_cYpO8WzxfuTnbAG,,,,,,,test,,1,2,2,,,,,,,,,,,,,,2.12,2.91,8.95,17,6.79,7.16,9.52,2,76,15,58,62,58,39,,,,,,,,,,,,,,,,,,,,,,,,,,,,2,1,26,2,,Mi quis nonummy. Nibh culpa quis. Nec justo facilisi sodales vehicula suscipit ac lorem ante.,4,,,,FL_40,,,Q90|vB_drivr_liab_cnstr|vB_frm_liab_cnstr|vA_liab_cnstr,Q71|vA_cntrfctl_cnstr|vB_cntrfctl_cnstr|avoid_cnstr,,,,,
2023-04-29 11:09:38,2023-04-29 11:09:39,2,,100,1,1,2023-04-29 11:09:39,R_411qdT4QhOdl5NI,,,,,,,test,,1,1,2,,,,,,,,,,,,,,,,,,,,,,,,,,,,,,,,,,,,,,,,,,,,,,,,,,,,,,,,,,,,,,,,,,,,,,,,,,
2023-04-29 11:09:39,2023-04-29 11:09:39,2,,100,0,1,2023-04-29 11:09:39,R_b4oyaOl4zdWu4CO,,,,,,,test,,1,3,1,,,,,,,,,,,,,,,,,,,,,,,,,,,,,,,,,,,,,,,,,,,,,,,,,,,,,,,,,,,,,,,,,,,,,,,,,,
2023-04-29 11:09:39,2023-04-29 11:09:39,2,,100,0,1,2023-04-29 11:09:40,R_5iM6DONtpDTD8kS,,,,,,,test,,2,,,,,,,,,,,,,,,,,,,,,,,,,,,,,,,,,,,,,,,,,,,,,,,,,,,,,,,,,,,,,,,,,,,,,,,,,,,,
2023-04-29 11:09:40,2023-04-29 11:09:40,2,,100,0,1,2023-04-29 11:09:40,R_aad8eJEMyD5hxP0,,,,,,,test,,2,,,,,,,,,,,,,,,,,,,,,,,,,,,,,,,,,,,,,,,,,,,,,,,,,,,,,,,,,,,,,,,,,,,,,,,,,,,,
2023-04-29 11:09:40,2023-04-29 11:09:40,2,,100,0,1,2023-04-29 11:09:41,R_6St39JwT3L6V0SW,,,,,,,test,,1,1,1,,,,,,,,,,,,,,,,,,,,,,,,,,,,,,,,,,,,,,,,,,,,,,,,,,,,,,,,,,,,,,,,,,,,,,,,,,
2023-04-29 11:09:41,2023-04-29 11:09:41,2,,100,0,1,2023-04-29 11:09:41,R_5cZrnoTni2ZFkrA,,,,,,,test,,2,,,,,,,,,,,,,,,,,,,,,,,,,,,,,,,,,,,,,,,,,,,,,,,,,,,,,,,,,,,,,,,,,,,,,,,,,,,,
2023-04-29 11:09:41,2023-04-29 11:09:41,2,,100,0,1,2023-04-29 11:09:41,R_2lEzseMK6x9R1B4,,,,,,,test,,1,4,1,,,,,,,,,,,,,,,,,,,,,,,,,,,,,,,,,,,,,,,,,,,,,,,,,,,,,,,,,,,,,,,,,,,,,,,,,,
2023-04-29 11:09:42,2023-04-29 11:09:42,2,,100,0,1,2023-04-29 11:09:42,R_6sr4yxUn3BABKZg,,,,,,,test,,2,,,,,,,,,,,,,,,,,,,,,,,,,,,,,,,,,,,,,,,,,,,,,,,,,,,,,,,,,,,,,,,,,,,,,,,,,,,,
2023-04-29 11:09:42,2023-04-29 11:09:42,2,,100,0,1,2023-04-29 11:09:42,R_2n2xEbczEa0ghy6,,,,,,,test,,2,,,,,,,,,,,,,,,,,,,,,,,,,,,,,,,,,,,,,,,,,,,,,,,,,,,,,,,,,,,,,,,,,,,,,,,,,,,,
2023-04-29 11:09:42,2023-04-29 11:09:42,2,,100,0,1,2023-04-29 11:09:43,R_3gjpF1z4L9Vlw10,,,,,,,test,,1,2,1,,,,,,,,,,,,,,,,,,,,,,,,,,,,,,,,,,,,,,,,,,,,,,,,,,,,,,,,,,,,,,,,,,,,,,,,,,
2023-04-29 11:09:43,2023-04-29 11:09:43,2,,100,0,1,2023-04-29 11:09:43,R_0ur1ujQTJfqdFPM,,,,,,,test,,2,,,,,,,,,,,,,,,,,,,,,,,,,,,,,,,,,,,,,,,,,,,,,,,,,,,,,,,,,,,,,,,,,,,,,,,,,,,,
2023-04-29 11:09:43,2023-04-29 11:09:43,2,,100,0,1,2023-04-29 11:09:44,R_268O84dEj9SnFP0,,,,,,,test,,2,,,,,,,,,,,,,,,,,,,,,,,,,,,,,,,,,,,,,,,,,,,,,,,,,,,,,,,,,,,,,,,,,,,,,,,,,,,,
2023-04-29 11:09:44,2023-04-29 11:09:44,2,,100,0,1,2023-04-29 11:09:44,R_eDnmxGaLkIBxSK2,,,,,,,test,,2,,,,,,,,,,,,,,,,,,,,,,,,,,,,,,,,,,,,,,,,,,,,,,,,,,,,,,,,,,,,,,,,,,,,,,,,,,,,
2023-04-29 11:09:44,2023-04-29 11:09:44,2,,100,0,1,2023-04-29 11:09:44,R_5d1xYhymVqPVuTk,,,,,,,test,,2,,,,,,,,,,,,,,,,,,,,,,,,,,,,,,,,,,,,,,,,,,,,,,,,,,,,,,,,,,,,,,,,,,,,,,,,,,,,
2023-04-29 11:09:45,2023-04-29 11:09:45,2,,100,0,1,2023-04-29 11:09:45,R_3q7XKWeyEUjysnA,,,,,,,test,,1,2,2,,,,,,,,,,,,,,,,,,,,,,,,,,,,,,,,,,,,,,,,,1.5,6.46,3.04,20,2.06,9.66,6.97,25,74,91,50,62,78,19,2,2,69,3,,"Platea sapien, lacus duis! Ultricies facilisi ultrices. Accusamus fringilla odio atque. Maecenas metus.",4,,,,FL_58,,,,,,,Q243|vB_frm_liab|vB_drivr_liab|vA_liab,Q247|vA_cntrfctl|vB_cntrfctl|avoid,
2023-04-29 11:09:45,2023-04-29 11:09:45,2,,100,0,1,2023-04-29 11:09:45,R_cMhZzp0SnDw6OV0,,,,,,,test,,1,1,1,,,,,,,,,,,,,,,,,,,,,,,,,,,,,,,,,,,,,,,,,,,,,,,,,,,,,,,,,,,,,,,,,,,,,,,,,,
2023-04-29 11:09:46,2023-04-29 11:09:46,2,,100,0,1,2023-04-29 11:09:46,R_6As2a40hIjCF7ca,,,,,,,test,,1,3,1,,,,,,,,,,,,,,,,,,,,,,,,,,,,,,,,,,,,,,,,,,,,,,,,,,,,,,,,,,,,,,,,,,,,,,,,,,
2023-04-29 11:09:46,2023-04-29 11:09:46,2,,100,0,1,2023-04-29 11:09:46,R_5BfXkmmD7egslX8,,,,,,,test,,1,2,2,,,,,,,,,,,,,,6.69,6.86,9.44,10,2.08,2.46,3.3,33,31,43,84,85,86,51,,,,,,,,,,,,,,,,,,,,,,,,,,,,1,1,52,3,,"Ipsum, curabitur vitae. Tortor consequat commodo, magna lectus etiam sollicitudin risus urna volutpat id sed.",7,,,,FL_40,,,Q90|vB_drivr_liab_cnstr|vB_frm_liab_cnstr|vA_liab_cnstr,Q71|vA_cntrfctl_cnstr|vB_cntrfctl_cnstr|avoid_cnstr,,,,,
2023-04-29 11:09:47,2023-04-29 11:09:47,2,,100,0,1,2023-04-29 11:09:47,R_1G673v6mOueDR8q,,,,,,,test,,2,,,,,,,,,,,,,,,,,,,,,,,,,,,,,,,,,,,,,,,,,,,,,,,,,,,,,,,,,,,,,,,,,,,,,,,,,,,,
2023-04-29 11:09:47,2023-04-29 11:09:47,2,,100,0,1,2023-04-29 11:09:47,R_cUCvGkymIWoP3eK,,,,,,,test,,2,,,,,,,,,,,,,,,,,,,,,,,,,,,,,,,,,,,,,,,,,,,,,,,,,,,,,,,,,,,,,,,,,,,,,,,,,,,,
2023-04-29 11:09:48,2023-04-29 11:09:48,2,,100,0,1,2023-04-29 11:09:48,R_8jrTmDauUfx8yZ8,,,,,,,test,,1,3,1,,,,,,,,,,,,,,,,,,,,,,,,,,,,,,,,,,,,,,,,,,,,,,,,,,,,,,,,,,,,,,,,,,,,,,,,,,
2023-04-29 11:09:48,2023-04-29 11:09:48,2,,100,0,1,2023-04-29 11:09:48,R_9uJLmaXCJiMa9uK,,,,,,,test,,2,,,,,,,,,,,,,,,,,,,,,,,,,,,,,,,,,,,,,,,,,,,,,,,,,,,,,,,,,,,,,,,,,,,,,,,,,,,,
2023-04-29 11:09:48,2023-04-29 11:09:49,2,,100,1,1,2023-04-29 11:09:49,R_0UsBqECCw2ZvNEW,,,,,,,test,,1,2,1,,,,,,,,,,,,,,,,,,,,,,,,,,,,,,,,,,,,,,,,,,,,,,,,,,,,,,,,,,,,,,,,,,,,,,,,,,
2023-04-29 11:09:49,2023-04-29 11:09:49,2,,100,0,1,2023-04-29 11:09:49,R_0IFSmHPP7GqBqXs,,,,,,,test,,2,,,,,,,,,,,,,,,,,,,,,,,,,,,,,,,,,,,,,,,,,,,,,,,,,,,,,,,,,,,,,,,,,,,,,,,,,,,,
2023-04-29 11:09:49,2023-04-29 11:09:49,2,,100,0,1,2023-04-29 11:09:50,R_57lAVUQSLJepf3o,,,,,,,test,,2,,,,,,,,,,,,,,,,,,,,,,,,,,,,,,,,,,,,,,,,,,,,,,,,,,,,,,,,,,,,,,,,,,,,,,,,,,,,
2023-04-29 11:09:50,2023-04-29 11:09:50,2,,100,0,1,2023-04-29 11:09:50,R_0j5yFixcGUCRH1A,,,,,,,test,,1,2,1,,,,,,,,,,,,,,,,,,,,,,,,,,,,,,,,,,,,,,,,,,,,,,,,,,,,,,,,,,,,,,,,,,,,,,,,,,
2023-04-29 11:09:50,2023-04-29 11:09:50,2,,100,0,1,2023-04-29 11:09:51,R_0lFZE3F6SdG95gq,,,,,,,test,,1,4,1,,,,,,,,,,,,,,,,,,,,,,,,,,,,,,,,,,,,,,,,,,,,,,,,,,,,,,,,,,,,,,,,,,,,,,,,,,
2023-04-29 11:09:51,2023-04-29 11:09:51,2,,100,0,1,2023-04-29 11:09:51,R_eeNn1yB2IojEowS,,,,,,,test,,2,,,,,,,,,,,,,,,,,,,,,,,,,,,,,,,,,,,,,,,,,,,,,,,,,,,,,,,,,,,,,,,,,,,,,,,,,,,,
2023-04-29 11:09:51,2023-04-29 11:09:51,2,,100,0,1,2023-04-29 11:09:51,R_cGWZn2wKSRKeMdg,,,,,,,test,,1,4,1,,,,,,,,,,,,,,,,,,,,,,,,,,,,,,,,,,,,,,,,,,,,,,,,,,,,,,,,,,,,,,,,,,,,,,,,,,
2023-04-29 11:09:52,2023-04-29 11:09:52,2,,100,0,1,2023-04-29 11:09:52,R_cTjxHeBjXDQS4Ky,,,,,,,test,,1,2,2,8.43,9.41,9.46,3,0.7,8.36,3.47,1,51,72,26,25,55,,,,,,,,,,,,,,,,,,,,,,,,,,,,,,,,,,,,,,,,,,2,1,65,3,,"Non auctor erat eleifend, convallis integer nonummy bibendum dignissim? Vivamus.",5,,,,FL_39,Q116|vA_liab_AV_cnstr|vB_frm_liab_AV_cnstr,Q122|vA_cntrfctl_AV_cnstr|vB_cntrfctl_AV_cnstr|avoid_AV_cnstr,,,,,,,
2023-04-29 11:09:52,2023-04-29 11:09:52,2,,100,0,1,2023-04-29 11:09:52,R_aV5DWJ1v5ZSxwCq,,,,,,,test,,2,,,,,,,,,,,,,,,,,,,,,,,,,,,,,,,,,,,,,,,,,,,,,,,,,,,,,,,,,,,,,,,,,,,,,,,,,,,,
2023-04-29 11:09:53,2023-04-29 11:09:53,2,,100,0,1,2023-04-29 11:09:53,R_9t8QhJI4K8tl46q,,,,,,,test,,2,,,,,,,,,,,,,,,,,,,,,,,,,,,,,,,,,,,,,,,,,,,,,,,,,,,,,,,,,,,,,,,,,,,,,,,,,,,,
2023-04-29 11:09:53,2023-04-29 11:09:53,2,,100,0,1,2023-04-29 11:09:53,R_3VN4BmnYBo2bT9Q,,,,,,,test,,2,,,,,,,,,,,,,,,,,,,,,,,,,,,,,,,,,,,,,,,,,,,,,,,,,,,,,,,,,,,,,,,,,,,,,,,,,,,,
2023-04-29 11:09:53,2023-04-29 11:09:53,2,,100,0,1,2023-04-29 11:09:54,R_brLZ05MTcIMS03Y,,,,,,,test,,1,3,2,,,,,,,,,,,,,,,,,,,,,,,,,,,,,,,,,,,,,,,,,,,,,,,,,,,,,,,,,,,,,,,,,,,,,,,,,,
2023-04-29 11:09:54,2023-04-29 11:09:54,2,,100,0,1,2023-04-29 11:09:54,R_4PB2BvIeFEkg9O6,,,,,,,test,,2,,,,,,,,,,,,,,,,,,,,,,,,,,,,,,,,,,,,,,,,,,,,,,,,,,,,,,,,,,,,,,,,,,,,,,,,,,,,
2023-04-29 11:09:54,2023-04-29 11:09:54,2,,100,0,1,2023-04-29 11:09:54,R_5cphdbWymKyvy3s,,,,,,,test,,1,3,2,,,,,,,,,,,,,,,,,,,,,,,,,,,,,,,,,,,,,,,,,,,,,,,,,,,,,,,,,,,,,,,,,,,,,,,,,,
2023-04-29 11:09:55,2023-04-29 11:09:55,2,,100,0,1,2023-04-29 11:09:55,R_da38FHwkzl6pS2W,,,,,,,test,,1,4,1,,,,,,,,,,,,,,,,,,,,,,,,,,,,,,,,,,,,,,,,,,,,,,,,,,,,,,,,,,,,,,,,,,,,,,,,,,
2023-04-29 11:09:55,2023-04-29 11:09:55,2,,100,0,1,2023-04-29 11:09:55,R_513q1IOmLKmGyrA,,,,,,,test,,2,,,,,,,,,,,,,,,,,,,,,,,,,,,,,,,,,,,,,,,,,,,,,,,,,,,,,,,,,,,,,,,,,,,,,,,,,,,,
2023-04-29 11:09:55,2023-04-29 11:09:55,2,,100,0,1,2023-04-29 11:09:56,R_3fTYczRJz07gxLM,,,,,,,test,,1,3,2,,,,,,,,,,,,,,,,,,,,,,,,,,,,,,,,,,,,,,,,,,,,,,,,,,,,,,,,,,,,,,,,,,,,,,,,,,
2023-04-29 11:09:56,2023-04-29 11:09:56,2,,100,0,1,2023-04-29 11:09:56,R_diFQn2bCMrSTxD8,,,,,,,test,,2,,,,,,,,,,,,,,,,,,,,,,,,,,,,,,,,,,,,,,,,,,,,,,,,,,,,,,,,,,,,,,,,,,,,,,,,,,,,
2023-04-29 11:09:56,2023-04-29 11:09:56,2,,100,0,1,2023-04-29 11:09:56,R_9oiTZo3F69GNzfw,,,,,,,test,,2,,,,,,,,,,,,,,,,,,,,,,,,,,,,,,,,,,,,,,,,,,,,,,,,,,,,,,,,,,,,,,,,,,,,,,,,,,,,
2023-04-29 11:09:57,2023-04-29 11:09:57,2,,100,0,1,2023-04-29 11:09:57,R_8Cwq93iA6hBrPHU,,,,,,,test,,1,1,1,,,,,,,,,,,,,,,,,,,,,,,,,,,,,,,,,,,,,,,,,,,,,,,,,,,,,,,,,,,,,,,,,,,,,,,,,,
2023-04-29 11:09:57,2023-04-29 11:09:57,2,,100,0,1,2023-04-29 11:09:57,R_0D7poeFyHzOHLCK,,,,,,,test,,1,2,2,,,,,,,,,,,,,,,,,,,,,,,,,,,,6.13,8.64,9.55,21,6.04,6.95,8.14,20,7,11,100,26,55,,,,,,,,,,,,,,,1,1,4,1,,"Eros nunc purus risus dictumst cras? Fusce ut. Laoreet, malesuada platea.",8,Pharetra nullam integer morbi mauris malesuada tincidunt aliquet non bibendum leo volutpat laoreet dolor tempor.,,,FL_54,,,,,Q231|vB_frm_liab_AV|vA_liab_AV,Q234|vB_cntrfctl_AV|vA_cntrfctl_AV|avoid_AV,,,
2023-04-29 11:09:58,2023-04-29 11:09:58,2,,100,0,1,2023-04-29 11:09:58,R_9AMsrJBSoAF85CK,,,,,,,test,,2,,,,,,,,,,,,,,,,,,,,,,,,,,,,,,,,,,,,,,,,,,,,,,,,,,,,,,,,,,,,,,,,,,,,,,,,,,,,
2023-04-29 11:09:58,2023-04-29 11:09:58,2,,100,0,1,2023-04-29 11:09:58,R_3IetQTt9SJdhzRY,,,,,,,test,,1,4,2,,,,,,,,,,,,,,,,,,,,,,,,,,,,,,,,,,,,,,,,,,,,,,,,,,,,,,,,,,,,,,,,,,,,,,,,,,
2023-04-29 11:09:59,2023-04-29 11:09:59,2,,100,0,1,2023-04-29 11:09:59,R_79Z5sSMvXI974l8,,,,,,,test,,1,3,1,,,,,,,,,,,,,,,,,,,,,,,,,,,,,,,,,,,,,,,,,,,,,,,,,,,,,,,,,,,,,,,,,,,,,,,,,,
2023-04-29 11:09:59,2023-04-29 11:09:59,2,,100,0,1,2023-04-29 11:09:59,R_babl5ZWLeIuexsa,,,,,,,test,,1,3,2,,,,,,,,,,,,,,,,,,,,,,,,,,,,,,,,,,,,,,,,,,,,,,,,,,,,,,,,,,,,,,,,,,,,,,,,,,
2023-04-29 11:09:59,2023-04-29 11:10:00,2,,100,1,1,2023-04-29 11:10:00,R_71fU3FF3KSLrtuS,,,,,,,test,,1,3,2,,,,,,,,,,,,,,,,,,,,,,,,,,,,,,,,,,,,,,,,,,,,,,,,,,,,,,,,,,,,,,,,,,,,,,,,,,
2023-04-29 11:10:00,2023-04-29 11:10:00,2,,100,0,1,2023-04-29 11:10:01,R_bNvxFbLOQIP7O8m,,,,,,,test,,2,,,,,,,,,,,,,,,,,,,,,,,,,,,,,,,,,,,,,,,,,,,,,,,,,,,,,,,,,,,,,,,,,,,,,,,,,,,,
2023-04-29 11:10:01,2023-04-29 11:10:01,2,,100,0,1,2023-04-29 11:10:01,R_4JdWbyZON4V02c6,,,,,,,test,,1,3,2,,,,,,,,,,,,,,,,,,,,,,,,,,,,,,,,,,,,,,,,,,,,,,,,,,,,,,,,,,,,,,,,,,,,,,,,,,
2023-04-29 11:10:01,2023-04-29 11:10:01,2,,100,0,1,2023-04-29 11:10:02,R_e4H9KoBHIfvnf0O,,,,,,,test,,2,,,,,,,,,,,,,,,,,,,,,,,,,,,,,,,,,,,,,,,,,,,,,,,,,,,,,,,,,,,,,,,,,,,,,,,,,,,,
2023-04-29 11:10:02,2023-04-29 11:10:02,2,,100,0,1,2023-04-29 11:10:02,R_6RPAHSTV9F3rPam,,,,,,,test,,2,,,,,,,,,,,,,,,,,,,,,,,,,,,,,,,,,,,,,,,,,,,,,,,,,,,,,,,,,,,,,,,,,,,,,,,,,,,,
2023-04-29 11:10:02,2023-04-29 11:10:02,2,,100,0,1,2023-04-29 11:10:02,R_a9NSIprub5afr6u,,,,,,,test,,1,3,2,,,,,,,,,,,,,,,,,,,,,,,,,,,,,,,,,,,,,,,,,,,,,,,,,,,,,,,,,,,,,,,,,,,,,,,,,,
2023-04-29 11:10:03,2023-04-29 11:10:03,2,,100,0,1,2023-04-29 11:10:03,R_aVhHCjd1gtAkB0O,,,,,,,test,,2,,,,,,,,,,,,,,,,,,,,,,,,,,,,,,,,,,,,,,,,,,,,,,,,,,,,,,,,,,,,,,,,,,,,,,,,,,,,
2023-04-29 11:10:03,2023-04-29 11:10:03,2,,100,0,1,2023-04-29 11:10:03,R_b48CSRcmKMA5tKm,,,,,,,test,,2,,,,,,,,,,,,,,,,,,,,,,,,,,,,,,,,,,,,,,,,,,,,,,,,,,,,,,,,,,,,,,,,,,,,,,,,,,,,
2023-04-29 11:10:04,2023-04-29 11:10:04,2,,100,0,1,2023-04-29 11:10:04,R_9MhWW6SXIXvBZie,,,,,,,test,,2,,,,,,,,,,,,,,,,,,,,,,,,,,,,,,,,,,,,,,,,,,,,,,,,,,,,,,,,,,,,,,,,,,,,,,,,,,,,
2023-04-29 11:10:04,2023-04-29 11:10:04,2,,100,0,1,2023-04-29 11:10:04,R_eaDRqVt6aAgOIh8,,,,,,,test,,2,,,,,,,,,,,,,,,,,,,,,,,,,,,,,,,,,,,,,,,,,,,,,,,,,,,,,,,,,,,,,,,,,,,,,,,,,,,,
2023-04-29 11:10:04,2023-04-29 11:10:04,2,,100,0,1,2023-04-29 11:10:05,R_6eRaIWtaJanyQcK,,,,,,,test,,2,,,,,,,,,,,,,,,,,,,,,,,,,,,,,,,,,,,,,,,,,,,,,,,,,,,,,,,,,,,,,,,,,,,,,,,,,,,,
2023-04-29 11:10:05,2023-04-29 11:10:05,2,,100,0,1,2023-04-29 11:10:05,R_8v8alFQdGbnV57U,,,,,,,test,,1,3,1,,,,,,,,,,,,,,,,,,,,,,,,,,,,,,,,,,,,,,,,,,,,,,,,,,,,,,,,,,,,,,,,,,,,,,,,,,
2023-04-29 11:10:05,2023-04-29 11:10:05,2,,100,0,1,2023-04-29 11:10:06,R_bsFHspyhfYqD7Fk,,,,,,,test,,1,2,2,,,,,,,,,,,,,,,,,,,,,,,,,,,,,,,,,,,,,,,,,8.64,9.38,8.7,3,8.9,8.98,8.93,6,63,60,67,85,93,26,2,2,72,4,Convallis? Blandit. Donec atque cras! Maecenas? Convallis ligula nibh turpis curabitur dolorem.,Leo orci. Proin vehicula rutrum per enim amet vehicula cras.,5,,,,FL_58,,,,,,,Q243|vB_drivr_liab|vB_frm_liab|vA_liab,Q247|vB_cntrfctl|vA_cntrfctl|avoid,
2023-04-29 11:10:06,2023-04-29 11:10:06,2,,100,0,1,2023-04-29 11:10:06,R_4IP9HIQgqksn7BI,,,,,,,test,,1,3,1,,,,,,,,,,,,,,,,,,,,,,,,,,,,,,,,,,,,,,,,,,,,,,,,,,,,,,,,,,,,,,,,,,,,,,,,,,
2023-04-29 11:10:06,2023-04-29 11:10:06,2,,100,0,1,2023-04-29 11:10:07,R_dguZgJeAEfJgKBE,,,,,,,test,,2,,,,,,,,,,,,,,,,,,,,,,,,,,,,,,,,,,,,,,,,,,,,,,,,,,,,,,,,,,,,,,,,,,,,,,,,,,,,
2023-04-29 11:10:07,2023-04-29 11:10:07,2,,100,0,1,2023-04-29 11:10:07,R_aWPlTpzXUYN0QXs,,,,,,,test,,2,,,,,,,,,,,,,,,,,,,,,,,,,,,,,,,,,,,,,,,,,,,,,,,,,,,,,,,,,,,,,,,,,,,,,,,,,,,,
2023-04-29 11:10:07,2023-04-29 11:10:07,2,,100,0,1,2023-04-29 11:10:07,R_aazsU1H0dedhnSe,,,,,,,test,,2,,,,,,,,,,,,,,,,,,,,,,,,,,,,,,,,,,,,,,,,,,,,,,,,,,,,,,,,,,,,,,,,,,,,,,,,,,,,
2023-04-29 11:10:08,2023-04-29 11:10:08,2,,100,0,1,2023-04-29 11:10:08,R_3eBt9kGMQlYOp1k,,,,,,,test,,1,4,1,,,,,,,,,,,,,,,,,,,,,,,,,,,,,,,,,,,,,,,,,,,,,,,,,,,,,,,,,,,,,,,,,,,,,,,,,,
2023-04-29 11:10:08,2023-04-29 11:10:08,2,,100,0,1,2023-04-29 11:10:08,R_0quXuwxUQMkGjRQ,,,,,,,test,,2,,,,,,,,,,,,,,,,,,,,,,,,,,,,,,,,,,,,,,,,,,,,,,,,,,,,,,,,,,,,,,,,,,,,,,,,,,,,
2023-04-29 11:10:08,2023-04-29 11:10:08,2,,100,0,1,2023-04-29 11:10:09,R_0ix2DoZp2trVt2e,,,,,,,test,,1,4,2,,,,,,,,,,,,,,,,,,,,,,,,,,,,,,,,,,,,,,,,,,,,,,,,,,,,,,,,,,,,,,,,,,,,,,,,,,
2023-04-29 11:10:09,2023-04-29 11:10:09,2,,100,0,1,2023-04-29 11:10:09,R_eV8bgXpaDIiGOTs,,,,,,,test,,1,3,2,,,,,,,,,,,,,,,,,,,,,,,,,,,,,,,,,,,,,,,,,,,,,,,,,,,,,,,,,,,,,,,,,,,,,,,,,,
2023-04-29 11:10:09,2023-04-29 11:10:09,2,,100,0,1,2023-04-29 11:10:09,R_0c8ADj4781zS59A,,,,,,,test,,2,,,,,,,,,,,,,,,,,,,,,,,,,,,,,,,,,,,,,,,,,,,,,,,,,,,,,,,,,,,,,,,,,,,,,,,,,,,,
2023-04-29 11:10:10,2023-04-29 11:10:10,2,,100,0,1,2023-04-29 11:10:10,R_6JYmtJZxg7Fypw2,,,,,,,test,,1,3,1,,,,,,,,,,,,,,,,,,,,,,,,,,,,,,,,,,,,,,,,,,,,,,,,,,,,,,,,,,,,,,,,,,,,,,,,,,
2023-04-29 11:10:10,2023-04-29 11:10:10,2,,100,0,1,2023-04-29 11:10:10,R_aWxyMKqWuWPF6NE,,,,,,,test,,2,,,,,,,,,,,,,,,,,,,,,,,,,,,,,,,,,,,,,,,,,,,,,,,,,,,,,,,,,,,,,,,,,,,,,,,,,,,,
2023-04-29 11:10:11,2023-04-29 11:10:11,2,,100,0,1,2023-04-29 11:10:11,R_aaQRhCgHdf7yi34,,,,,,,test,,2,,,,,,,,,,,,,,,,,,,,,,,,,,,,,,,,,,,,,,,,,,,,,,,,,,,,,,,,,,,,,,,,,,,,,,,,,,,,
2023-04-29 11:10:11,2023-04-29 11:10:11,2,,100,0,1,2023-04-29 11:10:12,R_cSIXe5sHl7d8ZbU,,,,,,,test,,1,2,2,6.32,9.2,7.37,31,5.05,5.22,7.07,35,32,95,31,36,74,,,,,,,,,,,,,,,,,,,,,,,,,,,,,,,,,,,,,,,,,,2,2,69,2,,Et et. Fringilla dignissim duis! Culpa gravida faucibus dapibus suscipit gravida sodales blandit tempor.,3,,,,FL_39,Q116|vB_frm_liab_AV_cnstr|vA_liab_AV_cnstr,Q122|vA_cntrfctl_AV_cnstr|vB_cntrfctl_AV_cnstr|avoid_AV_cnstr,,,,,,,
2023-04-29 11:10:12,2023-04-29 11:10:12,2,,100,0,1,2023-04-29 11:10:12,R_ebRViPflh8hgtqS,,,,,,,test,,1,4,2,,,,,,,,,,,,,,,,,,,,,,,,,,,,,,,,,,,,,,,,,,,,,,,,,,,,,,,,,,,,,,,,,,,,,,,,,,
2023-04-29 11:10:12,2023-04-29 11:10:12,2,,100,0,1,2023-04-29 11:10:13,R_9BUazcpYMdDy5Po,,,,,,,test,,1,2,2,,,,,,,,,,,,,,4.35,8.49,9.27,38,6.35,7.64,7.69,48,26,43,84,57,57,27,,,,,,,,,,,,,,,,,,,,,,,,,,,,2,1,22,1,,Turpis porta. Euismod dui dignissim. Proin! Praesent ultricies lacus magna proin nibh.,8,Accumsan tincidunt pretium donec potenti fermentum facilisi pellentesque montes eleifend magnis egestas per potenti id.,,,FL_40,,,Q90|vB_drivr_liab_cnstr|vB_frm_liab_cnstr|vA_liab_cnstr,Q71|vA_cntrfctl_cnstr|vB_cntrfctl_cnstr|avoid_cnstr,,,,,
2023-04-29 11:10:13,2023-04-29 11:10:13,2,,100,0,1,2023-04-29 11:10:13,R_7OFn4wO8BdBtigm,,,,,,,test,,1,2,1,,,,,,,,,,,,,,,,,,,,,,,,,,,,,,,,,,,,,,,,,,,,,,,,,,,,,,,,,,,,,,,,,,,,,,,,,,
2023-04-29 11:10:13,2023-04-29 11:10:13,2,,100,0,1,2023-04-29 11:10:13,R_6mXkIGQTXn98Nwi,,,,,,,test,,1,4,2,,,,,,,,,,,,,,,,,,,,,,,,,,,,,,,,,,,,,,,,,,,,,,,,,,,,,,,,,,,,,,,,,,,,,,,,,,
2023-04-29 11:10:14,2023-04-29 11:10:14,2,,100,0,1,2023-04-29 11:10:14,R_2sMewMxxQCA4glg,,,,,,,test,,1,2,2,,,,,,,,,,,,,,,,,,,,,,,,,,,,9.98,9.99,10,12,5.39,6.68,8.74,38,99,15,47,36,13,,,,,,,,,,,,,,,1,1,43,4,"Amet! Id commodo ligula, lectus sem laoreet egestas gravida? Mattis ultrices aliquam fusce nonummy.","Orci. Porttitor convallis nibh dolor! Mattis lectus pede, orci facilisi dignissim.",1,,,,FL_54,,,,,Q231|vA_liab_AV|vB_frm_liab_AV,Q234|vA_cntrfctl_AV|vB_cntrfctl_AV|avoid_AV,,,
2023-04-29 11:10:14,2023-04-29 11:10:14,2,,100,0,1,2023-04-29 11:10:14,R_8c8f33MCs8zSZjU,,,,,,,test,,1,1,1,,,,,,,,,,,,,,,,,,,,,,,,,,,,,,,,,,,,,,,,,,,,,,,,,,,,,,,,,,,,,,,,,,,,,,,,,,
2023-04-29 11:10:15,2023-04-29 11:10:15,2,,100,0,1,2023-04-29 11:10:15,R_0Ta2SYlviRUSdoi,,,,,,,test,,2,,,,,,,,,,,,,,,,,,,,,,,,,,,,,,,,,,,,,,,,,,,,,,,,,,,,,,,,,,,,,,,,,,,,,,,,,,,,
2023-04-29 11:10:15,2023-04-29 11:10:15,2,,100,0,1,2023-04-29 11:10:15,R_eY6agfVfN1xlV1s,,,,,,,test,,1,3,1,,,,,,,,,,,,,,,,,,,,,,,,,,,,,,,,,,,,,,,,,,,,,,,,,,,,,,,,,,,,,,,,,,,,,,,,,,
2023-04-29 11:10:16,2023-04-29 11:10:16,2,,100,0,1,2023-04-29 11:10:16,R_3fVi16XTwcRgD7E,,,,,,,test,,1,1,1,,,,,,,,,,,,,,,,,,,,,,,,,,,,,,,,,,,,,,,,,,,,,,,,,,,,,,,,,,,,,,,,,,,,,,,,,,
2023-04-29 11:10:16,2023-04-29 11:10:16,2,,100,0,1,2023-04-29 11:10:16,R_9SRoqa6JiYEhFtA,,,,,,,test,,2,,,,,,,,,,,,,,,,,,,,,,,,,,,,,,,,,,,,,,,,,,,,,,,,,,,,,,,,,,,,,,,,,,,,,,,,,,,,
2023-04-29 11:10:16,2023-04-29 11:10:16,2,,100,0,1,2023-04-29 11:10:17,R_2sJ1bIvTCptuZeK,,,,,,,test,,2,,,,,,,,,,,,,,,,,,,,,,,,,,,,,,,,,,,,,,,,,,,,,,,,,,,,,,,,,,,,,,,,,,,,,,,,,,,,
2023-04-29 11:10:17,2023-04-29 11:10:17,2,,100,0,1,2023-04-29 11:10:17,R_dpurcHMCFuCKHps,,,,,,,test,,2,,,,,,,,,,,,,,,,,,,,,,,,,,,,,,,,,,,,,,,,,,,,,,,,,,,,,,,,,,,,,,,,,,,,,,,,,,,,
2023-04-29 11:10:17,2023-04-29 11:10:17,2,,100,0,1,2023-04-29 11:10:17,R_aXYEQHAvq8NMyxM,,,,,,,test,,2,,,,,,,,,,,,,,,,,,,,,,,,,,,,,,,,,,,,,,,,,,,,,,,,,,,,,,,,,,,,,,,,,,,,,,,,,,,,
2023-04-29 11:10:18,2023-04-29 11:10:18,2,,100,0,1,2023-04-29 11:10:18,R_5iDOcAhGJvDInqK,,,,,,,test,,2,,,,,,,,,,,,,,,,,,,,,,,,,,,,,,,,,,,,,,,,,,,,,,,,,,,,,,,,,,,,,,,,,,,,,,,,,,,,
2023-04-29 11:10:18,2023-04-29 11:10:18,2,,100,0,1,2023-04-29 11:10:18,R_2gidFhQwJyUcqEe,,,,,,,test,,1,4,1,,,,,,,,,,,,,,,,,,,,,,,,,,,,,,,,,,,,,,,,,,,,,,,,,,,,,,,,,,,,,,,,,,,,,,,,,,
2023-04-29 11:10:18,2023-04-29 11:10:19,2,,100,1,1,2023-04-29 11:10:19,R_ahsgFAHKz96C7Xg,,,,,,,test,,1,3,2,,,,,,,,,,,,,,,,,,,,,,,,,,,,,,,,,,,,,,,,,,,,,,,,,,,,,,,,,,,,,,,,,,,,,,,,,,
2023-04-29 11:10:19,2023-04-29 11:10:19,2,,100,0,1,2023-04-29 11:10:19,R_6GuOBiNIgtTdrTw,,,,,,,test,,2,,,,,,,,,,,,,,,,,,,,,,,,,,,,,,,,,,,,,,,,,,,,,,,,,,,,,,,,,,,,,,,,,,,,,,,,,,,,
2023-04-29 11:10:19,2023-04-29 11:10:19,2,,100,0,1,2023-04-29 11:10:20,R_9ttlQ3Tw7GFMZEi,,,,,,,test,,2,,,,,,,,,,,,,,,,,,,,,,,,,,,,,,,,,,,,,,,,,,,,,,,,,,,,,,,,,,,,,,,,,,,,,,,,,,,,
2023-04-29 11:10:20,2023-04-29 11:10:20,2,,100,0,1,2023-04-29 11:10:20,R_0SQgHW99J5m9iZ0,,,,,,,test,,1,4,1,,,,,,,,,,,,,,,,,,,,,,,,,,,,,,,,,,,,,,,,,,,,,,,,,,,,,,,,,,,,,,,,,,,,,,,,,,
2023-04-29 11:10:20,2023-04-29 11:10:20,2,,100,0,1,2023-04-29 11:10:20,R_bvd7RcQVRUbbgAS,,,,,,,test,,1,1,2,,,,,,,,,,,,,,,,,,,,,,,,,,,,,,,,,,,,,,,,,,,,,,,,,,,,,,,,,,,,,,,,,,,,,,,,,,
2023-04-29 11:10:21,2023-04-29 11:10:21,2,,100,0,1,2023-04-29 11:10:21,R_299s8mxr7IycKxg,,,,,,,test,,2,,,,,,,,,,,,,,,,,,,,,,,,,,,,,,,,,,,,,,,,,,,,,,,,,,,,,,,,,,,,,,,,,,,,,,,,,,,,
2023-04-29 11:10:21,2023-04-29 11:10:21,2,,100,0,1,2023-04-29 11:10:21,R_1B3NiLigh3amQDQ,,,,,,,test,,2,,,,,,,,,,,,,,,,,,,,,,,,,,,,,,,,,,,,,,,,,,,,,,,,,,,,,,,,,,,,,,,,,,,,,,,,,,,,
2023-04-29 11:10:22,2023-04-29 11:10:22,2,,100,0,1,2023-04-29 11:10:22,R_40jKazIuOguLUiy,,,,,,,test,,1,3,1,,,,,,,,,,,,,,,,,,,,,,,,,,,,,,,,,,,,,,,,,,,,,,,,,,,,,,,,,,,,,,,,,,,,,,,,,,
2023-04-29 11:10:22,2023-04-29 11:10:22,2,,100,0,1,2023-04-29 11:10:22,R_6GwnQLTyzDaIN5I,,,,,,,test,,1,4,1,,,,,,,,,,,,,,,,,,,,,,,,,,,,,,,,,,,,,,,,,,,,,,,,,,,,,,,,,,,,,,,,,,,,,,,,,,
2023-04-29 11:10:22,2023-04-29 11:10:22,2,,100,0,1,2023-04-29 11:10:23,R_beWD81UBEUkMNpQ,,,,,,,test,,1,4,1,,,,,,,,,,,,,,,,,,,,,,,,,,,,,,,,,,,,,,,,,,,,,,,,,,,,,,,,,,,,,,,,,,,,,,,,,,
2023-04-29 11:10:23,2023-04-29 11:10:23,2,,100,0,1,2023-04-29 11:10:23,R_cP8oaAifpV0Q1SK,,,,,,,test,,1,1,1,,,,,,,,,,,,,,,,,,,,,,,,,,,,,,,,,,,,,,,,,,,,,,,,,,,,,,,,,,,,,,,,,,,,,,,,,,
2023-04-29 11:10:23,2023-04-29 11:10:23,2,,100,0,1,2023-04-29 11:10:24,R_4ZQMu3W0O27k7tk,,,,,,,test,,1,2,2,,,,,,,,,,,,,,7.59,9.75,8.78,18,6.78,7.13,6.99,1,82,14,7,15,65,38,,,,,,,,,,,,,,,,,,,,,,,,,,,,1,2,26,1,,"At integer platea! Tellus quam purus nec, morbi amet integer facilisis non lectus faucibus, posuere.",1,,,,FL_40,,,Q90|vA_liab_cnstr|vB_frm_liab_cnstr|vB_drivr_liab_cnstr,Q71|vA_cntrfctl_cnstr|vB_cntrfctl_cnstr|avoid_cnstr,,,,,
2023-04-29 11:10:24,2023-04-29 11:10:24,2,,100,0,1,2023-04-29 11:10:24,R_bdfBPUsmUAUv8Wi,,,,,,,test,,2,,,,,,,,,,,,,,,,,,,,,,,,,,,,,,,,,,,,,,,,,,,,,,,,,,,,,,,,,,,,,,,,,,,,,,,,,,,,
2023-04-29 11:10:24,2023-04-29 11:10:24,2,,100,0,1,2023-04-29 11:10:25,R_0e22gACPKeQ5zXo,,,,,,,test,,2,,,,,,,,,,,,,,,,,,,,,,,,,,,,,,,,,,,,,,,,,,,,,,,,,,,,,,,,,,,,,,,,,,,,,,,,,,,,
2023-04-29 11:10:25,2023-04-29 11:10:25,2,,100,0,1,2023-04-29 11:10:25,R_cO6vW0NFYst7JFc,,,,,,,test,,2,,,,,,,,,,,,,,,,,,,,,,,,,,,,,,,,,,,,,,,,,,,,,,,,,,,,,,,,,,,,,,,,,,,,,,,,,,,,
2023-04-29 11:10:25,2023-04-29 11:10:25,2,,100,0,1,2023-04-29 11:10:25,R_e4lcOBqY01ZyI3Y,,,,,,,test,,2,,,,,,,,,,,,,,,,,,,,,,,,,,,,,,,,,,,,,,,,,,,,,,,,,,,,,,,,,,,,,,,,,,,,,,,,,,,,
2023-04-29 11:10:26,2023-04-29 11:10:26,2,,100,0,1,2023-04-29 11:10:26,R_77CxmDBGq2w4Y50,,,,,,,test,,1,2,1,,,,,,,,,,,,,,,,,,,,,,,,,,,,,,,,,,,,,,,,,,,,,,,,,,,,,,,,,,,,,,,,,,,,,,,,,,
2023-04-29 11:10:26,2023-04-29 11:10:26,2,,100,0,1,2023-04-29 11:10:26,R_0jQiqnyRiElooGG,,,,,,,test,,1,2,2,9.21,9.61,9.81,16,6.81,7.65,7.19,47,76,31,0,65,64,,,,,,,,,,,,,,,,,,,,,,,,,,,,,,,,,,,,,,,,,,1,2,96,4,Primis. Ligula pretium magnis. Et non! In elementum fermentum fusce.,Eros accusamus blandit temporibus nunc magnis tincidunt platea rutrum magnis arcu mattis.,5,,,,FL_39,Q116|vB_frm_liab_AV_cnstr|vA_liab_AV_cnstr,Q122|vA_cntrfctl_AV_cnstr|vB_cntrfctl_AV_cnstr|avoid_AV_cnstr,,,,,,,
2023-04-29 11:10:27,2023-04-29 11:10:27,2,,100,0,1,2023-04-29 11:10:27,R_1NTfuwvHWivhcou,,,,,,,test,,1,2,1,,,,,,,,,,,,,,,,,,,,,,,,,,,,,,,,,,,,,,,,,,,,,,,,,,,,,,,,,,,,,,,,,,,,,,,,,,
2023-04-29 11:10:27,2023-04-29 11:10:27,2,,100,0,1,2023-04-29 11:10:28,R_2gK1etcWuNw74t8,,,,,,,test,,1,2,2,,,,,,,,,,,,,,,,,,,,,,,,,,,,1.53,5.69,2.32,50,8.51,9.23,9.13,25,3,2,50,6,17,,,,,,,,,,,,,,,2,2,58,2,,"Et odio, platea gravida etiam euismod. Imperdiet mauris mattis. Etiam.",3,,,,FL_54,,,,,Q231|vB_frm_liab_AV|vA_liab_AV,Q234|vB_cntrfctl_AV|vA_cntrfctl_AV|avoid_AV,,,
2023-04-29 11:10:28,2023-04-29 11:10:28,2,,100,0,1,2023-04-29 11:10:28,R_enWg1ALwkNpyLps,,,,,,,test,,1,4,2,,,,,,,,,,,,,,,,,,,,,,,,,,,,,,,,,,,,,,,,,,,,,,,,,,,,,,,,,,,,,,,,,,,,,,,,,,
2023-04-29 11:10:28,2023-04-29 11:10:28,2,,100,0,1,2023-04-29 11:10:28,R_a3ixvabacprc58i,,,,,,,test,,1,3,2,,,,,,,,,,,,,,,,,,,,,,,,,,,,,,,,,,,,,,,,,,,,,,,,,,,,,,,,,,,,,,,,,,,,,,,,,,
2023-04-29 11:10:29,2023-04-29 11:10:29,2,,100,0,1,2023-04-29 11:10:29,R_9Leyj3pEAQSRc7I,,,,,,,test,,1,1,2,,,,,,,,,,,,,,,,,,,,,,,,,,,,,,,,,,,,,,,,,,,,,,,,,,,,,,,,,,,,,,,,,,,,,,,,,,
2023-04-29 11:10:29,2023-04-29 11:10:29,2,,100,0,1,2023-04-29 11:10:29,R_1Gshu8Veo41aBLg,,,,,,,test,,1,4,1,,,,,,,,,,,,,,,,,,,,,,,,,,,,,,,,,,,,,,,,,,,,,,,,,,,,,,,,,,,,,,,,,,,,,,,,,,
2023-04-29 11:10:29,2023-04-29 11:10:29,2,,100,0,1,2023-04-29 11:10:30,R_bk3hPuCMMBDvMMe,,,,,,,test,,2,,,,,,,,,,,,,,,,,,,,,,,,,,,,,,,,,,,,,,,,,,,,,,,,,,,,,,,,,,,,,,,,,,,,,,,,,,,,
2023-04-29 11:10:30,2023-04-29 11:10:30,2,,100,0,1,2023-04-29 11:10:30,R_0xK3lMs17gTfVSm,,,,,,,test,,2,,,,,,,,,,,,,,,,,,,,,,,,,,,,,,,,,,,,,,,,,,,,,,,,,,,,,,,,,,,,,,,,,,,,,,,,,,,,
2023-04-29 11:10:30,2023-04-29 11:10:30,2,,100,0,1,2023-04-29 11:10:31,R_6yeDAOO4z0Zujm6,,,,,,,test,,2,,,,,,,,,,,,,,,,,,,,,,,,,,,,,,,,,,,,,,,,,,,,,,,,,,,,,,,,,,,,,,,,,,,,,,,,,,,,
2023-04-29 11:10:31,2023-04-29 11:10:31,2,,100,0,1,2023-04-29 11:10:31,R_9HaiSuzb0s5Ql14,,,,,,,test,,1,2,2,,,,,,,,,,,,,,,,,,,,,,,,,,,,,,,,,,,,,,,,,8.41,9.39,9.69,49,4.2,8.29,6.04,39,88,97,68,86,77,47,2,1,77,2,,Fringilla a nulla volutpat amet bibendum. Nibh velit neque auctor.,8,Tempor dictumst non gravida suspendisse fermentum praesent imperdiet! Nibh rutrum eu vitae atque.,,,FL_58,,,,,,,Q243|vB_frm_liab|vB_drivr_liab|vA_liab,Q247|vB_cntrfctl|vA_cntrfctl|avoid,
2023-04-29 11:10:31,2023-04-29 11:10:31,2,,100,0,1,2023-04-29 11:10:32,R_eyBb2p8OvVwR5xY,,,,,,,test,,1,2,2,,,,,,,,,,,,,,,,,,,,,,,,,,,,,,,,,,,,,,,,,1.36,7.95,3.24,33,0.46,2.9,7.09,30,99,77,64,65,48,43,1,1,14,1,,"Tempus felis risus, luctus neque risus lacus massa imperdiet luctus consectetuer.",5,,,,FL_58,,,,,,,Q243|vA_liab|vB_drivr_liab|vB_frm_liab,Q247|vB_cntrfctl|vA_cntrfctl|avoid,
2023-04-29 11:10:32,2023-04-29 11:10:32,2,,100,0,1,2023-04-29 11:10:32,R_8GNkJEd3EBqG9oy,,,,,,,test,,2,,,,,,,,,,,,,,,,,,,,,,,,,,,,,,,,,,,,,,,,,,,,,,,,,,,,,,,,,,,,,,,,,,,,,,,,,,,,
2023-04-29 11:10:32,2023-04-29 11:10:32,2,,100,0,1,2023-04-29 11:10:33,R_6ywCUjVNUKvcFhQ,,,,,,,test,,2,,,,,,,,,,,,,,,,,,,,,,,,,,,,,,,,,,,,,,,,,,,,,,,,,,,,,,,,,,,,,,,,,,,,,,,,,,,,
2023-04-29 11:10:33,2023-04-29 11:10:33,2,,100,0,1,2023-04-29 11:10:33,R_bIe0x51pCzLJd3M,,,,,,,test,,1,4,1,,,,,,,,,,,,,,,,,,,,,,,,,,,,,,,,,,,,,,,,,,,,,,,,,,,,,,,,,,,,,,,,,,,,,,,,,,
2023-04-29 11:10:33,2023-04-29 11:10:33,2,,100,0,1,2023-04-29 11:10:34,R_cYDqSLgcgeLL26i,,,,,,,test,,2,,,,,,,,,,,,,,,,,,,,,,,,,,,,,,,,,,,,,,,,,,,,,,,,,,,,,,,,,,,,,,,,,,,,,,,,,,,,
2023-04-29 11:10:34,2023-04-29 11:10:34,2,,100,0,1,2023-04-29 11:10:34,R_bvCM2xMZ5Y7ivf8,,,,,,,test,,2,,,,,,,,,,,,,,,,,,,,,,,,,,,,,,,,,,,,,,,,,,,,,,,,,,,,,,,,,,,,,,,,,,,,,,,,,,,,
2023-04-29 11:10:34,2023-04-29 11:10:34,2,,100,0,1,2023-04-29 11:10:35,R_b1LREL7ih4j31uC,,,,,,,test,,1,3,1,,,,,,,,,,,,,,,,,,,,,,,,,,,,,,,,,,,,,,,,,,,,,,,,,,,,,,,,,,,,,,,,,,,,,,,,,,
2023-04-29 11:10:35,2023-04-29 11:10:35,2,,100,0,1,2023-04-29 11:10:35,R_7P4yVYiYOvQF1f8,,,,,,,test,,2,,,,,,,,,,,,,,,,,,,,,,,,,,,,,,,,,,,,,,,,,,,,,,,,,,,,,,,,,,,,,,,,,,,,,,,,,,,,
2023-04-29 11:10:35,2023-04-29 11:10:35,2,,100,0,1,2023-04-29 11:10:36,R_9S673550wi5ekCy,,,,,,,test,,2,,,,,,,,,,,,,,,,,,,,,,,,,,,,,,,,,,,,,,,,,,,,,,,,,,,,,,,,,,,,,,,,,,,,,,,,,,,,
2023-04-29 11:10:36,2023-04-29 11:10:36,2,,100,0,1,2023-04-29 11:10:36,R_1St9eJguvjmBxSm,,,,,,,test,,2,,,,,,,,,,,,,,,,,,,,,,,,,,,,,,,,,,,,,,,,,,,,,,,,,,,,,,,,,,,,,,,,,,,,,,,,,,,,
2023-04-29 11:10:36,2023-04-29 11:10:36,2,,100,0,1,2023-04-29 11:10:36,R_5sBeMRn0gTCydf0,,,,,,,test,,2,,,,,,,,,,,,,,,,,,,,,,,,,,,,,,,,,,,,,,,,,,,,,,,,,,,,,,,,,,,,,,,,,,,,,,,,,,,,
2023-04-29 11:10:37,2023-04-29 11:10:37,2,,100,0,1,2023-04-29 11:10:37,R_bxEonB5eTgrkIZ0,,,,,,,test,,2,,,,,,,,,,,,,,,,,,,,,,,,,,,,,,,,,,,,,,,,,,,,,,,,,,,,,,,,,,,,,,,,,,,,,,,,,,,,
2023-04-29 11:10:37,2023-04-29 11:10:37,2,,100,0,1,2023-04-29 11:10:37,R_bmujJSKErXhjHw2,,,,,,,test,,1,2,2,9.64,9.79,9.88,1,1.79,9.69,2.45,48,97,66,12,64,55,,,,,,,,,,,,,,,,,,,,,,,,,,,,,,,,,,,,,,,,,,2,1,75,4,Volutpat gravida ligula primis quam dapibus vehicula! Praesent porta lacus montes. Blandit.,Accumsan tempora curabitur morbi mi ante risus viverra nullam porttitor erat.,1,,,,FL_39,Q116|vA_liab_AV_cnstr|vB_frm_liab_AV_cnstr,Q122|vB_cntrfctl_AV_cnstr|vA_cntrfctl_AV_cnstr|avoid_AV_cnstr,,,,,,,
2023-04-29 11:10:38,2023-04-29 11:10:38,2,,100,0,1,2023-04-29 11:10:38,R_6Wk3pE4pXk2U5cG,,,,,,,test,,1,4,2,,,,,,,,,,,,,,,,,,,,,,,,,,,,,,,,,,,,,,,,,,,,,,,,,,,,,,,,,,,,,,,,,,,,,,,,,,
2023-04-29 11:10:38,2023-04-29 11:10:38,2,,100,0,1,2023-04-29 11:10:38,R_3ed7sIYK7vGb1cO,,,,,,,test,,1,3,2,,,,,,,,,,,,,,,,,,,,,,,,,,,,,,,,,,,,,,,,,,,,,,,,,,,,,,,,,,,,,,,,,,,,,,,,,,
2023-04-29 11:10:38,2023-04-29 11:10:38,2,,100,0,1,2023-04-29 11:10:39,R_5jLuAHw3qFS45NQ,,,,,,,test,,2,,,,,,,,,,,,,,,,,,,,,,,,,,,,,,,,,,,,,,,,,,,,,,,,,,,,,,,,,,,,,,,,,,,,,,,,,,,,
2023-04-29 11:10:39,2023-04-29 11:10:39,2,,100,0,1,2023-04-29 11:10:39,R_6zd9cAvNXYNNxHg,,,,,,,test,,1,3,2,,,,,,,,,,,,,,,,,,,,,,,,,,,,,,,,,,,,,,,,,,,,,,,,,,,,,,,,,,,,,,,,,,,,,,,,,,
2023-04-29 11:10:39,2023-04-29 11:10:39,2,,100,0,1,2023-04-29 11:10:40,R_9yv6ZGSMkfX4Bgy,,,,,,,test,,2,,,,,,,,,,,,,,,,,,,,,,,,,,,,,,,,,,,,,,,,,,,,,,,,,,,,,,,,,,,,,,,,,,,,,,,,,,,,
2023-04-29 11:10:40,2023-04-29 11:10:40,2,,100,0,1,2023-04-29 11:10:40,R_41wptHhrq9mP6XY,,,,,,,test,,2,,,,,,,,,,,,,,,,,,,,,,,,,,,,,,,,,,,,,,,,,,,,,,,,,,,,,,,,,,,,,,,,,,,,,,,,,,,,
2023-04-29 11:10:40,2023-04-29 11:10:40,2,,100,0,1,2023-04-29 11:10:41,R_6MrtthGiHYtmtuK,,,,,,,test,,1,1,2,,,,,,,,,,,,,,,,,,,,,,,,,,,,,,,,,,,,,,,,,,,,,,,,,,,,,,,,,,,,,,,,,,,,,,,,,,
2023-04-29 11:10:41,2023-04-29 11:10:41,2,,100,0,1,2023-04-29 11:10:41,R_1BRKVNaquWk1CWG,,,,,,,test,,1,4,1,,,,,,,,,,,,,,,,,,,,,,,,,,,,,,,,,,,,,,,,,,,,,,,,,,,,,,,,,,,,,,,,,,,,,,,,,,
2023-04-29 11:10:41,2023-04-29 11:10:41,2,,100,0,1,2023-04-29 11:10:42,R_0B5CuQLF82lKonQ,,,,,,,test,,1,4,2,,,,,,,,,,,,,,,,,,,,,,,,,,,,,,,,,,,,,,,,,,,,,,,,,,,,,,,,,,,,,,,,,,,,,,,,,,
2023-04-29 11:10:42,2023-04-29 11:10:42,2,,100,0,1,2023-04-29 11:10:42,R_6tcyVtHRY4l7bx4,,,,,,,test,,2,,,,,,,,,,,,,,,,,,,,,,,,,,,,,,,,,,,,,,,,,,,,,,,,,,,,,,,,,,,,,,,,,,,,,,,,,,,,
2023-04-29 11:10:42,2023-04-29 11:10:42,2,,100,0,1,2023-04-29 11:10:43,R_5cDylNw8GRx0Rz8,,,,,,,test,,2,,,,,,,,,,,,,,,,,,,,,,,,,,,,,,,,,,,,,,,,,,,,,,,,,,,,,,,,,,,,,,,,,,,,,,,,,,,,
2023-04-29 11:10:43,2023-04-29 11:10:43,2,,100,0,1,2023-04-29 11:10:43,R_6grddVF9zFieOjk,,,,,,,test,,1,2,2,,,,,,,,,,,,,,8.68,8.86,9.13,12,0.95,8.5,4.44,22,32,50,24,45,47,75,,,,,,,,,,,,,,,,,,,,,,,,,,,,1,2,65,4,"Donec maecenas commodo, iaculis tincidunt aliquet cras lacus dapibus nulla.","Risus imperdiet, egestas rhoncus pede facilisi temporibus ligula! Dapibus curabitur.",3,,,,FL_40,,,Q90|vB_frm_liab_cnstr|vA_liab_cnstr|vB_drivr_liab_cnstr,Q71|vB_cntrfctl_cnstr|vA_cntrfctl_cnstr|avoid_cnstr,,,,,
2023-04-29 11:10:43,2023-04-29 11:10:43,2,,100,0,1,2023-04-29 11:10:44,R_e9x4ecVyxAxxl4O,,,,,,,test,,2,,,,,,,,,,,,,,,,,,,,,,,,,,,,,,,,,,,,,,,,,,,,,,,,,,,,,,,,,,,,,,,,,,,,,,,,,,,,
2023-04-29 11:10:44,2023-04-29 11:10:44,2,,100,0,1,2023-04-29 11:10:44,R_5BdjBdoZDo3al3o,,,,,,,test,,1,1,1,,,,,,,,,,,,,,,,,,,,,,,,,,,,,,,,,,,,,,,,,,,,,,,,,,,,,,,,,,,,,,,,,,,,,,,,,,
2023-04-29 11:10:44,2023-04-29 11:10:44,2,,100,0,1,2023-04-29 11:10:44,R_cPcRHmdF8EalYbQ,,,,,,,test,,2,,,,,,,,,,,,,,,,,,,,,,,,,,,,,,,,,,,,,,,,,,,,,,,,,,,,,,,,,,,,,,,,,,,,,,,,,,,,
2023-04-29 11:10:45,2023-04-29 11:10:45,2,,100,0,1,2023-04-29 11:10:45,R_24vseIQ9MiRBwCG,,,,,,,test,,2,,,,,,,,,,,,,,,,,,,,,,,,,,,,,,,,,,,,,,,,,,,,,,,,,,,,,,,,,,,,,,,,,,,,,,,,,,,,
2023-04-29 11:10:45,2023-04-29 11:10:45,2,,100,0,1,2023-04-29 11:10:45,R_doGJ7WobdePV7Iq,,,,,,,test,,1,4,1,,,,,,,,,,,,,,,,,,,,,,,,,,,,,,,,,,,,,,,,,,,,,,,,,,,,,,,,,,,,,,,,,,,,,,,,,,
2023-04-29 11:10:45,2023-04-29 11:10:45,2,,100,0,1,2023-04-29 11:10:46,R_8H6ZGTcdGjn7jSe,,,,,,,test,,2,,,,,,,,,,,,,,,,,,,,,,,,,,,,,,,,,,,,,,,,,,,,,,,,,,,,,,,,,,,,,,,,,,,,,,,,,,,,
2023-04-29 11:10:46,2023-04-29 11:10:46,2,,100,0,1,2023-04-29 11:10:46,R_bC9JYd10vTR3DHE,,,,,,,test,,2,,,,,,,,,,,,,,,,,,,,,,,,,,,,,,,,,,,,,,,,,,,,,,,,,,,,,,,,,,,,,,,,,,,,,,,,,,,,
2023-04-29 11:10:46,2023-04-29 11:10:46,2,,100,0,1,2023-04-29 11:10:46,R_01EJBBUSkzRXBaK,,,,,,,test,,1,1,2,,,,,,,,,,,,,,,,,,,,,,,,,,,,,,,,,,,,,,,,,,,,,,,,,,,,,,,,,,,,,,,,,,,,,,,,,,
2023-04-29 11:10:47,2023-04-29 11:10:47,2,,100,0,1,2023-04-29 11:10:47,R_eWMPi6vaPRFLSKi,,,,,,,test,,2,,,,,,,,,,,,,,,,,,,,,,,,,,,,,,,,,,,,,,,,,,,,,,,,,,,,,,,,,,,,,,,,,,,,,,,,,,,,
2023-04-29 11:10:47,2023-04-29 11:10:47,2,,100,0,1,2023-04-29 11:10:47,R_2bBUxz3QXUe2mi2,,,,,,,test,,2,,,,,,,,,,,,,,,,,,,,,,,,,,,,,,,,,,,,,,,,,,,,,,,,,,,,,,,,,,,,,,,,,,,,,,,,,,,,
2023-04-29 11:10:47,2023-04-29 11:10:47,2,,100,0,1,2023-04-29 11:10:48,R_begAA1MedPlihqm,,,,,,,test,,2,,,,,,,,,,,,,,,,,,,,,,,,,,,,,,,,,,,,,,,,,,,,,,,,,,,,,,,,,,,,,,,,,,,,,,,,,,,,
2023-04-29 11:10:48,2023-04-29 11:10:48,2,,100,0,1,2023-04-29 11:10:48,R_bfowjgX1jUvrivA,,,,,,,test,,1,1,2,,,,,,,,,,,,,,,,,,,,,,,,,,,,,,,,,,,,,,,,,,,,,,,,,,,,,,,,,,,,,,,,,,,,,,,,,,
2023-04-29 11:10:48,2023-04-29 11:10:48,2,,100,0,1,2023-04-29 11:10:49,R_eeCcilFIZy1U086,,,,,,,test,,2,,,,,,,,,,,,,,,,,,,,,,,,,,,,,,,,,,,,,,,,,,,,,,,,,,,,,,,,,,,,,,,,,,,,,,,,,,,,
2023-04-29 11:10:49,2023-04-29 11:10:49,2,,100,0,1,2023-04-29 11:10:49,R_1R01qNJnzyiDnFk,,,,,,,test,,2,,,,,,,,,,,,,,,,,,,,,,,,,,,,,,,,,,,,,,,,,,,,,,,,,,,,,,,,,,,,,,,,,,,,,,,,,,,,
2023-04-29 11:10:49,2023-04-29 11:10:49,2,,100,0,1,2023-04-29 11:10:49,R_eWIjYduRfOKXwIm,,,,,,,test,,2,,,,,,,,,,,,,,,,,,,,,,,,,,,,,,,,,,,,,,,,,,,,,,,,,,,,,,,,,,,,,,,,,,,,,,,,,,,,
2023-04-29 11:10:50,2023-04-29 11:10:50,2,,100,0,1,2023-04-29 11:10:50,R_9Xl31qWwwWaq8eO,,,,,,,test,,2,,,,,,,,,,,,,,,,,,,,,,,,,,,,,,,,,,,,,,,,,,,,,,,,,,,,,,,,,,,,,,,,,,,,,,,,,,,,
2023-04-29 11:10:50,2023-04-29 11:10:50,2,,100,0,1,2023-04-29 11:10:50,R_d1l8hQm3WxrM7gW,,,,,,,test,,1,1,2,,,,,,,,,,,,,,,,,,,,,,,,,,,,,,,,,,,,,,,,,,,,,,,,,,,,,,,,,,,,,,,,,,,,,,,,,,
2023-04-29 11:10:50,2023-04-29 11:10:51,2,,100,1,1,2023-04-29 11:10:51,R_8ABEddj4uHjyLKC,,,,,,,test,,1,4,2,,,,,,,,,,,,,,,,,,,,,,,,,,,,,,,,,,,,,,,,,,,,,,,,,,,,,,,,,,,,,,,,,,,,,,,,,,
2023-04-29 11:10:51,2023-04-29 11:10:51,2,,100,0,1,2023-04-29 11:10:51,R_4TqyboIsivcu0fQ,,,,,,,test,,2,,,,,,,,,,,,,,,,,,,,,,,,,,,,,,,,,,,,,,,,,,,,,,,,,,,,,,,,,,,,,,,,,,,,,,,,,,,,
2023-04-29 11:10:51,2023-04-29 11:10:51,2,,100,0,1,2023-04-29 11:10:52,R_3rWPSV9z6jO6MVE,,,,,,,test,,1,4,2,,,,,,,,,,,,,,,,,,,,,,,,,,,,,,,,,,,,,,,,,,,,,,,,,,,,,,,,,,,,,,,,,,,,,,,,,,
2023-04-29 11:10:52,2023-04-29 11:10:52,2,,100,0,1,2023-04-29 11:10:52,R_4JvfZCiwJii2zQi,,,,,,,test,,1,4,2,,,,,,,,,,,,,,,,,,,,,,,,,,,,,,,,,,,,,,,,,,,,,,,,,,,,,,,,,,,,,,,,,,,,,,,,,,
2023-04-29 11:10:52,2023-04-29 11:10:52,2,,100,0,1,2023-04-29 11:10:53,R_5c0l18bvF8rWJF4,,,,,,,test,,2,,,,,,,,,,,,,,,,,,,,,,,,,,,,,,,,,,,,,,,,,,,,,,,,,,,,,,,,,,,,,,,,,,,,,,,,,,,,
2023-04-29 11:10:53,2023-04-29 11:10:53,2,,100,0,1,2023-04-29 11:10:53,R_8pj499lYP1C0xAa,,,,,,,test,,1,1,1,,,,,,,,,,,,,,,,,,,,,,,,,,,,,,,,,,,,,,,,,,,,,,,,,,,,,,,,,,,,,,,,,,,,,,,,,,
2023-04-29 11:10:53,2023-04-29 11:10:53,2,,100,0,1,2023-04-29 11:10:53,R_1Sq5VWwlTcnb3dY,,,,,,,test,,1,1,1,,,,,,,,,,,,,,,,,,,,,,,,,,,,,,,,,,,,,,,,,,,,,,,,,,,,,,,,,,,,,,,,,,,,,,,,,,
2023-04-29 11:10:54,2023-04-29 11:10:54,2,,100,0,1,2023-04-29 11:10:54,R_0NUlqTHWA3r7mse,,,,,,,test,,2,,,,,,,,,,,,,,,,,,,,,,,,,,,,,,,,,,,,,,,,,,,,,,,,,,,,,,,,,,,,,,,,,,,,,,,,,,,,
2023-04-29 11:10:54,2023-04-29 11:10:54,2,,100,0,1,2023-04-29 11:10:54,R_eLhYPCuBYaV3HAG,,,,,,,test,,2,,,,,,,,,,,,,,,,,,,,,,,,,,,,,,,,,,,,,,,,,,,,,,,,,,,,,,,,,,,,,,,,,,,,,,,,,,,,
2023-04-29 11:10:54,2023-04-29 11:10:54,2,,100,0,1,2023-04-29 11:10:55,R_80xc9qePZT8xdnE,,,,,,,test,,1,3,1,,,,,,,,,,,,,,,,,,,,,,,,,,,,,,,,,,,,,,,,,,,,,,,,,,,,,,,,,,,,,,,,,,,,,,,,,,
2023-04-29 11:10:55,2023-04-29 11:10:55,2,,100,0,1,2023-04-29 11:10:55,R_eKT7dzr88bjNAea,,,,,,,test,,1,4,2,,,,,,,,,,,,,,,,,,,,,,,,,,,,,,,,,,,,,,,,,,,,,,,,,,,,,,,,,,,,,,,,,,,,,,,,,,
2023-04-29 11:10:55,2023-04-29 11:10:55,2,,100,0,1,2023-04-29 11:10:56,R_eaGWAXTG2F04hUO,,,,,,,test,,1,1,1,,,,,,,,,,,,,,,,,,,,,,,,,,,,,,,,,,,,,,,,,,,,,,,,,,,,,,,,,,,,,,,,,,,,,,,,,,
2023-04-29 11:10:56,2023-04-29 11:10:56,2,,100,0,1,2023-04-29 11:10:56,R_9Zddyy5wia2f2T4,,,,,,,test,,1,2,1,,,,,,,,,,,,,,,,,,,,,,,,,,,,,,,,,,,,,,,,,,,,,,,,,,,,,,,,,,,,,,,,,,,,,,,,,,
2023-04-29 11:10:56,2023-04-29 11:10:56,2,,100,0,1,2023-04-29 11:10:56,R_emoFEyRhqEhATiu,,,,,,,test,,2,,,,,,,,,,,,,,,,,,,,,,,,,,,,,,,,,,,,,,,,,,,,,,,,,,,,,,,,,,,,,,,,,,,,,,,,,,,,
2023-04-29 11:10:57,2023-04-29 11:10:57,2,,100,0,1,2023-04-29 11:10:57,R_1YXF5E3EmrLfNga,,,,,,,test,,2,,,,,,,,,,,,,,,,,,,,,,,,,,,,,,,,,,,,,,,,,,,,,,,,,,,,,,,,,,,,,,,,,,,,,,,,,,,,
2023-04-29 11:10:57,2023-04-29 11:10:57,2,,100,0,1,2023-04-29 11:10:57,R_1HTFTyIfYcQoa6G,,,,,,,test,,1,2,1,,,,,,,,,,,,,,,,,,,,,,,,,,,,,,,,,,,,,,,,,,,,,,,,,,,,,,,,,,,,,,,,,,,,,,,,,,
2023-04-29 11:10:58,2023-04-29 11:10:58,2,,100,0,1,2023-04-29 11:10:58,R_82lU9NyNEzMnIKa,,,,,,,test,,2,,,,,,,,,,,,,,,,,,,,,,,,,,,,,,,,,,,,,,,,,,,,,,,,,,,,,,,,,,,,,,,,,,,,,,,,,,,,
2023-04-29 11:10:58,2023-04-29 11:10:58,2,,100,0,1,2023-04-29 11:10:58,R_erNLz999Pn8whBI,,,,,,,test,,1,3,2,,,,,,,,,,,,,,,,,,,,,,,,,,,,,,,,,,,,,,,,,,,,,,,,,,,,,,,,,,,,,,,,,,,,,,,,,,
2023-04-29 11:10:58,2023-04-29 11:10:58,2,,100,0,1,2023-04-29 11:10:59,R_0IMYh0OV06Zv1Qi,,,,,,,test,,1,4,1,,,,,,,,,,,,,,,,,,,,,,,,,,,,,,,,,,,,,,,,,,,,,,,,,,,,,,,,,,,,,,,,,,,,,,,,,,
2023-04-29 11:10:59,2023-04-29 11:10:59,2,,100,0,1,2023-04-29 11:10:59,R_55NkwMd06kknRsy,,,,,,,test,,2,,,,,,,,,,,,,,,,,,,,,,,,,,,,,,,,,,,,,,,,,,,,,,,,,,,,,,,,,,,,,,,,,,,,,,,,,,,,
2023-04-29 11:11:00,2023-04-29 11:11:00,2,,100,0,1,2023-04-29 11:11:00,R_dm1dvKTJFIISFOS,,,,,,,test,,2,,,,,,,,,,,,,,,,,,,,,,,,,,,,,,,,,,,,,,,,,,,,,,,,,,,,,,,,,,,,,,,,,,,,,,,,,,,,
2023-04-29 11:11:00,2023-04-29 11:11:00,2,,100,0,1,2023-04-29 11:11:00,R_2bGkd0z2JdmaSrQ,,,,,,,test,,2,,,,,,,,,,,,,,,,,,,,,,,,,,,,,,,,,,,,,,,,,,,,,,,,,,,,,,,,,,,,,,,,,,,,,,,,,,,,
2023-04-29 11:11:01,2023-04-29 11:11:01,2,,100,0,1,2023-04-29 11:11:01,R_3r31jPRiUaPyKb4,,,,,,,test,,2,,,,,,,,,,,,,,,,,,,,,,,,,,,,,,,,,,,,,,,,,,,,,,,,,,,,,,,,,,,,,,,,,,,,,,,,,,,,
2023-04-29 11:11:01,2023-04-29 11:11:01,2,,100,0,1,2023-04-29 11:11:01,R_cBzqLnWzXITT1s2,,,,,,,test,,2,,,,,,,,,,,,,,,,,,,,,,,,,,,,,,,,,,,,,,,,,,,,,,,,,,,,,,,,,,,,,,,,,,,,,,,,,,,,
2023-04-29 11:11:01,2023-04-29 11:11:01,2,,100,0,1,2023-04-29 11:11:02,R_bxqOJQBghCvfeJM,,,,,,,test,,2,,,,,,,,,,,,,,,,,,,,,,,,,,,,,,,,,,,,,,,,,,,,,,,,,,,,,,,,,,,,,,,,,,,,,,,,,,,,
2023-04-29 11:11:02,2023-04-29 11:11:02,2,,100,0,1,2023-04-29 11:11:02,R_3dxAf87vocYw1Ho,,,,,,,test,,1,3,2,,,,,,,,,,,,,,,,,,,,,,,,,,,,,,,,,,,,,,,,,,,,,,,,,,,,,,,,,,,,,,,,,,,,,,,,,,
2023-04-29 11:11:02,2023-04-29 11:11:02,2,,100,0,1,2023-04-29 11:11:03,R_3t1ZjiqvJv3R2bI,,,,,,,test,,1,3,2,,,,,,,,,,,,,,,,,,,,,,,,,,,,,,,,,,,,,,,,,,,,,,,,,,,,,,,,,,,,,,,,,,,,,,,,,,
2023-04-29 11:11:03,2023-04-29 11:11:03,2,,100,0,1,2023-04-29 11:11:03,R_1A0ECCSAWJ7mbz0,,,,,,,test,,1,1,1,,,,,,,,,,,,,,,,,,,,,,,,,,,,,,,,,,,,,,,,,,,,,,,,,,,,,,,,,,,,,,,,,,,,,,,,,,
2023-04-29 11:11:03,2023-04-29 11:11:03,2,,100,0,1,2023-04-29 11:11:04,R_8uY18O6uSFqdgii,,,,,,,test,,1,3,2,,,,,,,,,,,,,,,,,,,,,,,,,,,,,,,,,,,,,,,,,,,,,,,,,,,,,,,,,,,,,,,,,,,,,,,,,,
2023-04-29 11:11:04,2023-04-29 11:11:04,2,,100,0,1,2023-04-29 11:11:04,R_7TxOwygg7otlRTU,,,,,,,test,,1,3,2,,,,,,,,,,,,,,,,,,,,,,,,,,,,,,,,,,,,,,,,,,,,,,,,,,,,,,,,,,,,,,,,,,,,,,,,,,
2023-04-29 11:11:04,2023-04-29 11:11:04,2,,100,0,1,2023-04-29 11:11:04,R_3mwc4WG2z8FyiEe,,,,,,,test,,2,,,,,,,,,,,,,,,,,,,,,,,,,,,,,,,,,,,,,,,,,,,,,,,,,,,,,,,,,,,,,,,,,,,,,,,,,,,,
2023-04-29 11:11:05,2023-04-29 11:11:05,2,,100,0,1,2023-04-29 11:11:05,R_512MlulxV0jZfFk,,,,,,,test,,1,3,1,,,,,,,,,,,,,,,,,,,,,,,,,,,,,,,,,,,,,,,,,,,,,,,,,,,,,,,,,,,,,,,,,,,,,,,,,,
2023-04-29 11:11:05,2023-04-29 11:11:05,2,,100,0,1,2023-04-29 11:11:05,R_9TQDnsvRmgoqRnM,,,,,,,test,,1,3,1,,,,,,,,,,,,,,,,,,,,,,,,,,,,,,,,,,,,,,,,,,,,,,,,,,,,,,,,,,,,,,,,,,,,,,,,,,
2023-04-29 11:11:06,2023-04-29 11:11:06,2,,100,0,1,2023-04-29 11:11:06,R_37sjjGPSyHmY1HU,,,,,,,test,,2,,,,,,,,,,,,,,,,,,,,,,,,,,,,,,,,,,,,,,,,,,,,,,,,,,,,,,,,,,,,,,,,,,,,,,,,,,,,
2023-04-29 11:11:06,2023-04-29 11:11:06,2,,100,0,1,2023-04-29 11:11:06,R_bBnVLEafGSrJEFM,,,,,,,test,,1,2,2,,,,,,,,,,,,,,,,,,,,,,,,,,,,2.46,2.47,4.43,48,7.49,7.68,9.94,5,63,20,85,12,96,,,,,,,,,,,,,,,1,2,99,3,,Temporibus primis enim ipsum? Posuere. Posuere per tortor suscipit iaculis.,8,Sodales dictumst sit nibh vulputate ipsum ullamcorper at ultrices platea nullam lacus sapien.,,,FL_54,,,,,Q231|vA_liab_AV|vB_frm_liab_AV,Q234|vA_cntrfctl_AV|vB_cntrfctl_AV|avoid_AV,,,
2023-04-29 11:11:07,2023-04-29 11:11:07,2,,100,0,1,2023-04-29 11:11:07,R_bl1msxeYLQdBLzE,,,,,,,test,,1,1,2,,,,,,,,,,,,,,,,,,,,,,,,,,,,,,,,,,,,,,,,,,,,,,,,,,,,,,,,,,,,,,,,,,,,,,,,,,
2023-04-29 11:11:07,2023-04-29 11:11:07,2,,100,0,1,2023-04-29 11:11:07,R_8i7E20QnB2pOMgC,,,,,,,test,,1,1,1,,,,,,,,,,,,,,,,,,,,,,,,,,,,,,,,,,,,,,,,,,,,,,,,,,,,,,,,,,,,,,,,,,,,,,,,,,
2023-04-29 11:11:08,2023-04-29 11:11:08,2,,100,0,1,2023-04-29 11:11:08,R_0llr1QphHPAwJH8,,,,,,,test,,1,4,2,,,,,,,,,,,,,,,,,,,,,,,,,,,,,,,,,,,,,,,,,,,,,,,,,,,,,,,,,,,,,,,,,,,,,,,,,,
2023-04-29 11:11:08,2023-04-29 11:11:08,2,,100,0,1,2023-04-29 11:11:08,R_dm1Y5mu715zR3Dw,,,,,,,test,,1,1,2,,,,,,,,,,,,,,,,,,,,,,,,,,,,,,,,,,,,,,,,,,,,,,,,,,,,,,,,,,,,,,,,,,,,,,,,,,
2023-04-29 11:11:09,2023-04-29 11:11:09,2,,100,0,1,2023-04-29 11:11:09,R_37xU53VKK3kEzvo,,,,,,,test,,2,,,,,,,,,,,,,,,,,,,,,,,,,,,,,,,,,,,,,,,,,,,,,,,,,,,,,,,,,,,,,,,,,,,,,,,,,,,,
2023-04-29 11:11:09,2023-04-29 11:11:09,2,,100,0,1,2023-04-29 11:11:09,R_5ju1PDmR64u9Kaa,,,,,,,test,,1,2,2,,,,,,,,,,,,,,,,,,,,,,,,,,,,1.06,1.62,2.74,45,6.6,9.79,6.78,37,82,42,46,93,47,,,,,,,,,,,,,,,2,2,86,2,,Elit natoque donec massa placerat pretium praesent pretium amet pellentesque neque montes.,6,,,,FL_54,,,,,Q231|vA_liab_AV|vB_frm_liab_AV,Q234|vA_cntrfctl_AV|vB_cntrfctl_AV|avoid_AV,,,
2023-04-29 11:11:10,2023-04-29 11:11:10,2,,100,0,1,2023-04-29 11:11:10,R_3yKpy0nPVTINO1E,,,,,,,test,,2,,,,,,,,,,,,,,,,,,,,,,,,,,,,,,,,,,,,,,,,,,,,,,,,,,,,,,,,,,,,,,,,,,,,,,,,,,,,
2023-04-29 11:11:10,2023-04-29 11:11:10,2,,100,0,1,2023-04-29 11:11:10,R_9n5cVsukWyOxKGa,,,,,,,test,,1,4,2,,,,,,,,,,,,,,,,,,,,,,,,,,,,,,,,,,,,,,,,,,,,,,,,,,,,,,,,,,,,,,,,,,,,,,,,,,
2023-04-29 11:11:10,2023-04-29 11:11:11,2,,100,1,1,2023-04-29 11:11:11,R_9N2Yq3VJQN5CvGu,,,,,,,test,,1,1,2,,,,,,,,,,,,,,,,,,,,,,,,,,,,,,,,,,,,,,,,,,,,,,,,,,,,,,,,,,,,,,,,,,,,,,,,,,
2023-04-29 11:11:11,2023-04-29 11:11:11,2,,100,0,1,2023-04-29 11:11:11,R_0J8MIQmLoTVHcdo,,,,,,,test,,2,,,,,,,,,,,,,,,,,,,,,,,,,,,,,,,,,,,,,,,,,,,,,,,,,,,,,,,,,,,,,,,,,,,,,,,,,,,,
2023-04-29 11:11:11,2023-04-29 11:11:11,2,,100,0,1,2023-04-29 11:11:12,R_da6xkBwxrKMFYO2,,,,,,,test,,2,,,,,,,,,,,,,,,,,,,,,,,,,,,,,,,,,,,,,,,,,,,,,,,,,,,,,,,,,,,,,,,,,,,,,,,,,,,,
2023-04-29 11:11:12,2023-04-29 11:11:12,2,,100,0,1,2023-04-29 11:11:12,R_eWNrXeDMVT9Cg18,,,,,,,test,,2,,,,,,,,,,,,,,,,,,,,,,,,,,,,,,,,,,,,,,,,,,,,,,,,,,,,,,,,,,,,,,,,,,,,,,,,,,,,
2023-04-29 11:11:12,2023-04-29 11:11:12,2,,100,0,1,2023-04-29 11:11:12,R_9NC9PnC7V8jibIi,,,,,,,test,,2,,,,,,,,,,,,,,,,,,,,,,,,,,,,,,,,,,,,,,,,,,,,,,,,,,,,,,,,,,,,,,,,,,,,,,,,,,,,
2023-04-29 11:11:13,2023-04-29 11:11:13,2,,100,0,1,2023-04-29 11:11:13,R_0UID4TQ6SauOGxg,,,,,,,test,,2,,,,,,,,,,,,,,,,,,,,,,,,,,,,,,,,,,,,,,,,,,,,,,,,,,,,,,,,,,,,,,,,,,,,,,,,,,,,
2023-04-29 11:11:13,2023-04-29 11:11:13,2,,100,0,1,2023-04-29 11:11:13,R_a2CPZ06J71JoibA,,,,,,,test,,1,4,2,,,,,,,,,,,,,,,,,,,,,,,,,,,,,,,,,,,,,,,,,,,,,,,,,,,,,,,,,,,,,,,,,,,,,,,,,,
2023-04-29 11:11:14,2023-04-29 11:11:14,2,,100,0,1,2023-04-29 11:11:14,R_0lKA6gewzjkBMNM,,,,,,,test,,1,2,2,8.81,9.61,9.83,31,6.2,6.49,6.8,25,25,44,94,53,70,,,,,,,,,,,,,,,,,,,,,,,,,,,,,,,,,,,,,,,,,,2,2,59,2,,Duis urna neque curabitur maecenas posuere platea eros arcu enim ultricies suspendisse viverra.,1,,,,FL_39,Q116|vA_liab_AV_cnstr|vB_frm_liab_AV_cnstr,Q122|vB_cntrfctl_AV_cnstr|vA_cntrfctl_AV_cnstr|avoid_AV_cnstr,,,,,,,
2023-04-29 11:11:14,2023-04-29 11:11:14,2,,100,0,1,2023-04-29 11:11:15,R_9N3vn3OXXW4ODgq,,,,,,,test,,1,2,2,,,,,,,,,,,,,,,,,,,,,,,,,,,,,,,,,,,,,,,,,0.43,4.33,0.59,30,3.24,6.31,4.97,3,41,52,67,49,2,11,2,1,80,2,,Magnis cursus ultrices diam elementum neque gravida! Scelerisque. Accusamus rutrum aenean.,3,,,,FL_58,,,,,,,Q243|vB_drivr_liab|vB_frm_liab|vA_liab,Q247|vA_cntrfctl|vB_cntrfctl|avoid,
2023-04-29 11:11:15,2023-04-29 11:11:15,2,,100,0,1,2023-04-29 11:11:15,R_0AR0savPKrgCZAG,,,,,,,test,,2,,,,,,,,,,,,,,,,,,,,,,,,,,,,,,,,,,,,,,,,,,,,,,,,,,,,,,,,,,,,,,,,,,,,,,,,,,,,
2023-04-29 11:11:15,2023-04-29 11:11:15,2,,100,0,1,2023-04-29 11:11:15,R_6lG7vNVAieA5XDg,,,,,,,test,,2,,,,,,,,,,,,,,,,,,,,,,,,,,,,,,,,,,,,,,,,,,,,,,,,,,,,,,,,,,,,,,,,,,,,,,,,,,,,
2023-04-29 11:11:16,2023-04-29 11:11:16,2,,100,0,1,2023-04-29 11:11:16,R_eyTnGlcmnpFZLlI,,,,,,,test,,1,1,2,,,,,,,,,,,,,,,,,,,,,,,,,,,,,,,,,,,,,,,,,,,,,,,,,,,,,,,,,,,,,,,,,,,,,,,,,,
2023-04-29 11:11:16,2023-04-29 11:11:16,2,,100,0,1,2023-04-29 11:11:16,R_9pNoCEHaSCGPql0,,,,,,,test,,1,2,1,,,,,,,,,,,,,,,,,,,,,,,,,,,,,,,,,,,,,,,,,,,,,,,,,,,,,,,,,,,,,,,,,,,,,,,,,,
2023-04-29 11:11:17,2023-04-29 11:11:17,2,,100,0,1,2023-04-29 11:11:17,R_3gj3oJLbvzgDG86,,,,,,,test,,1,1,2,,,,,,,,,,,,,,,,,,,,,,,,,,,,,,,,,,,,,,,,,,,,,,,,,,,,,,,,,,,,,,,,,,,,,,,,,,
2023-04-29 11:11:17,2023-04-29 11:11:17,2,,100,0,1,2023-04-29 11:11:17,R_38Grlqsdxxhi14G,,,,,,,test,,1,1,1,,,,,,,,,,,,,,,,,,,,,,,,,,,,,,,,,,,,,,,,,,,,,,,,,,,,,,,,,,,,,,,,,,,,,,,,,,
2023-04-29 11:11:18,2023-04-29 11:11:18,2,,100,0,1,2023-04-29 11:11:18,R_8e3SqgAZ2zLseXk,,,,,,,test,,1,2,1,,,,,,,,,,,,,,,,,,,,,,,,,,,,,,,,,,,,,,,,,,,,,,,,,,,,,,,,,,,,,,,,,,,,,,,,,,
2023-04-29 11:11:18,2023-04-29 11:11:18,2,,100,0,1,2023-04-29 11:11:18,R_djuYcV7oDL3HmC2,,,,,,,test,,1,2,2,,,,,,,,,,,,,,6.44,8.57,8,48,1.52,2.01,4.83,9,23,81,94,12,60,33,,,,,,,,,,,,,,,,,,,,,,,,,,,,1,2,18,4,Aenean ligula suscipit! Culpa augue venenatis augue suspendisse urna lacus dui.,"Suscipit. Cursus nullam phasellus nonummy pede. Morbi vel nonummy at, interdum. Accumsan mauris.",5,,,,FL_40,,,Q90|vA_liab_cnstr|vB_drivr_liab_cnstr|vB_frm_liab_cnstr,Q71|vA_cntrfctl_cnstr|vB_cntrfctl_cnstr|avoid_cnstr,,,,,
2023-04-29 11:11:19,2023-04-29 11:11:19,2,,100,0,1,2023-04-29 11:11:19,R_6hg4R2fbAdmYanI,,,,,,,test,,2,,,,,,,,,,,,,,,,,,,,,,,,,,,,,,,,,,,,,,,,,,,,,,,,,,,,,,,,,,,,,,,,,,,,,,,,,,,,
2023-04-29 11:11:19,2023-04-29 11:11:19,2,,100,0,1,2023-04-29 11:11:19,R_2gZtQKNb4ZydCNU,,,,,,,test,,1,2,1,,,,,,,,,,,,,,,,,,,,,,,,,,,,,,,,,,,,,,,,,,,,,,,,,,,,,,,,,,,,,,,,,,,,,,,,,,
2023-04-29 11:11:20,2023-04-29 11:11:20,2,,100,0,1,2023-04-29 11:11:20,R_agVQURgdmnx5ZCm,,,,,,,test,,1,1,2,,,,,,,,,,,,,,,,,,,,,,,,,,,,,,,,,,,,,,,,,,,,,,,,,,,,,,,,,,,,,,,,,,,,,,,,,,
2023-04-29 11:11:20,2023-04-29 11:11:20,2,,100,0,1,2023-04-29 11:11:20,R_5cJLq7eDScHwStU,,,,,,,test,,2,,,,,,,,,,,,,,,,,,,,,,,,,,,,,,,,,,,,,,,,,,,,,,,,,,,,,,,,,,,,,,,,,,,,,,,,,,,,
2023-04-29 11:11:20,2023-04-29 11:11:20,2,,100,0,1,2023-04-29 11:11:21,R_57LXT1V9uHjMwuO,,,,,,,test,,1,3,2,,,,,,,,,,,,,,,,,,,,,,,,,,,,,,,,,,,,,,,,,,,,,,,,,,,,,,,,,,,,,,,,,,,,,,,,,,
2023-04-29 11:11:21,2023-04-29 11:11:21,2,,100,0,1,2023-04-29 11:11:21,R_50leSyM3aMbwtFQ,,,,,,,test,,1,4,1,,,,,,,,,,,,,,,,,,,,,,,,,,,,,,,,,,,,,,,,,,,,,,,,,,,,,,,,,,,,,,,,,,,,,,,,,,
2023-04-29 11:11:21,2023-04-29 11:11:21,2,,100,0,1,2023-04-29 11:11:22,R_9AD1xuGGICzGqfs,,,,,,,test,,2,,,,,,,,,,,,,,,,,,,,,,,,,,,,,,,,,,,,,,,,,,,,,,,,,,,,,,,,,,,,,,,,,,,,,,,,,,,,
2023-04-29 11:11:22,2023-04-29 11:11:22,2,,100,0,1,2023-04-29 11:11:22,R_0vQKubSGp4I62AS,,,,,,,test,,2,,,,,,,,,,,,,,,,,,,,,,,,,,,,,,,,,,,,,,,,,,,,,,,,,,,,,,,,,,,,,,,,,,,,,,,,,,,,
2023-04-29 11:11:22,2023-04-29 11:11:22,2,,100,0,1,2023-04-29 11:11:23,R_eV7NjUkQJmpePk2,,,,,,,test,,1,1,2,,,,,,,,,,,,,,,,,,,,,,,,,,,,,,,,,,,,,,,,,,,,,,,,,,,,,,,,,,,,,,,,,,,,,,,,,,
2023-04-29 11:11:23,2023-04-29 11:11:23,2,,100,0,1,2023-04-29 11:11:23,R_6Lu9bNWi3bw50kS,,,,,,,test,,2,,,,,,,,,,,,,,,,,,,,,,,,,,,,,,,,,,,,,,,,,,,,,,,,,,,,,,,,,,,,,,,,,,,,,,,,,,,,
2023-04-29 11:11:23,2023-04-29 11:11:23,2,,100,0,1,2023-04-29 11:11:23,R_elhYP5lvDh9KIKO,,,,,,,test,,2,,,,,,,,,,,,,,,,,,,,,,,,,,,,,,,,,,,,,,,,,,,,,,,,,,,,,,,,,,,,,,,,,,,,,,,,,,,,
2023-04-29 11:11:24,2023-04-29 11:11:24,2,,100,0,1,2023-04-29 11:11:24,R_cSFOwcJjj8igyoe,,,,,,,test,,2,,,,,,,,,,,,,,,,,,,,,,,,,,,,,,,,,,,,,,,,,,,,,,,,,,,,,,,,,,,,,,,,,,,,,,,,,,,,
2023-04-29 11:11:24,2023-04-29 11:11:24,2,,100,0,1,2023-04-29 11:11:24,R_dbz4Ykd0Mr2OjAi,,,,,,,test,,2,,,,,,,,,,,,,,,,,,,,,,,,,,,,,,,,,,,,,,,,,,,,,,,,,,,,,,,,,,,,,,,,,,,,,,,,,,,,
2023-04-29 11:11:24,2023-04-29 11:11:25,2,,100,1,1,2023-04-29 11:11:25,R_ekCMZoDhb0sg6fc,,,,,,,test,,1,3,2,,,,,,,,,,,,,,,,,,,,,,,,,,,,,,,,,,,,,,,,,,,,,,,,,,,,,,,,,,,,,,,,,,,,,,,,,,
2023-04-29 11:11:25,2023-04-29 11:11:25,2,,100,0,1,2023-04-29 11:11:25,R_dhwoeLWoXmLHQ3A,,,,,,,test,,1,1,1,,,,,,,,,,,,,,,,,,,,,,,,,,,,,,,,,,,,,,,,,,,,,,,,,,,,,,,,,,,,,,,,,,,,,,,,,,
2023-04-29 11:11:26,2023-04-29 11:11:26,2,,100,0,1,2023-04-29 11:11:26,R_37QVLsFZQnC6pNQ,,,,,,,test,,1,4,1,,,,,,,,,,,,,,,,,,,,,,,,,,,,,,,,,,,,,,,,,,,,,,,,,,,,,,,,,,,,,,,,,,,,,,,,,,
2023-04-29 11:11:26,2023-04-29 11:11:26,2,,100,0,1,2023-04-29 11:11:26,R_5w3WaoUUgffahOC,,,,,,,test,,1,1,1,,,,,,,,,,,,,,,,,,,,,,,,,,,,,,,,,,,,,,,,,,,,,,,,,,,,,,,,,,,,,,,,,,,,,,,,,,
2023-04-29 11:11:26,2023-04-29 11:11:26,2,,100,0,1,2023-04-29 11:11:27,R_8BLJkOtxunejASW,,,,,,,test,,2,,,,,,,,,,,,,,,,,,,,,,,,,,,,,,,,,,,,,,,,,,,,,,,,,,,,,,,,,,,,,,,,,,,,,,,,,,,,
2023-04-29 11:11:27,2023-04-29 11:11:27,2,,100,0,1,2023-04-29 11:11:27,R_1yPtL3tQj6fsqjQ,,,,,,,test,,2,,,,,,,,,,,,,,,,,,,,,,,,,,,,,,,,,,,,,,,,,,,,,,,,,,,,,,,,,,,,,,,,,,,,,,,,,,,,
2023-04-29 11:11:27,2023-04-29 11:11:27,2,,100,0,1,2023-04-29 11:11:28,R_558zsMKTdTeeCP4,,,,,,,test,,2,,,,,,,,,,,,,,,,,,,,,,,,,,,,,,,,,,,,,,,,,,,,,,,,,,,,,,,,,,,,,,,,,,,,,,,,,,,,
2023-04-29 11:11:28,2023-04-29 11:11:28,2,,100,0,1,2023-04-29 11:11:28,R_0VbUJHOpu3CvZKC,,,,,,,test,,1,4,2,,,,,,,,,,,,,,,,,,,,,,,,,,,,,,,,,,,,,,,,,,,,,,,,,,,,,,,,,,,,,,,,,,,,,,,,,,
2023-04-29 11:11:28,2023-04-29 11:11:28,2,,100,0,1,2023-04-29 11:11:28,R_4PijcDs47AuhLRs,,,,,,,test,,2,,,,,,,,,,,,,,,,,,,,,,,,,,,,,,,,,,,,,,,,,,,,,,,,,,,,,,,,,,,,,,,,,,,,,,,,,,,,
2023-04-29 11:11:29,2023-04-29 11:11:29,2,,100,0,1,2023-04-29 11:11:29,R_0PO4KqUtPq7xHls,,,,,,,test,,2,,,,,,,,,,,,,,,,,,,,,,,,,,,,,,,,,,,,,,,,,,,,,,,,,,,,,,,,,,,,,,,,,,,,,,,,,,,,
2023-04-29 11:11:29,2023-04-29 11:11:29,2,,100,0,1,2023-04-29 11:11:29,R_9H9dfrbzAyPJ4d8,,,,,,,test,,2,,,,,,,,,,,,,,,,,,,,,,,,,,,,,,,,,,,,,,,,,,,,,,,,,,,,,,,,,,,,,,,,,,,,,,,,,,,,
2023-04-29 11:11:30,2023-04-29 11:11:30,2,,100,0,1,2023-04-29 11:11:30,R_77A4lkefs6TqGhw,,,,,,,test,,2,,,,,,,,,,,,,,,,,,,,,,,,,,,,,,,,,,,,,,,,,,,,,,,,,,,,,,,,,,,,,,,,,,,,,,,,,,,,
2023-04-29 11:11:30,2023-04-29 11:11:30,2,,100,0,1,2023-04-29 11:11:30,R_8uZufjzPued2JiS,,,,,,,test,,1,4,2,,,,,,,,,,,,,,,,,,,,,,,,,,,,,,,,,,,,,,,,,,,,,,,,,,,,,,,,,,,,,,,,,,,,,,,,,,
2023-04-29 11:11:30,2023-04-29 11:11:31,2,,100,1,1,2023-04-29 11:11:31,R_265D1XlEtWItOUm,,,,,,,test,,1,2,1,,,,,,,,,,,,,,,,,,,,,,,,,,,,,,,,,,,,,,,,,,,,,,,,,,,,,,,,,,,,,,,,,,,,,,,,,,
2023-04-29 11:11:31,2023-04-29 11:11:31,2,,100,0,1,2023-04-29 11:11:31,R_cG7RMwjcQjlkAuy,,,,,,,test,,2,,,,,,,,,,,,,,,,,,,,,,,,,,,,,,,,,,,,,,,,,,,,,,,,,,,,,,,,,,,,,,,,,,,,,,,,,,,,
2023-04-29 11:11:32,2023-04-29 11:11:32,2,,100,0,1,2023-04-29 11:11:32,R_bKnFhWSnjykP3eK,,,,,,,test,,1,4,1,,,,,,,,,,,,,,,,,,,,,,,,,,,,,,,,,,,,,,,,,,,,,,,,,,,,,,,,,,,,,,,,,,,,,,,,,,
2023-04-29 11:11:32,2023-04-29 11:11:32,2,,100,0,1,2023-04-29 11:11:33,R_8HaL82xyZtFLpd4,,,,,,,test,,1,1,1,,,,,,,,,,,,,,,,,,,,,,,,,,,,,,,,,,,,,,,,,,,,,,,,,,,,,,,,,,,,,,,,,,,,,,,,,,
2023-04-29 11:11:33,2023-04-29 11:11:33,2,,100,0,1,2023-04-29 11:11:33,R_b3JuzmBX5Sm2hfg,,,,,,,test,,2,,,,,,,,,,,,,,,,,,,,,,,,,,,,,,,,,,,,,,,,,,,,,,,,,,,,,,,,,,,,,,,,,,,,,,,,,,,,
2023-04-29 11:11:33,2023-04-29 11:11:33,2,,100,0,1,2023-04-29 11:11:33,R_1FzsQAndNYDwwS2,,,,,,,test,,1,3,1,,,,,,,,,,,,,,,,,,,,,,,,,,,,,,,,,,,,,,,,,,,,,,,,,,,,,,,,,,,,,,,,,,,,,,,,,,
2023-04-29 11:11:34,2023-04-29 11:11:34,2,,100,0,1,2023-04-29 11:11:34,R_6AaOkulT4TQLDy6,,,,,,,test,,1,4,2,,,,,,,,,,,,,,,,,,,,,,,,,,,,,,,,,,,,,,,,,,,,,,,,,,,,,,,,,,,,,,,,,,,,,,,,,,
2023-04-29 11:11:34,2023-04-29 11:11:34,2,,100,0,1,2023-04-29 11:11:34,R_bDb4iOkoKk4cgK2,,,,,,,test,,2,,,,,,,,,,,,,,,,,,,,,,,,,,,,,,,,,,,,,,,,,,,,,,,,,,,,,,,,,,,,,,,,,,,,,,,,,,,,
2023-04-29 11:11:35,2023-04-29 11:11:35,2,,100,0,1,2023-04-29 11:11:35,R_cHcOHvsB7nwUXfo,,,,,,,test,,2,,,,,,,,,,,,,,,,,,,,,,,,,,,,,,,,,,,,,,,,,,,,,,,,,,,,,,,,,,,,,,,,,,,,,,,,,,,,
2023-04-29 11:11:35,2023-04-29 11:11:35,2,,100,0,1,2023-04-29 11:11:35,R_b2swm13d6sQfDGS,,,,,,,test,,2,,,,,,,,,,,,,,,,,,,,,,,,,,,,,,,,,,,,,,,,,,,,,,,,,,,,,,,,,,,,,,,,,,,,,,,,,,,,
2023-04-29 11:11:35,2023-04-29 11:11:35,2,,100,0,1,2023-04-29 11:11:36,R_bsfbjRTQbzzKILk,,,,,,,test,,1,3,2,,,,,,,,,,,,,,,,,,,,,,,,,,,,,,,,,,,,,,,,,,,,,,,,,,,,,,,,,,,,,,,,,,,,,,,,,,
2023-04-29 11:11:36,2023-04-29 11:11:36,2,,100,0,1,2023-04-29 11:11:36,R_73qakoL4UmBe9Bc,,,,,,,test,,2,,,,,,,,,,,,,,,,,,,,,,,,,,,,,,,,,,,,,,,,,,,,,,,,,,,,,,,,,,,,,,,,,,,,,,,,,,,,
2023-04-29 11:11:36,2023-04-29 11:11:36,2,,100,0,1,2023-04-29 11:11:37,R_72m8FuQezYvohU2,,,,,,,test,,1,2,1,,,,,,,,,,,,,,,,,,,,,,,,,,,,,,,,,,,,,,,,,,,,,,,,,,,,,,,,,,,,,,,,,,,,,,,,,,
2023-04-29 11:11:37,2023-04-29 11:11:37,2,,100,0,1,2023-04-29 11:11:37,R_bdZbNUfrqAndztI,,,,,,,test,,1,4,2,,,,,,,,,,,,,,,,,,,,,,,,,,,,,,,,,,,,,,,,,,,,,,,,,,,,,,,,,,,,,,,,,,,,,,,,,,
2023-04-29 11:11:37,2023-04-29 11:11:37,2,,100,0,1,2023-04-29 11:11:38,R_79bRIyiwJZjxOQu,,,,,,,test,,2,,,,,,,,,,,,,,,,,,,,,,,,,,,,,,,,,,,,,,,,,,,,,,,,,,,,,,,,,,,,,,,,,,,,,,,,,,,,
2023-04-29 11:11:38,2023-04-29 11:11:38,2,,100,0,1,2023-04-29 11:11:38,R_6FJ2QWO5Uzig9L0,,,,,,,test,,2,,,,,,,,,,,,,,,,,,,,,,,,,,,,,,,,,,,,,,,,,,,,,,,,,,,,,,,,,,,,,,,,,,,,,,,,,,,,
2023-04-29 11:11:38,2023-04-29 11:11:38,2,,100,0,1,2023-04-29 11:11:38,R_emkQeogUsb1ud9A,,,,,,,test,,2,,,,,,,,,,,,,,,,,,,,,,,,,,,,,,,,,,,,,,,,,,,,,,,,,,,,,,,,,,,,,,,,,,,,,,,,,,,,
2023-04-29 11:11:39,2023-04-29 11:11:39,2,,100,0,1,2023-04-29 11:11:39,R_0J03w0EISs6raDA,,,,,,,test,,2,,,,,,,,,,,,,,,,,,,,,,,,,,,,,,,,,,,,,,,,,,,,,,,,,,,,,,,,,,,,,,,,,,,,,,,,,,,,
2023-04-29 11:11:39,2023-04-29 11:11:39,2,,100,0,1,2023-04-29 11:11:39,R_9NqAp3CgOyqGcmO,,,,,,,test,,2,,,,,,,,,,,,,,,,,,,,,,,,,,,,,,,,,,,,,,,,,,,,,,,,,,,,,,,,,,,,,,,,,,,,,,,,,,,,
2023-04-29 11:11:40,2023-04-29 11:11:40,2,,100,0,1,2023-04-29 11:11:40,R_9QwLD0WEdeKHJHw,,,,,,,test,,2,,,,,,,,,,,,,,,,,,,,,,,,,,,,,,,,,,,,,,,,,,,,,,,,,,,,,,,,,,,,,,,,,,,,,,,,,,,,
2023-04-29 11:11:40,2023-04-29 11:11:40,2,,100,0,1,2023-04-29 11:11:40,R_3qi5OXIgpHIVHw2,,,,,,,test,,2,,,,,,,,,,,,,,,,,,,,,,,,,,,,,,,,,,,,,,,,,,,,,,,,,,,,,,,,,,,,,,,,,,,,,,,,,,,,
2023-04-29 11:11:40,2023-04-29 11:11:40,2,,100,0,1,2023-04-29 11:11:41,R_eV6qRF7RjHt5FFI,,,,,,,test,,1,1,1,,,,,,,,,,,,,,,,,,,,,,,,,,,,,,,,,,,,,,,,,,,,,,,,,,,,,,,,,,,,,,,,,,,,,,,,,,
2023-04-29 11:11:41,2023-04-29 11:11:41,2,,100,0,1,2023-04-29 11:11:41,R_8oVnZOYSW82jDM2,,,,,,,test,,1,2,1,,,,,,,,,,,,,,,,,,,,,,,,,,,,,,,,,,,,,,,,,,,,,,,,,,,,,,,,,,,,,,,,,,,,,,,,,,
2023-04-29 11:11:41,2023-04-29 11:11:41,2,,100,0,1,2023-04-29 11:11:42,R_1S2C2AOWctezmAe,,,,,,,test,,2,,,,,,,,,,,,,,,,,,,,,,,,,,,,,,,,,,,,,,,,,,,,,,,,,,,,,,,,,,,,,,,,,,,,,,,,,,,,
2023-04-29 11:11:42,2023-04-29 11:11:42,2,,100,0,1,2023-04-29 11:11:42,R_2a8YzjhDBB1NRbw,,,,,,,test,,2,,,,,,,,,,,,,,,,,,,,,,,,,,,,,,,,,,,,,,,,,,,,,,,,,,,,,,,,,,,,,,,,,,,,,,,,,,,,
2023-04-29 11:11:42,2023-04-29 11:11:42,2,,100,0,1,2023-04-29 11:11:43,R_b8xljL3cVaaEFSK,,,,,,,test,,2,,,,,,,,,,,,,,,,,,,,,,,,,,,,,,,,,,,,,,,,,,,,,,,,,,,,,,,,,,,,,,,,,,,,,,,,,,,,
2023-04-29 11:11:43,2023-04-29 11:11:43,2,,100,0,1,2023-04-29 11:11:43,R_basxzvChMBULNrg,,,,,,,test,,2,,,,,,,,,,,,,,,,,,,,,,,,,,,,,,,,,,,,,,,,,,,,,,,,,,,,,,,,,,,,,,,,,,,,,,,,,,,,
2023-04-29 11:11:43,2023-04-29 11:11:43,2,,100,0,1,2023-04-29 11:11:43,R_0jig5A78yN2ckZg,,,,,,,test,,1,1,1,,,,,,,,,,,,,,,,,,,,,,,,,,,,,,,,,,,,,,,,,,,,,,,,,,,,,,,,,,,,,,,,,,,,,,,,,,
2023-04-29 11:11:44,2023-04-29 11:11:44,2,,100,0,1,2023-04-29 11:11:44,R_0rDqx5jYOaPm4D4,,,,,,,test,,2,,,,,,,,,,,,,,,,,,,,,,,,,,,,,,,,,,,,,,,,,,,,,,,,,,,,,,,,,,,,,,,,,,,,,,,,,,,,
2023-04-29 11:11:44,2023-04-29 11:11:44,2,,100,0,1,2023-04-29 11:11:44,R_42DuBETRXVOh5uS,,,,,,,test,,2,,,,,,,,,,,,,,,,,,,,,,,,,,,,,,,,,,,,,,,,,,,,,,,,,,,,,,,,,,,,,,,,,,,,,,,,,,,,
2023-04-29 11:11:45,2023-04-29 11:11:45,2,,100,0,1,2023-04-29 11:11:45,R_0BMbRkqnX753kGO,,,,,,,test,,2,,,,,,,,,,,,,,,,,,,,,,,,,,,,,,,,,,,,,,,,,,,,,,,,,,,,,,,,,,,,,,,,,,,,,,,,,,,,
2023-04-29 11:11:45,2023-04-29 11:11:45,2,,100,0,1,2023-04-29 11:11:45,R_bkCBtiMaX113Hx4,,,,,,,test,,1,1,1,,,,,,,,,,,,,,,,,,,,,,,,,,,,,,,,,,,,,,,,,,,,,,,,,,,,,,,,,,,,,,,,,,,,,,,,,,
2023-04-29 11:11:45,2023-04-29 11:11:45,2,,100,0,1,2023-04-29 11:11:46,R_br2qoFJtu0Lb9TU,,,,,,,test,,1,4,2,,,,,,,,,,,,,,,,,,,,,,,,,,,,,,,,,,,,,,,,,,,,,,,,,,,,,,,,,,,,,,,,,,,,,,,,,,
2023-04-29 11:11:46,2023-04-29 11:11:46,2,,100,0,1,2023-04-29 11:11:46,R_1FiEiGZiC4LHshw,,,,,,,test,,1,1,2,,,,,,,,,,,,,,,,,,,,,,,,,,,,,,,,,,,,,,,,,,,,,,,,,,,,,,,,,,,,,,,,,,,,,,,,,,
2023-04-29 11:11:46,2023-04-29 11:11:46,2,,100,0,1,2023-04-29 11:11:47,R_blRI1cs9o75O9My,,,,,,,test,,1,4,1,,,,,,,,,,,,,,,,,,,,,,,,,,,,,,,,,,,,,,,,,,,,,,,,,,,,,,,,,,,,,,,,,,,,,,,,,,
2023-04-29 11:11:47,2023-04-29 11:11:47,2,,100,0,1,2023-04-29 11:11:47,R_6mU7QlbuxynOJQq,,,,,,,test,,1,2,1,,,,,,,,,,,,,,,,,,,,,,,,,,,,,,,,,,,,,,,,,,,,,,,,,,,,,,,,,,,,,,,,,,,,,,,,,,
2023-04-29 11:11:47,2023-04-29 11:11:47,2,,100,0,1,2023-04-29 11:11:47,R_3K0SMtPhbW23vnM,,,,,,,test,,2,,,,,,,,,,,,,,,,,,,,,,,,,,,,,,,,,,,,,,,,,,,,,,,,,,,,,,,,,,,,,,,,,,,,,,,,,,,,
2023-04-29 11:11:48,2023-04-29 11:11:48,2,,100,0,1,2023-04-29 11:11:48,R_cZPIQog1gStDN8W,,,,,,,test,,1,3,1,,,,,,,,,,,,,,,,,,,,,,,,,,,,,,,,,,,,,,,,,,,,,,,,,,,,,,,,,,,,,,,,,,,,,,,,,,
2023-04-29 11:11:48,2023-04-29 11:11:48,2,,100,0,1,2023-04-29 11:11:48,R_2hkDluMsN7tb7ue,,,,,,,test,,1,1,2,,,,,,,,,,,,,,,,,,,,,,,,,,,,,,,,,,,,,,,,,,,,,,,,,,,,,,,,,,,,,,,,,,,,,,,,,,
2023-04-29 11:11:49,2023-04-29 11:11:49,2,,100,0,1,2023-04-29 11:11:49,R_ehDz3JD9Th7sfKS,,,,,,,test,,1,4,2,,,,,,,,,,,,,,,,,,,,,,,,,,,,,,,,,,,,,,,,,,,,,,,,,,,,,,,,,,,,,,,,,,,,,,,,,,
2023-04-29 11:11:49,2023-04-29 11:11:49,2,,100,0,1,2023-04-29 11:11:49,R_7aNeoplDI4freZM,,,,,,,test,,2,,,,,,,,,,,,,,,,,,,,,,,,,,,,,,,,,,,,,,,,,,,,,,,,,,,,,,,,,,,,,,,,,,,,,,,,,,,,
2023-04-29 11:11:50,2023-04-29 11:11:50,2,,100,0,1,2023-04-29 11:11:50,R_9SIMJq5I0uo05im,,,,,,,test,,2,,,,,,,,,,,,,,,,,,,,,,,,,,,,,,,,,,,,,,,,,,,,,,,,,,,,,,,,,,,,,,,,,,,,,,,,,,,,
2023-04-29 11:11:50,2023-04-29 11:11:50,2,,100,0,1,2023-04-29 11:11:50,R_cT1251RXhCypejs,,,,,,,test,,1,3,1,,,,,,,,,,,,,,,,,,,,,,,,,,,,,,,,,,,,,,,,,,,,,,,,,,,,,,,,,,,,,,,,,,,,,,,,,,
2023-04-29 11:11:51,2023-04-29 11:11:51,2,,100,0,1,2023-04-29 11:11:51,R_6fbWYYnKS9Rww4u,,,,,,,test,,2,,,,,,,,,,,,,,,,,,,,,,,,,,,,,,,,,,,,,,,,,,,,,,,,,,,,,,,,,,,,,,,,,,,,,,,,,,,,
2023-04-29 11:11:51,2023-04-29 11:11:51,2,,100,0,1,2023-04-29 11:11:51,R_1NcnAVOpRLpqk9E,,,,,,,test,,1,3,2,,,,,,,,,,,,,,,,,,,,,,,,,,,,,,,,,,,,,,,,,,,,,,,,,,,,,,,,,,,,,,,,,,,,,,,,,,
2023-04-29 11:11:52,2023-04-29 11:11:52,2,,100,0,1,2023-04-29 11:11:52,R_0rfgvGuWkWqOwZM,,,,,,,test,,1,4,2,,,,,,,,,,,,,,,,,,,,,,,,,,,,,,,,,,,,,,,,,,,,,,,,,,,,,,,,,,,,,,,,,,,,,,,,,,
2023-04-29 11:11:52,2023-04-29 11:11:52,2,,100,0,1,2023-04-29 11:11:52,R_5ifGgY0DPuHffq6,,,,,,,test,,2,,,,,,,,,,,,,,,,,,,,,,,,,,,,,,,,,,,,,,,,,,,,,,,,,,,,,,,,,,,,,,,,,,,,,,,,,,,,
2023-04-29 11:11:52,2023-04-29 11:11:52,2,,100,0,1,2023-04-29 11:11:53,R_3HLy3ppiZOXDYk6,,,,,,,test,,2,,,,,,,,,,,,,,,,,,,,,,,,,,,,,,,,,,,,,,,,,,,,,,,,,,,,,,,,,,,,,,,,,,,,,,,,,,,,
2023-04-29 11:11:53,2023-04-29 11:11:53,2,,100,0,1,2023-04-29 11:11:53,R_3F1VuRTS52KiaIC,,,,,,,test,,2,,,,,,,,,,,,,,,,,,,,,,,,,,,,,,,,,,,,,,,,,,,,,,,,,,,,,,,,,,,,,,,,,,,,,,,,,,,,
2023-04-29 11:11:53,2023-04-29 11:11:53,2,,100,0,1,2023-04-29 11:11:54,R_cU4cBB0haY4PeVo,,,,,,,test,,2,,,,,,,,,,,,,,,,,,,,,,,,,,,,,,,,,,,,,,,,,,,,,,,,,,,,,,,,,,,,,,,,,,,,,,,,,,,,
2023-04-29 11:11:54,2023-04-29 11:11:54,2,,100,0,1,2023-04-29 11:11:54,R_aVIsXXMh7svjTOS,,,,,,,test,,2,,,,,,,,,,,,,,,,,,,,,,,,,,,,,,,,,,,,,,,,,,,,,,,,,,,,,,,,,,,,,,,,,,,,,,,,,,,,
2023-04-29 11:11:54,2023-04-29 11:11:54,2,,100,0,1,2023-04-29 11:11:54,R_5pXc0wgCod9nITc,,,,,,,test,,1,1,2,,,,,,,,,,,,,,,,,,,,,,,,,,,,,,,,,,,,,,,,,,,,,,,,,,,,,,,,,,,,,,,,,,,,,,,,,,
2023-04-29 11:11:55,2023-04-29 11:11:55,2,,100,0,1,2023-04-29 11:11:55,R_54oBAvNWzEWhrsW,,,,,,,test,,1,2,1,,,,,,,,,,,,,,,,,,,,,,,,,,,,,,,,,,,,,,,,,,,,,,,,,,,,,,,,,,,,,,,,,,,,,,,,,,
2023-04-29 11:11:55,2023-04-29 11:11:55,2,,100,0,1,2023-04-29 11:11:55,R_erPNy0FwIxC6ofQ,,,,,,,test,,2,,,,,,,,,,,,,,,,,,,,,,,,,,,,,,,,,,,,,,,,,,,,,,,,,,,,,,,,,,,,,,,,,,,,,,,,,,,,
2023-04-29 11:11:56,2023-04-29 11:11:56,2,,100,0,1,2023-04-29 11:11:56,R_8GSgBHfnEPNEkkK,,,,,,,test,,1,1,1,,,,,,,,,,,,,,,,,,,,,,,,,,,,,,,,,,,,,,,,,,,,,,,,,,,,,,,,,,,,,,,,,,,,,,,,,,
2023-04-29 11:11:56,2023-04-29 11:11:56,2,,100,0,1,2023-04-29 11:11:56,R_bQsNcahmL9IBOOG,,,,,,,test,,2,,,,,,,,,,,,,,,,,,,,,,,,,,,,,,,,,,,,,,,,,,,,,,,,,,,,,,,,,,,,,,,,,,,,,,,,,,,,
2023-04-29 11:11:57,2023-04-29 11:11:57,2,,100,0,1,2023-04-29 11:11:57,R_3WYrzfkmt8SrMIm,,,,,,,test,,1,4,1,,,,,,,,,,,,,,,,,,,,,,,,,,,,,,,,,,,,,,,,,,,,,,,,,,,,,,,,,,,,,,,,,,,,,,,,,,
2023-04-29 11:11:57,2023-04-29 11:11:57,2,,100,0,1,2023-04-29 11:11:57,R_eDtcV0pxuIpAx7w,,,,,,,test,,1,1,2,,,,,,,,,,,,,,,,,,,,,,,,,,,,,,,,,,,,,,,,,,,,,,,,,,,,,,,,,,,,,,,,,,,,,,,,,,
2023-04-29 11:11:57,2023-04-29 11:11:57,2,,100,0,1,2023-04-29 11:11:58,R_2lYX6U1X75KxPBc,,,,,,,test,,1,2,1,,,,,,,,,,,,,,,,,,,,,,,,,,,,,,,,,,,,,,,,,,,,,,,,,,,,,,,,,,,,,,,,,,,,,,,,,,
2023-04-29 11:11:58,2023-04-29 11:11:58,2,,100,0,1,2023-04-29 11:11:58,R_bQLIzNkWxkcVOjI,,,,,,,test,,1,4,2,,,,,,,,,,,,,,,,,,,,,,,,,,,,,,,,,,,,,,,,,,,,,,,,,,,,,,,,,,,,,,,,,,,,,,,,,,
2023-04-29 11:11:58,2023-04-29 11:11:58,2,,100,0,1,2023-04-29 11:11:59,R_bK36AadCxkBQnHg,,,,,,,test,,2,,,,,,,,,,,,,,,,,,,,,,,,,,,,,,,,,,,,,,,,,,,,,,,,,,,,,,,,,,,,,,,,,,,,,,,,,,,,
2023-04-29 11:11:59,2023-04-29 11:11:59,2,,100,0,1,2023-04-29 11:11:59,R_5d9Ylc4SrvtKXxs,,,,,,,test,,1,4,1,,,,,,,,,,,,,,,,,,,,,,,,,,,,,,,,,,,,,,,,,,,,,,,,,,,,,,,,,,,,,,,,,,,,,,,,,,
2023-04-29 11:11:59,2023-04-29 11:11:59,2,,100,0,1,2023-04-29 11:12:00,R_0VYcv21hZikLN9c,,,,,,,test,,1,1,2,,,,,,,,,,,,,,,,,,,,,,,,,,,,,,,,,,,,,,,,,,,,,,,,,,,,,,,,,,,,,,,,,,,,,,,,,,
2023-04-29 11:12:00,2023-04-29 11:12:00,2,,100,0,1,2023-04-29 11:12:00,R_4M9ITnllfNd2ZuK,,,,,,,test,,2,,,,,,,,,,,,,,,,,,,,,,,,,,,,,,,,,,,,,,,,,,,,,,,,,,,,,,,,,,,,,,,,,,,,,,,,,,,,
2023-04-29 11:12:00,2023-04-29 11:12:00,2,,100,0,1,2023-04-29 11:12:00,R_e9hbKOZAEUNVMlE,,,,,,,test,,2,,,,,,,,,,,,,,,,,,,,,,,,,,,,,,,,,,,,,,,,,,,,,,,,,,,,,,,,,,,,,,,,,,,,,,,,,,,,
2023-04-29 11:12:01,2023-04-29 11:12:01,2,,100,0,1,2023-04-29 11:12:01,R_elnPO24jYk18aKG,,,,,,,test,,1,2,1,,,,,,,,,,,,,,,,,,,,,,,,,,,,,,,,,,,,,,,,,,,,,,,,,,,,,,,,,,,,,,,,,,,,,,,,,,
2023-04-29 11:12:01,2023-04-29 11:12:01,2,,100,0,1,2023-04-29 11:12:02,R_cUevkQqI4Lqsvc2,,,,,,,test,,1,2,2,,,,,,,,,,,,,,,,,,,,,,,,,,,,8.53,9.37,9.87,41,0.08,3.7,8.12,29,26,74,91,58,64,,,,,,,,,,,,,,,2,2,55,2,,Sagittis viverra morbi ipsum sodales accumsan nulla egestas aenean vitae! Eros.,3,,,,FL_54,,,,,Q231|vB_frm_liab_AV|vA_liab_AV,Q234|vA_cntrfctl_AV|vB_cntrfctl_AV|avoid_AV,,,
2023-04-29 11:12:02,2023-04-29 11:12:02,2,,100,0,1,2023-04-29 11:12:02,R_9mBzCodiFLqNWom,,,,,,,test,,1,3,2,,,,,,,,,,,,,,,,,,,,,,,,,,,,,,,,,,,,,,,,,,,,,,,,,,,,,,,,,,,,,,,,,,,,,,,,,,
2023-04-29 11:12:02,2023-04-29 11:12:03,2,,100,1,1,2023-04-29 11:12:03,R_cMTw1DqIAFm3OCy,,,,,,,test,,1,2,2,,,,,,,,,,,,,,,,,,,,,,,,,,,,,,,,,,,,,,,,,9.13,9.66,9.79,24,0.32,8.35,9.59,49,84,43,13,77,84,1,2,2,65,2,,"Orci, phasellus placerat aenean pede fermentum atque risus facilisis mattis.",6,,,,FL_58,,,,,,,Q243|vA_liab|vB_drivr_liab|vB_frm_liab,Q247|vB_cntrfctl|vA_cntrfctl|avoid,
2023-04-29 11:12:03,2023-04-29 11:12:03,2,,100,0,1,2023-04-29 11:12:03,R_e8uPIoyKBnLXwhM,,,,,,,test,,2,,,,,,,,,,,,,,,,,,,,,,,,,,,,,,,,,,,,,,,,,,,,,,,,,,,,,,,,,,,,,,,,,,,,,,,,,,,,
2023-04-29 11:12:03,2023-04-29 11:12:03,2,,100,0,1,2023-04-29 11:12:04,R_dcewuJEfpvB7rbU,,,,,,,test,,2,,,,,,,,,,,,,,,,,,,,,,,,,,,,,,,,,,,,,,,,,,,,,,,,,,,,,,,,,,,,,,,,,,,,,,,,,,,,
2023-04-29 11:12:04,2023-04-29 11:12:04,2,,100,0,1,2023-04-29 11:12:04,R_aXBckOhIpvSQO9M,,,,,,,test,,2,,,,,,,,,,,,,,,,,,,,,,,,,,,,,,,,,,,,,,,,,,,,,,,,,,,,,,,,,,,,,,,,,,,,,,,,,,,,
2023-04-29 11:12:04,2023-04-29 11:12:04,2,,100,0,1,2023-04-29 11:12:05,R_e4op4hvIydablUW,,,,,,,test,,2,,,,,,,,,,,,,,,,,,,,,,,,,,,,,,,,,,,,,,,,,,,,,,,,,,,,,,,,,,,,,,,,,,,,,,,,,,,,
2023-04-29 11:12:05,2023-04-29 11:12:05,2,,100,0,1,2023-04-29 11:12:05,R_emTawAG2mbRqHky,,,,,,,test,,2,,,,,,,,,,,,,,,,,,,,,,,,,,,,,,,,,,,,,,,,,,,,,,,,,,,,,,,,,,,,,,,,,,,,,,,,,,,,
2023-04-29 11:12:05,2023-04-29 11:12:05,2,,100,0,1,2023-04-29 11:12:05,R_8CHhrlEKOrpUqVw,,,,,,,test,,1,1,2,,,,,,,,,,,,,,,,,,,,,,,,,,,,,,,,,,,,,,,,,,,,,,,,,,,,,,,,,,,,,,,,,,,,,,,,,,
